mickey_daniels;actedin;the_big_show_(1923_film);mickey_daniels;actedin;stage_fright_(1923_film);;;;;;;;;;0.7477169632911682;0.6147357821464539;1;1
francis_crick;haswonprize;albert_lasker_award_for_basic_medical_research;francis_crick;haswonprize;nobel_prize_in_physiology_or_medicine;;;;;;;;;;0.40597209334373474;0.06734137237071991;1;8
rekha;haswonprize;filmfare_awards;rekha;actedin;silsila_(film);;;;;;;;;;0.9926314353942871;0.9960175156593323;1;1
miklós_gaál;isaffiliatedto;c.s._marítimo;miklós_gaál;playsfor;c.s._marítimo;;;;;;;;;;0.7176251411437988;3.7754783988930285e-05;1;9142
alexander_hleb;isaffiliatedto;fc_bate_borisov;alexander_hleb;isaffiliatedto;belarus_national_football_team;;;;;;;;;;0.7576730847358704;0.9251378774642944;1;1
emiliano_dudar;isaffiliatedto;club_libertad;emiliano_dudar;playsfor;club_libertad;;;;;;;;;;0.7838196754455566;0.003440426429733634;1;166
omar_sebastián_monesterolo;isaffiliatedto;east_bengal_f.c.;omar_sebastián_monesterolo;playsfor;east_bengal_f.c.;;;;;;;;;;0.7703657150268555;9.346478691441007e-06;1;49631
tudorel_stoica;isaffiliatedto;f.c._steaua_bucureşti;tudorel_stoica;isaffiliatedto;r.c._lens;;;;;;;;;;0.5618847012519836;0.22926747798919678;1;2
john_kerr_sr.;isaffiliatedto;new_york_cosmos;john_kerr_sr.;playsfor;new_york_cosmos;;;;;;;;;;0.8603577017784119;0.011324062943458557;1;15
alexandros_tziolis;isaffiliatedto;a.c._siena;alexandros_tziolis;playsfor;a.c._siena;;;;;;;;;;0.4504833519458771;0.0005282983183860779;1;381
david_cowan_(footballer);isaffiliatedto;cowdenbeath_f.c.;david_cowan_(footballer);playsfor;cowdenbeath_f.c.;;;;;;;;;;0.85884028673172;0.010747043415904045;1;21
harri_ylönen;isaffiliatedto;finland_national_football_team;harri_ylönen;playsfor;finland_national_football_team;;;;;;;;;;0.832629382610321;0.055828630924224854;1;4
nicolas_penneteau;isaffiliatedto;france_national_under-20_football_team;nicolas_penneteau;playsfor;france_national_under-20_football_team;;;;;;;;;;0.9121811985969543;0.06123427674174309;1;1
giovanni_stroppa;isaffiliatedto;foggia_calcio;giovanni_stroppa;isaffiliatedto;a.c._monza_brianza_1912;;;;;;;;;;0.7283839583396912;0.8315214514732361;1;2
shpëtim_hasani;isaffiliatedto;sakaryaspor;shpëtim_hasani;playsfor;sakaryaspor;;;;;;;;;;0.9045489430427551;0.0002527789038140327;1;657
andrea_esposito;isaffiliatedto;u.s._lecce;andrea_esposito;playsfor;u.s._lecce;;;;;;;;;;0.8874989151954651;0.09715926647186279;1;1
adam_smith_(footballer_born_february_1985);isaffiliatedto;chesterfield_f.c.;adam_smith_(footballer_born_february_1985);playsfor;chesterfield_f.c.;;;;;;;;;;0.8286740183830261;0.02002486027777195;1;6
wellington_sánchez;isaffiliatedto;universidad_católica_del_ecuador;wellington_sánchez;playsfor;universidad_católica_del_ecuador;;;;;;;;;;0.9027898907661438;0.025895772501826286;1;9
matthieu_bochu;isaffiliatedto;ravenna_f.c.;matthieu_bochu;playsfor;ravenna_f.c.;;;;;;;;;;0.7249953746795654;0.0022162990644574165;1;142
ercole_rabitti;isaffiliatedto;a.c._fanfulla_1874;ercole_rabitti;playsfor;a.c._fanfulla_1874;;;;;;;;;;0.5455347895622253;0.00022347940830513835;1;742
roger_lemerre;isaffiliatedto;france_national_football_team;roger_lemerre;playsfor;france_national_football_team;;;;;;;;;;0.8807467222213745;0.06136968731880188;1;3
don_donovan;isaffiliatedto;republic_of_ireland_national_football_team;don_donovan;playsfor;republic_of_ireland_national_football_team;;;;;;;;;;0.7851403951644897;0.0012775261420756578;1;76
tiago_costa;isaffiliatedto;olympiakos_nicosia;tiago_costa;playsfor;olympiakos_nicosia;;;;;;;;;;0.8473460674285889;0.0028292289935052395;1;138
fernando_muñoz;isaffiliatedto;spain_national_football_team;fernando_muñoz;isaffiliatedto;spain_national_under-21_football_team;;;;;;;;;;0.956376850605011;0.8587499856948853;1;1
glenn_helder;isaffiliatedto;nac_breda;glenn_helder;playsfor;nac_breda;;;;;;;;;;0.9489426016807556;0.04811269789934158;1;8
mark_paston;isaffiliatedto;napier_city_rovers_fc;mark_paston;playsfor;napier_city_rovers_fc;;;;;;;;;;0.6245999932289124;0.00024604322970844805;1;377
vítor_moreno;isaffiliatedto;c.f._benfica;vítor_moreno;playsfor;c.f._benfica;;;;;;;;;;0.5628823637962341;0.007281379774212837;1;49
wayne_cegielski;isaffiliatedto;wales_national_under-21_football_team;wayne_cegielski;playsfor;wales_national_under-21_football_team;;;;;;;;;;0.91213458776474;0.00998518243432045;1;31
adrie_van_kraay;isaffiliatedto;netherlands_national_football_team;adrie_van_kraay;playsfor;netherlands_national_football_team;;;;;;;;;;0.8146255016326904;0.042996846139431;1;2
lars_winde;isaffiliatedto;sc_bregenz;lars_winde;playsfor;sc_bregenz;;;;;;;;;;0.7074747085571289;1.1770009223255329e-05;1;25905
alo_bärengrub;isaffiliatedto;fc_lelle;alo_bärengrub;playsfor;fc_lelle;;;;;;;;;;0.7591802477836609;0.019874703139066696;1;9
andy_rammell;isaffiliatedto;forest_green_rovers_f.c.;andy_rammell;playsfor;forest_green_rovers_f.c.;;;;;;;;;;0.5852404832839966;0.0037934842985123396;1;60
octavian_abrudan;isaffiliatedto;acf_gloria_bistrița;octavian_abrudan;playsfor;acf_gloria_bistrița;;;;;;;;;;0.6585593819618225;0.06671175360679626;1;3
mark_barnard_(footballer);isaffiliatedto;harrogate_town_f.c.;mark_barnard_(footballer);playsfor;harrogate_town_f.c.;;;;;;;;;;0.7303566932678223;0.06113022193312645;1;5
alex_tayo_akande;isaffiliatedto;eastern_aa;alex_tayo_akande;isaffiliatedto;hong_kong_rangers_fc;;;;;;;;;;0.9548572301864624;0.934061586856842;1;2
ilias_haddad;isaffiliatedto;sc_telstar;ilias_haddad;playsfor;sc_telstar;;;;;;;;;;0.7625171542167664;0.0002979485143441707;1;119
alex_pearce;isaffiliatedto;scotland_national_under-21_football_team;alex_pearce;playsfor;scotland_national_under-21_football_team;;;;;;;;;;0.8480914831161499;0.030971601605415344;1;5
timo_gebhart;isaffiliatedto;vfb_stuttgart;timo_gebhart;playsfor;vfb_stuttgart;;;;;;;;;;0.9229283332824707;0.06435869634151459;1;5
josé_zalazar;isaffiliatedto;estudiantes_tecos;josé_zalazar;playsfor;estudiantes_tecos;;;;;;;;;;0.6857739090919495;3.554435170372017e-05;1;8153
ryan_johnson_(soccer);isaffiliatedto;toronto_fc;ryan_johnson_(soccer);isaffiliatedto;toronto_f.c.;;;;;;;;;;0.33590972423553467;0.019134527072310448;1;30
hossein_sadaghiani;isaffiliatedto;r._charleroi_s.c.;hossein_sadaghiani;isaffiliatedto;r.o.c._de_charleroi-marchienne;;;;;;;;;;0.8127855658531189;0.8237975239753723;1;1
aleix_vidal;isaffiliatedto;panthrakikos_f.c.;aleix_vidal;playsfor;panthrakikos_f.c.;;;;;;;;;;0.8523322343826294;7.128382276277989e-05;1;3942
jesús_turiel;isaffiliatedto;real_valladolid_b;jesús_turiel;playsfor;real_valladolid_b;;;;;;;;;;0.6834036707878113;0.014577934518456459;1;26
jari_niemi;isaffiliatedto;finland_national_football_team;jari_niemi;playsfor;finland_national_football_team;;;;;;;;;;0.6020085215568542;0.01418269518762827;1;11
spencer_evans;isaffiliatedto;port_vale_f.c.;spencer_evans;playsfor;port_vale_f.c.;;;;;;;;;;0.8752543926239014;0.016736477613449097;1;5
vasil_gigiadze;isaffiliatedto;fc_samtredia;vasil_gigiadze;isaffiliatedto;fc_naftovyk-ukrnafta_okhtyrka;;;;;;;;;;0.8168389797210693;0.7374319434165955;1;2
nassim_ben_khalifa;isaffiliatedto;switzerland_national_under-17_football_team;nassim_ben_khalifa;playsfor;switzerland_national_under-17_football_team;;;;;;;;;;0.8082879781723022;0.00561336986720562;1;31
daouda_kanté;isaffiliatedto;st._louis_steamers_(1998–2006);daouda_kanté;playsfor;st._louis_steamers_(1998–2006);;;;;;;;;;0.7687825560569763;0.003097446169704199;1;43
jacques_glassmann;isaffiliatedto;tours_fc;jacques_glassmann;isaffiliatedto;rc_strasbourg;;;;;;;;;;0.7404958605766296;0.4616577625274658;1;2
fernando_chemin_radaelli;isaffiliatedto;união_agrícola_barbarense_futebol_clube;fernando_chemin_radaelli;playsfor;união_agrícola_barbarense_futebol_clube;;;;;;;;;;0.7301061749458313;0.007208057679235935;1;38
helmut_haller;isaffiliatedto;bologna_f.c._1909;helmut_haller;playsfor;bologna_f.c._1909;;;;;;;;;;0.9134016036987305;0.0008813259773887694;1;124
cheikh_gueye;isaffiliatedto;fc_metz;cheikh_gueye;playsfor;fc_metz;;;;;;;;;;0.9137044548988342;0.6036328673362732;1;1
baie-comeau_airport;isconnectedto;sept-îles_airport;sept-îles_airport;isconnectedto;baie-comeau_airport;;;;;;;;;;0.9220842719078064;0.7381189465522766;1;3
abu_dhabi_international_airport;isconnectedto;tribhuvan_international_airport;tribhuvan_international_airport;isconnectedto;abu_dhabi_international_airport;;;;;;;;;;0.974172830581665;0.5029001832008362;1;37
gujarat;islocatedin;gandhinagar;gandhinagar;islocatedin;gujarat;;;;;;;;;;0.5957319140434265;0.3812654912471771;1;1
järva_county;islocatedin;paide;paide;islocatedin;järva_county;;;;;;;;;;0.5622095465660095;0.16789574921131134;1;2
tyler;islocatedin;smith_county_texas;smith_county_texas;islocatedin;tyler;;;;;;;;;;0.35203245282173157;0.0002694773720577359;1;305
mike_twellman;playsfor;dallas_sidekicks_(1984–2004);mike_twellman;isaffiliatedto;dallas_sidekicks_(1984–2004);;;;;;;;;;0.7024021744728088;0.000975825940258801;1;109
kostas_chalkias;playsfor;real_murcia;kostas_chalkias;isaffiliatedto;real_murcia;;;;;;;;;;0.8414568901062012;0.12366987764835358;1;2
peter_løvenkrands;playsfor;fc_schalke_04;peter_løvenkrands;isaffiliatedto;fc_schalke_04;;;;;;;;;;0.7934302687644958;0.0002300515625393018;1;327
pontus_farnerud;playsfor;landskrona_bois;pontus_farnerud;isaffiliatedto;landskrona_bois;;;;;;;;;;0.6810911893844604;0.025324495509266853;1;10
paíto;playsfor;sporting_clube_de_portugal;paíto;isaffiliatedto;sporting_clube_de_portugal;;;;;;;;;;0.8967927098274231;0.08355081081390381;1;2
lamin_conteh;playsfor;sierra_leone_national_football_team;lamin_conteh;isaffiliatedto;sierra_leone_national_football_team;;;;;;;;;;0.8024376034736633;0.03301497548818588;1;7
leandro_greco;playsfor;a.s.d._astrea;leandro_greco;isaffiliatedto;a.s.d._astrea;;;;;;;;;;0.3872547149658203;2.9909257136750966e-05;1;9248
carlos_trucco;playsfor;oriente_petrolero;carlos_trucco;playsfor;c.f._pachuca;;;;;;;;;;0.9345928430557251;0.9208251237869263;1;1
lionel_ainsworth;playsfor;wycombe_wanderers_f.c.;lionel_ainsworth;isaffiliatedto;wycombe_wanderers_f.c.;;;;;;;;;;0.8227583765983582;0.03499471768736839;1;11
evgheni_hmaruc;playsfor;fc_dinamo-auto_tiraspol;evgheni_hmaruc;playsfor;fc_tiraspol;;;;;;;;;;0.6816586852073669;0.6510422825813293;1;2
draško_božović;playsfor;hapoel_be'er_sheva_f.c.;draško_božović;isaffiliatedto;hapoel_be'er_sheva_f.c.;;;;;;;;;;0.8237822651863098;9.44740604609251e-05;1;1471
terry_boss;playsfor;cascade_surge;terry_boss;playsfor;vermont_voltage;;;;;;;;;;0.8830544352531433;0.7881699800491333;1;1
gianvito_plasmati;playsfor;s.s.d._città_di_brindisi;gianvito_plasmati;isaffiliatedto;s.s.d._città_di_brindisi;;;;;;;;;;0.7218307852745056;0.06692276895046234;1;15
johannes_mononen;playsfor;ac_oulu;johannes_mononen;isaffiliatedto;ac_oulu;;;;;;;;;;0.8939223289489746;0.0032596613746136427;1;32
jean-eudes_maurice;playsfor;rc_lens;jean-eudes_maurice;isaffiliatedto;r.c._lens;;;;;;;;;;0.28554463386535645;1.1235172678425442e-05;1;39004
morten_moldskred;playsfor;il_hødd;morten_moldskred;isaffiliatedto;il_hødd;;;;;;;;;;0.7579994797706604;0.02486114762723446;1;15
antonio_sabato_(footballer);playsfor;u.s._sambenedettese_1923;antonio_sabato_(footballer);isaffiliatedto;u.s._sambenedettese_1923;;;;;;;;;;0.9171631336212158;0.0035428383853286505;1;65
john_nutter;playsfor;wycombe_wanderers_f.c.;john_nutter;isaffiliatedto;wycombe_wanderers_f.c.;;;;;;;;;;0.7811573147773743;0.007650607731193304;1;40
cristian_ianu;playsfor;fc_wohlen;cristian_ianu;isaffiliatedto;fc_wohlen;;;;;;;;;;0.7342281341552734;0.0037634146865457296;1;35
édson_andrade_almeida;playsfor;santa_cruz_futebol_clube;édson_andrade_almeida;isaffiliatedto;santa_cruz_futebol_clube;;;;;;;;;;0.8194913268089294;0.011306742206215858;1;61
neil_brisco;playsfor;northwich_victoria_f.c.;neil_brisco;playsfor;barrow_a.f.c.;;;;;;;;;;0.8758870959281921;0.9177914261817932;1;1
sead_hajrović;playsfor;barnet_f.c.;sead_hajrović;isaffiliatedto;barnet_f.c.;;;;;;;;;;0.8388556838035583;0.0004729209467768669;1;110
nicola_zanini;playsfor;mantova_f.c.;nicola_zanini;isaffiliatedto;mantova_f.c.;;;;;;;;;;0.5870184302330017;0.031227143481373787;1;35
bonni_ginzburg;playsfor;beitar_jerusalem_f.c.;bonni_ginzburg;playsfor;maccabi_tel_aviv_f.c.;;;;;;;;;;0.9232859015464783;0.9477615356445312;1;2
tony_jantschke;playsfor;germany_national_youth_football_team;tony_jantschke;isaffiliatedto;germany_national_youth_football_team;;;;;;;;;;0.9426915049552917;0.4289887547492981;1;2
rubén_maldonado;playsfor;s.s.c._napoli;rubén_maldonado;isaffiliatedto;s.s.c._napoli;;;;;;;;;;0.7962262034416199;0.0035023833625018597;1;80
armin_reichel;playsfor;1._fc_kaiserslautern;armin_reichel;isaffiliatedto;1._fc_kaiserslautern;;;;;;;;;;0.9272601008415222;0.06592544913291931;1;3
daniel_arismendi;playsfor;deportivo_anzoátegui;daniel_arismendi;isaffiliatedto;deportivo_anzoátegui;;;;;;;;;;0.6892320513725281;0.009685924276709557;1;39
sean_canham;playsfor;notts_county_f.c.;sean_canham;isaffiliatedto;notts_county_f.c.;;;;;;;;;;0.7629126310348511;0.010760592296719551;1;34
saša_radivojević;playsfor;fk_radnički_beograd;saša_radivojević;isaffiliatedto;fk_radnički_beograd;;;;;;;;;;0.9011975526809692;0.05812941864132881;1;10
vitālijs_astafjevs;playsfor;jfk_olimps;vitālijs_astafjevs;isaffiliatedto;jfk_olimps;;;;;;;;;;0.9257938861846924;0.0728888288140297;1;4
piá_(footballer_born_1982);playsfor;ascoli_calcio_1898;piá_(footballer_born_1982);playsfor;s.s.c._napoli;;;;;;;;;;0.8664560317993164;0.9586457014083862;1;1
daniel_berg_hestad;playsfor;sc_heerenveen;daniel_berg_hestad;isaffiliatedto;sc_heerenveen;;;;;;;;;;0.8124380111694336;0.0008271765545941889;1;61
patrick_mayo;playsfor;bay_united_f.c.;patrick_mayo;playsfor;bush_bucks_f.c._(1957);;;;;;;;;;0.7683058381080627;0.6939175724983215;1;2
maniche;playsfor;fc_dynamo_moscow;maniche;isaffiliatedto;fc_dynamo_moscow;;;;;;;;;;0.655643880367279;0.1968558132648468;1;2
kristi_vangjeli;playsfor;kf_skënderbeu_korçë;kristi_vangjeli;isaffiliatedto;kf_skënderbeu_korçë;;;;;;;;;;0.5646191835403442;0.0011181292356923223;1;55
pascal_testroet;playsfor;arminia_bielefeld;pascal_testroet;isaffiliatedto;arminia_bielefeld;;;;;;;;;;0.7304518222808838;0.0006179134361445904;1;111
gonzalo_novoa;playsfor;club_universidad_de_chile;gonzalo_novoa;isaffiliatedto;club_universidad_de_chile;;;;;;;;;;0.9260213375091553;0.11699355393648148;1;1
radislav_dragićević;playsfor;fk_borac_čačak;radislav_dragićević;isaffiliatedto;fk_borac_čačak;;;;;;;;;;0.8016122579574585;0.02311747521162033;1;12
michaël_ciani;playsfor;racing_club_de_france_football_colombes_92;michaël_ciani;isaffiliatedto;racing_club_de_france_football_colombes_92;;;;;;;;;;0.704589307308197;0.0008763130754232407;1;151
philip_wadler;worksat;carnegie_mellon_university;philip_wadler;graduatedfrom;carnegie_mellon_university;;;;;;;;;;0.8959771990776062;0.05405943840742111;1;10
leonard_eugene_dickson;worksat;university_of_chicago;leonard_eugene_dickson;graduatedfrom;university_of_chicago;;;;;;;;;;0.991166889667511;0.28766173124313354;1;2
toyah_willcox;wrotemusicfor;jubilee_(1978_film);toyah_willcox;actedin;jubilee_(1978_film);;;;;;;;;;0.8847954869270325;0.01145553681999445;1;5
