00873603;_also_see;00884778;04836074;_derivationally_related_form;00884778;;;;;;;;;;0.7660890221595764;0.8094249367713928;1;1
01460421;_also_see;01244410;01076793;_also_see;01244410;;;;;;;;;;0.8966527581214905;0.7897605895996094;1;1
02464693;_also_see;00724081;04670022;_derivationally_related_form;00724081;;;;;;;;;;0.8719791769981384;0.8375685811042786;1;1
00289082;_also_see;01752167;01752167;_also_see;00289082;;;;;;;;;;0.8107403516769409;5.055463043390773e-05;1;12563
01931768;_derivationally_related_form;00815173;01932704;_hypernym;01931768;;;;;;;;;;0.9720397591590881;0.954067051410675;1;1
00366691;_derivationally_related_form;04975340;00574735;_derivationally_related_form;04975340;;;;;;;;;;0.8827396035194397;0.865516722202301;1;1
00201407;_derivationally_related_form;00751145;00752431;_hypernym;00751145;;;;;;;;;;0.9516687393188477;0.9200190901756287;1;1
00514871;_derivationally_related_form;00248063;00243918;_has_part;00248063;;;;;;;;;;0.8910539150238037;0.9353407025337219;1;1
02771320;_derivationally_related_form;14215331;07996412;_derivationally_related_form;02771320;;;;;;;;;;0.9555392265319824;0.9388758540153503;1;1
03047941;_derivationally_related_form;02724126;02724126;_derivationally_related_form;03047941;;;;;;;;;;0.8896303772926331;2.4914215828175656e-05;1;23943
00654625;_derivationally_related_form;08239808;09926862;_derivationally_related_form;00654625;;;;;;;;;;0.9403809309005737;0.93011873960495;1;1
01747945;_derivationally_related_form;06678302;01692579;_hypernym;01747945;;;;;;;;;;0.8934580683708191;0.9477187991142273;1;1
00241038;_derivationally_related_form;07313004;00240131;_hypernym;00241038;;;;;;;;;;0.8776453733444214;0.9424800872802734;1;1
02102484;_derivationally_related_form;02106006;04946553;_derivationally_related_form;02106006;;;;;;;;;;0.9740310907363892;0.8865678906440735;1;1
05075602;_derivationally_related_form;02333689;01494310;_derivationally_related_form;05075602;;;;;;;;;;0.9532590508460999;0.9430481791496277;1;1
00768778;_derivationally_related_form;00159899;00769453;_hypernym;00768778;;;;;;;;;;0.978080153465271;0.9723725914955139;1;1
02579447;_derivationally_related_form;00272713;00133978;_hypernym;02579447;;;;;;;;;;0.9686241745948792;0.9469944834709167;1;1
02447793;_derivationally_related_form;01139830;00154233;_derivationally_related_form;02447793;;;;;;;;;;0.9505154490470886;0.9446344375610352;1;1
09437369;_derivationally_related_form;01558883;01558883;_derivationally_related_form;09437369;;;;;;;;;;0.9347928166389465;5.537274046218954e-05;1;4181
01800422;_derivationally_related_form;00271263;06716796;_derivationally_related_form;01800422;;;;;;;;;;0.9486584067344666;0.9835088849067688;1;1
00276987;_derivationally_related_form;00493259;00493259;_derivationally_related_form;00276987;;;;;;;;;;0.6499168276786804;0.06531483680009842;1;3
01323338;_derivationally_related_form;15032376;15034074;_hypernym;15032376;;;;;;;;;;0.8952590823173523;0.9385841488838196;1;1
03925226;_derivationally_related_form;02838592;03797548;_hypernym;03925226;;;;;;;;;;0.9431167840957642;0.9424617290496826;1;1
01435380;_derivationally_related_form;01142519;00201671;_derivationally_related_form;01435380;;;;;;;;;;0.9852008819580078;0.9879812598228455;1;1
00966869;_derivationally_related_form;02344568;13262663;_derivationally_related_form;02344568;;;;;;;;;;0.948935866355896;0.9502466320991516;1;1
00334935;_derivationally_related_form;01499265;01230241;_derivationally_related_form;00334935;;;;;;;;;;0.9201913475990295;0.8851767182350159;1;1
08244062;_derivationally_related_form;10120085;08245172;_derivationally_related_form;08244062;;;;;;;;;;0.8888426423072815;0.8465033769607544;1;1
02321757;_derivationally_related_form;10707804;10443170;_hypernym;10707804;;;;;;;;;;0.9510093331336975;0.956478476524353;1;1
13573181;_derivationally_related_form;00379774;00379774;_derivationally_related_form;13573181;;;;;;;;;;0.885213315486908;4.181086114840582e-05;1;20246
00981944;_derivationally_related_form;07125958;10048001;_derivationally_related_form;00981944;;;;;;;;;;0.7488526105880737;0.9491217136383057;1;1
02504131;_derivationally_related_form;00123170;05840650;_derivationally_related_form;00123170;;;;;;;;;;0.9716402888298035;0.9150233864784241;1;1
01774426;_derivationally_related_form;07503430;09756195;_derivationally_related_form;01774426;;;;;;;;;;0.9352989196777344;0.9619126319885254;1;1
09179776;_derivationally_related_form;00770437;01649999;_derivationally_related_form;09179776;;;;;;;;;;0.9709345102310181;0.9725640416145325;1;1
00626428;_derivationally_related_form;10508710;00625119;_derivationally_related_form;10508710;;;;;;;;;;0.8251416683197021;0.9384697079658508;1;1
07443010;_derivationally_related_form;01521124;00334803;_derivationally_related_form;07443010;;;;;;;;;;0.8869442939758301;0.9086219072341919;1;1
03472232;_derivationally_related_form;00099721;00100044;_hypernym;00099721;;;;;;;;;;0.92844557762146;0.9653072953224182;1;1
07363346;_derivationally_related_form;01970826;01970646;_hypernym;01970826;;;;;;;;;;0.9769357442855835;0.9836016297340393;1;1
02575082;_derivationally_related_form;00752431;00756780;_hypernym;00752431;;;;;;;;;;0.9458507299423218;0.9284214377403259;1;1
04590746;_derivationally_related_form;01392237;04593866;_derivationally_related_form;01392237;;;;;;;;;;0.907371997833252;0.972958505153656;1;1
13925550;_derivationally_related_form;00461493;01809784;_hypernym;00461493;;;;;;;;;;0.9704260230064392;0.9857300519943237;1;1
07985223;_derivationally_related_form;01292885;07988857;_derivationally_related_form;01292885;;;;;;;;;;0.9719464182853699;0.9470863342285156;1;1
02400760;_derivationally_related_form;10760340;02461314;_derivationally_related_form;10760340;;;;;;;;;;0.8439188003540039;0.9666664004325867;1;1
00968211;_derivationally_related_form;10483138;01212230;_also_see;00968211;;;;;;;;;;0.9187361001968384;0.9584124088287354;1;1
00203342;_derivationally_related_form;00685683;00684645;_hypernym;00685683;;;;;;;;;;0.9650112986564636;0.9392173886299133;1;1
02016523;_derivationally_related_form;07370125;07429976;_hypernym;07370125;;;;;;;;;;0.9517150521278381;0.9230890870094299;1;1
02416751;_derivationally_related_form;09935793;01205341;_derivationally_related_form;02416751;;;;;;;;;;0.9833278656005859;0.9742843508720398;1;1
10254761;_derivationally_related_form;06072476;06072476;_derivationally_related_form;10254761;;;;;;;;;;0.9246998429298401;0.006390588358044624;1;5
01110274;_derivationally_related_form;02244956;10474446;_derivationally_related_form;02244956;;;;;;;;;;0.9629319906234741;0.9680639505386353;1;1
13423615;_derivationally_related_form;01254013;01249724;_also_see;01254013;;;;;;;;;;0.9269295930862427;0.945559561252594;1;1
10734963;_derivationally_related_form;03612965;03612965;_derivationally_related_form;10734963;;;;;;;;;;0.6378668546676636;0.016519512981176376;1;3
00546192;_derivationally_related_form;15109745;00004605;_derivationally_related_form;15109745;;;;;;;;;;0.938023567199707;0.8372962474822998;1;1
01740969;_derivationally_related_form;00918383;01751836;_synset_domain_topic_of;00918383;;;;;;;;;;0.9846118092536926;0.9850966334342957;1;1
01118081;_derivationally_related_form;00788821;14580090;_derivationally_related_form;01118081;;;;;;;;;;0.8461793065071106;0.9831010699272156;1;1
00751779;_derivationally_related_form;00835506;10168012;_derivationally_related_form;00835506;;;;;;;;;;0.945868194103241;0.9947000741958618;1;1
01511706;_derivationally_related_form;00104249;01371756;_hypernym;01511706;;;;;;;;;;0.9254107475280762;0.9697281122207642;1;1
01463963;_derivationally_related_form;05075602;01474209;_hypernym;01463963;;;;;;;;;;0.9467073082923889;0.907680332660675;1;1
02686952;_derivationally_related_form;13913427;13913427;_derivationally_related_form;02686952;;;;;;;;;;0.9418135285377502;2.9731121685472317e-05;1;20781
00234423;_derivationally_related_form;02535896;02535896;_derivationally_related_form;00234423;;;;;;;;;;0.8537071943283081;3.585408558137715e-05;1;10342
00686890;_derivationally_related_form;01010118;00875394;_hypernym;01010118;;;;;;;;;;0.9925404191017151;0.9561702609062195;1;1
01174742;_derivationally_related_form;00841091;01576165;_derivationally_related_form;00841091;;;;;;;;;;0.912300705909729;0.9513809084892273;1;1
06674542;_derivationally_related_form;00970732;00970732;_derivationally_related_form;06674542;;;;;;;;;;0.8159433007240295;5.2754348871530965e-05;1;20453
00543410;_derivationally_related_form;13464820;00251064;_derivationally_related_form;13464820;;;;;;;;;;0.926823616027832;0.9128477573394775;1;1
00192836;_derivationally_related_form;10056103;00022686;_derivationally_related_form;10056103;;;;;;;;;;0.9433639049530029;0.901761531829834;1;1
01569181;_derivationally_related_form;00225593;14043882;_derivationally_related_form;01569181;;;;;;;;;;0.8613247275352478;0.7919059991836548;1;1
06503224;_derivationally_related_form;00277399;06156346;_derivationally_related_form;00277399;;;;;;;;;;0.9616053104400635;0.9685813784599304;1;1
00594836;_derivationally_related_form;09931640;11168974;_instance_hypernym;09931640;;;;;;;;;;0.8105099201202393;0.9270830154418945;1;1
01045419;_derivationally_related_form;10776339;10240921;_hypernym;10776339;;;;;;;;;;0.9738527536392212;0.9810380339622498;1;1
14486767;_derivationally_related_form;00475183;13468306;_derivationally_related_form;00475183;;;;;;;;;;0.929673433303833;0.9354677796363831;1;1
04119892;_derivationally_related_form;02362798;04099969;_has_part;04119892;;;;;;;;;;0.9288367629051208;0.9848547577857971;1;1
01056411;_derivationally_related_form;01862918;08656893;_derivationally_related_form;01862918;;;;;;;;;;0.8981867432594299;0.930592954158783;1;1
00842692;_derivationally_related_form;02765692;00073584;_derivationally_related_form;00842692;;;;;;;;;;0.9701384902000427;0.9136968851089478;1;1
00827379;_derivationally_related_form;01271189;01271189;_derivationally_related_form;00827379;;;;;;;;;;0.9129965901374817;5.975192834739573e-05;1;3767
06877742;_derivationally_related_form;00034758;10627899;_derivationally_related_form;00034758;;;;;;;;;;0.9470049738883972;0.982434093952179;1;1
00156101;_derivationally_related_form;02373785;02373785;_derivationally_related_form;00156101;;;;;;;;;;0.8808610439300537;4.531607555691153e-05;1;18577
01336587;_derivationally_related_form;05645597;10667187;_derivationally_related_form;01336587;;;;;;;;;;0.9760657548904419;0.9930294156074524;1;1
10387196;_derivationally_related_form;04091839;03859717;_has_part;04091839;;;;;;;;;;0.939087986946106;0.9768051505088806;1;1
04159058;_derivationally_related_form;01356582;04160036;_derivationally_related_form;01356582;;;;;;;;;;0.9086266756057739;0.9368471503257751;1;1
04671394;_derivationally_related_form;00724861;04806316;_hypernym;04671394;;;;;;;;;;0.9536716341972351;0.9639422297477722;1;1
00607405;_derivationally_related_form;05996646;05755883;_derivationally_related_form;00607405;;;;;;;;;;0.9772976636886597;0.8693304657936096;1;1
01530431;_derivationally_related_form;05582859;00379588;_derivationally_related_form;01530431;;;;;;;;;;0.8854972720146179;0.865591824054718;1;1
00904690;_derivationally_related_form;06740644;06741305;_hypernym;06740644;;;;;;;;;;0.9307368993759155;0.9603497385978699;1;1
02349212;_derivationally_related_form;08324514;08325530;_hypernym;08324514;;;;;;;;;;0.9586958885192871;0.8795406818389893;1;1
06798750;_derivationally_related_form;01275762;06644393;_hypernym;06798750;;;;;;;;;;0.9415811896324158;0.9402743577957153;1;1
01500082;_derivationally_related_form;02818832;02831724;_hypernym;02818832;;;;;;;;;;0.9770821928977966;0.9734487533569336;1;1
15015501;_derivationally_related_form;00504901;13521616;_derivationally_related_form;00504901;;;;;;;;;;0.9273518919944763;0.9755194783210754;1;1
11795366;_hypernym;11556857;11794267;_member_meronym;11795366;;;;;;;;;;0.5261822938919067;0.00012023813178529963;1;25
12636705;_hypernym;11585340;12619306;_member_meronym;12636705;;;;;;;;;;0.24878977239131927;9.9635923106689e-05;1;6077
02578604;_hypernym;01432517;02650282;_hypernym;01432517;;;;;;;;;;0.33685243129730225;0.5708602666854858;1;1
02260770;_hypernym;02260362;10577284;_derivationally_related_form;02260770;;;;;;;;;;0.7453078627586365;0.3433963358402252;1;1
12972629;_hypernym;08103777;01925133;_hypernym;08103777;;;;;;;;;;0.3090154230594635;0.008365408517420292;1;9
06838543;_hypernym;06828818;06836822;_hypernym;06828818;;;;;;;;;;0.37776821851730347;0.47833123803138733;1;1
01566386;_hypernym;01504437;01524885;_member_meronym;01566386;;;;;;;;;;0.5330047011375427;0.0012079828884452581;1;83
01946118;_hypernym;01938850;01962223;_hypernym;01938850;;;;;;;;;;0.1533586084842682;0.1480148285627365;1;3
08898187;_instance_hypernym;08633957;09100394;_instance_hypernym;08633957;;;;;;;;;;0.024430157616734505;0.011924597434699535;1;1
08030711;_instance_hypernym;08392137;08038379;_instance_hypernym;08392137;;;;;;;;;;0.9619638919830322;0.9913612008094788;1;1
08962951;_instance_hypernym;08524735;08849372;_instance_hypernym;08524735;;;;;;;;;;0.5773183107376099;0.5377784967422485;1;1
09373716;_instance_hypernym;09411430;09159003;_has_part;09373716;;;;;;;;;;0.6617315411567688;0.20283456146717072;1;1
01693138;_synset_domain_topic_of;00933420;09812338;_derivationally_related_form;00933420;;;;;;;;;;0.7687374949455261;0.5183841586112976;1;1
01960779;_synset_domain_topic_of;00299217;01958615;_synset_domain_topic_of;00299217;;;;;;;;;;0.5927607417106628;0.308953195810318;1;1
00931467;_verb_group;00932161;00932798;_hypernym;00931467;;;;;;;;;;0.9508102536201477;0.9672991633415222;1;1
