mickey_daniels;actedin;the_big_show_(1923_film);mickey_daniels;actedin;july_days_(film);mickey_daniels;actedin;stage_fright_(1923_film);mickey_daniels;actedin;the_champeen;0.7477171;1;0.98366666;2;0.74000216;6;4.560616509874853;3.9103240966796875
mickey_daniels;actedin;the_big_show_(1923_film);mickey_daniels;actedin;a_quiet_street;mickey_daniels;actedin;july_days_(film);mickey_daniels;actedin;stage_fright_(1923_film);0.7477171;1;0.98366666;2;0.89265436;5;3.5227373820015413;3.7748584747314453
mickey_daniels;actedin;the_big_show_(1923_film);mickey_daniels;actedin;july_days_(film);mickey_daniels;actedin;stage_fright_(1923_film);mickey_daniels;actedin;the_cobbler_(1923_film);0.7477171;1;0.98366666;2;0.9059079;6;4.519429893242971;3.8650996685028076
mickey_daniels;actedin;the_big_show_(1923_film);mickey_daniels;actedin;a_quiet_street;mickey_daniels;actedin;july_days_(film);mickey_daniels;actedin;the_champeen;0.7477171;1;0.98366666;2;0.86806655;6;4.528867886708624;3.859172821044922
mickey_daniels;actedin;the_big_show_(1923_film);mickey_daniels;actedin;july_days_(film);mickey_daniels;actedin;stage_fright_(1923_film);mickey_daniels;actedin;back_stage_(1923_film);0.7477171;1;0.98366666;2;0.8197939;6;4.540876759166385;3.7100203037261963
mickey_daniels;actedin;the_big_show_(1923_film);mickey_daniels;actedin;july_days_(film);mickey_daniels;actedin;stage_fright_(1923_film);mickey_daniels;actedin;giants_vs._yanks;0.7477171;1;0.98366666;2;0.83377534;6;4.537402826720854;3.8965401649475098
mickey_daniels;actedin;the_big_show_(1923_film);mickey_daniels;actedin;july_days_(film);mickey_daniels;actedin;stage_fright_(1923_film);mickey_daniels;actedin;dogs_of_war_(film);0.7477171;1;0.98366666;2;0.8423595;6;4.535268127975367;3.868952751159668
mickey_daniels;actedin;the_big_show_(1923_film);mickey_daniels;actedin;july_days_(film);mickey_daniels;actedin;stage_fright_(1923_film);mickey_daniels;actedin;saturday_morning_(1922_film);0.7477171;1;0.98366666;2;0.83753526;6;4.536467976224898;3.832266092300415
mickey_daniels;actedin;the_big_show_(1923_film);mickey_daniels;actedin;july_days_(film);mickey_daniels;actedin;the_cobbler_(1923_film);mickey_daniels;actedin;the_champeen;0.7477171;1;0.98366666;2;0.86981195;5;3.528432968741938;3.784144163131714
mickey_daniels;actedin;the_big_show_(1923_film);mickey_daniels;actedin;july_days_(film);mickey_daniels;actedin;young_sherlocks;mickey_daniels;actedin;stage_fright_(1923_film);0.7477171;1;0.98366666;2;0.9025282;5;3.5202734867776675;3.7753043174743652
mickey_daniels;actedin;the_big_show_(1923_film);mickey_daniels;actedin;july_days_(film);mickey_daniels;actedin;the_champeen;mickey_daniels;actedin;back_stage_(1923_film);0.7477171;1;0.98366666;2;0.89371675;6;4.522472326571767;3.757727861404419
mickey_daniels;actedin;the_big_show_(1923_film);mickey_daniels;actedin;july_days_(film);mickey_daniels;actedin;giants_vs._yanks;mickey_daniels;actedin;the_champeen;0.7477171;1;0.98366666;2;0.83162194;6;4.537938120011057;3.75900936126709
mickey_daniels;actedin;the_big_show_(1923_film);mickey_daniels;actedin;july_days_(film);mickey_daniels;actedin;dogs_of_war_(film);mickey_daniels;actedin;the_champeen;0.7477171;1;0.98366666;2;0.9051867;6;4.519609922488753;3.7651288509368896
mickey_daniels;actedin;the_big_show_(1923_film);mickey_daniels;actedin;july_days_(film);mickey_daniels;actedin;saturday_morning_(1922_film);mickey_daniels;actedin;the_champeen;0.7477171;1;0.98366666;2;0.85124695;6;4.533056636508125;3.8180601596832275
mickey_daniels;actedin;the_big_show_(1923_film);mickey_daniels;actedin;july_days_(film);mickey_daniels;actedin;young_sherlocks;mickey_daniels;actedin;the_champeen;0.7477171;1;0.98366666;2;0.8835969;5;3.5249965842394464;3.8035717010498047
mickey_daniels;actedin;the_big_show_(1923_film);mickey_daniels;actedin;a_quiet_street;mickey_daniels;actedin;july_days_(film);mickey_daniels;actedin;the_cobbler_(1923_film);0.7477171;1;0.98366666;2;0.9002814;5;3.5208342368049266;3.858001708984375
mickey_daniels;actedin;the_big_show_(1923_film);mickey_daniels;actedin;a_quiet_street;mickey_daniels;actedin;july_days_(film);mickey_daniels;actedin;back_stage_(1923_film);0.7477171;1;0.98366666;2;0.87964594;5;3.525981755361762;3.8419320583343506
mickey_daniels;actedin;the_big_show_(1923_film);mickey_daniels;actedin;a_quiet_street;mickey_daniels;actedin;july_days_(film);mickey_daniels;actedin;giants_vs._yanks;0.7477171;1;0.98366666;2;0.9262161;5;3.5143586841328602;3.908925771713257
mickey_daniels;actedin;the_big_show_(1923_film);mickey_daniels;actedin;a_quiet_street;mickey_daniels;actedin;july_days_(film);mickey_daniels;actedin;dogs_of_war_(film);0.7477171;1;0.98366666;2;0.85905635;5;3.5311123279756496;3.7126269340515137
mickey_daniels;actedin;the_big_show_(1923_film);mickey_daniels;actedin;a_quiet_street;mickey_daniels;actedin;july_days_(film);mickey_daniels;actedin;saturday_morning_(1922_film);0.7477171;1;0.98366666;2;0.8433489;5;3.535021990832816;3.6096014976501465
mickey_daniels;actedin;the_big_show_(1923_film);mickey_daniels;actedin;a_quiet_street;mickey_daniels;actedin;july_days_(film);mickey_daniels;actedin;young_sherlocks;0.7477171;1;0.98366666;2;0.9362072;5;3.5118626442494127;3.745974540710449
mickey_daniels;actedin;the_big_show_(1923_film);mickey_daniels;actedin;july_days_(film);mickey_daniels;actedin;the_cobbler_(1923_film);mickey_daniels;actedin;back_stage_(1923_film);0.7477171;1;0.98366666;2;0.8899324;5;3.523416423659514;3.78007435798645
mickey_daniels;actedin;the_big_show_(1923_film);mickey_daniels;actedin;july_days_(film);mickey_daniels;actedin;giants_vs._yanks;mickey_daniels;actedin;the_cobbler_(1923_film);0.7477171;1;0.98366666;2;0.8526653;5;3.532703581874071;3.9913313388824463
mickey_daniels;actedin;the_big_show_(1923_film);mickey_daniels;actedin;july_days_(film);mickey_daniels;actedin;dogs_of_war_(film);mickey_daniels;actedin;the_cobbler_(1923_film);0.7477171;1;0.98366666;2;0.94076556;5;3.5107236299919276;3.8411307334899902
rekha;haswonprize;filmfare_awards;rekha;actedin;namak_haraam;rekha;actedin;nagin_(1976_film);rekha;actedin;zubeidaa;0.99263144;1;0.9909793;2;0.9840252;2;0.5017385263713957;5.362752437591553
rekha;haswonprize;filmfare_awards;rekha;actedin;ganga_ki_saugandh;rekha;actedin;nagin_(1976_film);rekha;actedin;zubeidaa;0.99263144;1;0.9909793;2;0.97777575;2;0.5033008423725428;5.354130506515503
rekha;haswonprize;filmfare_awards;rekha;actedin;nagin_(1976_film);rekha;actedin;zubeidaa;rekha;actedin;dil_hai_tumhaara;0.99263144;1;0.9909793;2;0.92964333;2;0.5153291896923804;5.362478971481323
rekha;haswonprize;filmfare_awards;rekha;actedin;immaan_dharam;rekha;actedin;nagin_(1976_film);rekha;actedin;zubeidaa;0.99263144;1;0.9909793;2;0.7174806;4;2.567951631691845;5.412445783615112
rekha;haswonprize;filmfare_awards;rekha;actedin;nagin_(1976_film);rekha;actedin;khoon_pasina;rekha;actedin;zubeidaa;0.99263144;1;0.9909793;2;0.9721132;2;0.5047163905507772;5.363066673278809
rekha;haswonprize;filmfare_awards;rekha;actedin;muqaddar_ka_sikandar;rekha;actedin;nagin_(1976_film);rekha;actedin;zubeidaa;0.99263144;1;0.9909793;2;0.968527;2;0.505612837920049;5.403596639633179
rekha;haswonprize;filmfare_awards;rekha;actedin;lajja_(film);rekha;actedin;nagin_(1976_film);rekha;actedin;zubeidaa;0.99263144;1;0.9909793;2;0.97152644;2;0.5048630641196422;4.918645143508911
rekha;haswonprize;filmfare_awards;rekha;actedin;alaap;rekha;actedin;nagin_(1976_film);rekha;actedin;zubeidaa;0.99263144;1;0.9909793;2;0.98564583;2;0.5013333676440354;4.904183626174927
rekha;haswonprize;filmfare_awards;rekha;actedin;mujhe_insaaf_chahiye;rekha;actedin;nagin_(1976_film);rekha;actedin;zubeidaa;0.99263144;1;0.9909793;2;0.9359666;2;0.5137497082368347;4.889907360076904
rekha;haswonprize;filmfare_awards;rekha;actedin;nagin_(1976_film);rekha;hasgender;female;rekha;actedin;zubeidaa;0.99263144;1;0.9909793;2;0.9534932;2;0.5093704367293505;4.894899845123291
rekha;haswonprize;filmfare_awards;rekha;actedin;vijeta;rekha;actedin;nagin_(1976_film);rekha;actedin;zubeidaa;0.99263144;1;0.9909793;2;0.95632386;2;0.5086629959392497;5.279681444168091
harri_ylönen;isaffiliatedto;finland_national_football_team;harri_ylönen;playsfor;finland_national_football_team;harri_ylönen;isaffiliatedto;finland_national_under-21_football_team;harri_ylönen;playsfor;kuopion_palloseura;0.8326293;1;0.9987888;3;0.07634475;4;1.7155398349860864;3.3197898864746094
harri_ylönen;isaffiliatedto;finland_national_football_team;harri_ylönen;playsfor;finland_national_football_team;harri_ylönen;isaffiliatedto;finland_national_under-21_football_team;harri_ylönen;playsfor;sportfreunde_siegen;0.8326293;1;0.9987888;3;0.13050018;5;2.704389461647611;3.211798667907715
harri_ylönen;isaffiliatedto;finland_national_football_team;harri_ylönen;playsfor;finland_national_football_team;harri_ylönen;isaffiliatedto;finland_national_under-21_football_team;harri_ylönen;isaffiliatedto;sk_brann;0.8326293;1;0.9987888;3;0.015988398;12;9.72766351634157;3.3603267669677734
harri_ylönen;isaffiliatedto;finland_national_football_team;harri_ylönen;playsfor;finland_national_football_team;harri_ylönen;playsfor;kuopion_palloseura;harri_ylönen;playsfor;sportfreunde_siegen;0.8326293;1;0.9987888;3;0.9206351;3;0.5195284784810634;3.160942316055298
harri_ylönen;isaffiliatedto;finland_national_football_team;harri_ylönen;playsfor;finland_national_football_team;harri_ylönen;isaffiliatedto;sk_brann;harri_ylönen;playsfor;kuopion_palloseura;0.8326293;1;0.9987888;3;0.9147877;4;1.5209879263128556;3.09763240814209
harri_ylönen;isaffiliatedto;finland_national_football_team;harri_ylönen;playsfor;finland_national_football_team;harri_ylönen;playsfor;sk_brann;harri_ylönen;isaffiliatedto;finland_national_under-21_football_team;0.8326293;1;0.9987888;3;0.06490247;9;6.717863063823993;3.1810741424560547
harri_ylönen;isaffiliatedto;finland_national_football_team;harri_ylönen;playsfor;finland_national_football_team;harri_ylönen;isaffiliatedto;sk_brann;harri_ylönen;playsfor;sportfreunde_siegen;0.8326293;1;0.9987888;3;0.8758051;5;2.5307072293966244;3.3931713104248047
harri_ylönen;isaffiliatedto;finland_national_football_team;harri_ylönen;playsfor;finland_national_football_team;harri_ylönen;playsfor;sk_brann;harri_ylönen;playsfor;kuopion_palloseura;0.8326293;1;0.9987888;3;0.88647026;3;0.5280501463768789;3.3565709590911865
harri_ylönen;isaffiliatedto;finland_national_football_team;harri_ylönen;playsfor;finland_national_football_team;harri_ylönen;playsfor;sk_brann;harri_ylönen;playsfor;sportfreunde_siegen;0.8326293;1;0.9987888;3;0.952768;4;1.5115031564094756;3.2852017879486084
harri_ylönen;isaffiliatedto;finland_national_football_team;harri_ylönen;playsfor;finland_national_football_team;harri_ylönen;playsfor;sk_brann;harri_ylönen;isaffiliatedto;sk_brann;0.8326293;1;0.9987888;3;0.8742762;4;1.5310879846185887;3.303868055343628
harri_ylönen;isaffiliatedto;finland_national_football_team;harri_ylönen;playsfor;finland_national_football_team;harri_ylönen;isaffiliatedto;finland_national_under-21_football_team;harri_ylönen;isaffiliatedto;sportfreunde_siegen;0.8326293;1;0.9987888;3;0.062408067;7;4.7183679931214995;3.312983274459839
fernando_muñoz;isaffiliatedto;spain_national_football_team;fernando_muñoz;playsfor;spain_national_football_team;fernando_muñoz;isaffiliatedto;sevilla_fc;fernando_muñoz;isaffiliatedto;spain_national_under-21_football_team;0.95637673;1;0.99796057;2;0.8859297;4;2.5279784591227172;4.729499578475952
fernando_muñoz;isaffiliatedto;spain_national_football_team;fernando_muñoz;isaffiliatedto;sevilla_fc;fernando_muñoz;playsfor;spain_national_under-21_football_team;fernando_muñoz;isaffiliatedto;spain_national_under-21_football_team;0.95637673;1;0.99796057;2;0.99603254;3;1.5004820077118233;4.705489635467529
fernando_muñoz;isaffiliatedto;spain_national_football_team;fernando_muñoz;isaffiliatedto;real_madrid_c.f.;fernando_muñoz;isaffiliatedto;sevilla_fc;fernando_muñoz;isaffiliatedto;spain_national_under-21_football_team;0.95637673;1;0.99796057;2;0.99514884;4;2.5007029320138927;4.689667463302612
fernando_muñoz;isaffiliatedto;spain_national_football_team;fernando_muñoz;isaffiliatedto;sevilla_fc;fernando_muñoz;isaffiliatedto;spain_national_under-21_football_team;fernando_muñoz;isaffiliatedto;r.c.d._espanyol_de_barcelona;0.95637673;1;0.99796057;2;0.995926;4;2.500508636060738;4.469012022018433
fernando_muñoz;isaffiliatedto;spain_national_football_team;fernando_muñoz;isaffiliatedto;sevilla_fc;fernando_muñoz;isaffiliatedto;spain_national_under-21_football_team;fernando_muñoz;hasgender;male;0.95637673;1;0.99796057;2;0.9958515;4;2.5005272624922403;4.500960350036621
fernando_muñoz;isaffiliatedto;spain_national_football_team;fernando_muñoz;isaffiliatedto;sevilla_fc;fernando_muñoz;isaffiliatedto;spain_national_under-21_football_team;fernando_muñoz;playsfor;sevilla_fc;0.95637673;1;0.99796057;2;0.9940882;3;1.5009680974306883;4.660021781921387
fernando_muñoz;isaffiliatedto;spain_national_football_team;fernando_muñoz;isaffiliatedto;sevilla_fc;fernando_muñoz;playsfor;rcd_espanyol;fernando_muñoz;isaffiliatedto;spain_national_under-21_football_team;0.95637673;1;0.99796057;2;0.9966774;4;2.5003207921541653;4.750276803970337
fernando_muñoz;isaffiliatedto;spain_national_football_team;fernando_muñoz;isaffiliatedto;sevilla_fc;fernando_muñoz;isaffiliatedto;spain_national_under-21_football_team;fernando_muñoz;playsfor;fc_barcelona;0.95637673;1;0.99796057;2;0.9978625;3;1.5000245124101443;4.777307748794556
fernando_muñoz;isaffiliatedto;spain_national_football_team;fernando_muñoz;isaffiliatedto;sevilla_fc;fernando_muñoz;isaffiliatedto;spain_national_under-21_football_team;fernando_muñoz;isaffiliatedto;sevilla_f.c.;0.95637673;1;0.99796057;2;0.9969361;3;1.5002561211361984;4.738118410110474
fernando_muñoz;isaffiliatedto;spain_national_football_team;fernando_muñoz;isaffiliatedto;sevilla_fc;fernando_muñoz;isaffiliatedto;spain_national_under-21_football_team;fernando_muñoz;playsfor;real_madrid_c.f.;0.95637673;1;0.99796057;2;0.99624264;4;2.500429481162303;4.666897773742676
fernando_muñoz;isaffiliatedto;spain_national_football_team;fernando_muñoz;isaffiliatedto;sevilla_fc;fernando_muñoz;isaffiliatedto;fc_barcelona;fernando_muñoz;isaffiliatedto;spain_national_under-21_football_team;0.95637673;1;0.99796057;2;0.9968694;4;2.500272795530908;4.658390522003174
fernando_muñoz;isaffiliatedto;spain_national_football_team;fernando_muñoz;isaffiliatedto;elche_c.f.;fernando_muñoz;isaffiliatedto;sevilla_fc;fernando_muñoz;isaffiliatedto;spain_national_under-21_football_team;0.95637673;1;0.99796057;2;0.98918694;4;2.502193392154299;4.197359085083008
fernando_muñoz;isaffiliatedto;spain_national_football_team;fernando_muñoz;wasbornin;seville;fernando_muñoz;isaffiliatedto;sevilla_fc;fernando_muñoz;isaffiliatedto;spain_national_under-21_football_team;0.95637673;1;0.99796057;2;0.9980124;3;1.4999870359897642;4.44893741607666
vítor_moreno;isaffiliatedto;c.f._benfica;vítor_moreno;isaffiliatedto;odivelas_f.c.;vítor_moreno;isaffiliatedto;cape_verde_national_football_team;vítor_moreno;isaffiliatedto;portimonense_s.c.;0.56288236;1;0.97314805;2;0.7964088;5;3.544070161080277;4.765603065490723
vítor_moreno;isaffiliatedto;c.f._benfica;vítor_moreno;isaffiliatedto;odivelas_f.c.;vítor_moreno;isaffiliatedto;g.d._estoril_praia;vítor_moreno;isaffiliatedto;portimonense_s.c.;0.56288236;1;0.97314805;2;0.97139424;5;3.500438451654584;4.7736735343933105
vítor_moreno;isaffiliatedto;c.f._benfica;vítor_moreno;isaffiliatedto;odivelas_f.c.;vítor_moreno;isaffiliatedto;atlético_clube_de_portugal;vítor_moreno;isaffiliatedto;portimonense_s.c.;0.56288236;1;0.97314805;2;0.9066809;5;3.5166106765999023;4.6999452114105225
vítor_moreno;isaffiliatedto;c.f._benfica;vítor_moreno;isaffiliatedto;odivelas_f.c.;vítor_moreno;isaffiliatedto;ad_ceuta;vítor_moreno;isaffiliatedto;portimonense_s.c.;0.56288236;1;0.97314805;2;0.94899124;4;2.5060389085483417;4.565625190734863
vítor_moreno;isaffiliatedto;c.f._benfica;vítor_moreno;isaffiliatedto;g.d._estoril_praia;vítor_moreno;isaffiliatedto;cape_verde_national_football_team;vítor_moreno;isaffiliatedto;portimonense_s.c.;0.56288236;1;0.97314805;2;0.9203139;5;3.5132054665725914;4.683413982391357
vítor_moreno;isaffiliatedto;c.f._benfica;vítor_moreno;isaffiliatedto;f.c._barreirense;vítor_moreno;isaffiliatedto;odivelas_f.c.;vítor_moreno;isaffiliatedto;portimonense_s.c.;0.56288236;1;0.97314805;2;0.8273769;5;3.536378391532575;4.570669889450073
vítor_moreno;isaffiliatedto;c.f._benfica;vítor_moreno;isaffiliatedto;atlético_clube_de_portugal;vítor_moreno;isaffiliatedto;cape_verde_national_football_team;vítor_moreno;isaffiliatedto;portimonense_s.c.;0.56288236;1;0.97314805;2;0.8873908;5;3.52142618426992;4.529120206832886
vítor_moreno;isaffiliatedto;c.f._benfica;vítor_moreno;isaffiliatedto;odivelas_f.c.;vítor_moreno;isaffiliatedto;vitória_s.c.;vítor_moreno;isaffiliatedto;portimonense_s.c.;0.56288236;1;0.97314805;2;0.9063773;5;3.5166864840726153;4.842388153076172
vítor_moreno;isaffiliatedto;c.f._benfica;vítor_moreno;isaffiliatedto;odivelas_f.c.;vítor_moreno;isaffiliatedto;c.f._estrela_da_amadora;vítor_moreno;isaffiliatedto;portimonense_s.c.;0.56288236;1;0.97314805;2;0.7972289;5;3.543866721443783;4.579148292541504
vítor_moreno;isaffiliatedto;c.f._benfica;vítor_moreno;isaffiliatedto;cape_verde_national_football_team;vítor_moreno;isaffiliatedto;ad_ceuta;vítor_moreno;isaffiliatedto;portimonense_s.c.;0.56288236;1;0.97314805;2;0.8380045;5;3.533734551890868;4.5148820877075195
vítor_moreno;isaffiliatedto;c.f._benfica;vítor_moreno;isaffiliatedto;f.c._barreirense;vítor_moreno;isaffiliatedto;cape_verde_national_football_team;vítor_moreno;isaffiliatedto;portimonense_s.c.;0.56288236;1;0.97314805;2;0.82913244;5;3.5359418031156133;4.667872667312622
vítor_moreno;isaffiliatedto;c.f._benfica;vítor_moreno;isaffiliatedto;vitória_s.c.;vítor_moreno;isaffiliatedto;cape_verde_national_football_team;vítor_moreno;isaffiliatedto;portimonense_s.c.;0.56288236;1;0.97314805;2;0.8765714;5;3.5241254091155443;4.687529802322388
vítor_moreno;isaffiliatedto;c.f._benfica;vítor_moreno;isaffiliatedto;c.f._estrela_da_amadora;vítor_moreno;isaffiliatedto;cape_verde_national_football_team;vítor_moreno;isaffiliatedto;portimonense_s.c.;0.56288236;1;0.97314805;2;0.8031631;5;3.5423942020280488;4.655219316482544
vítor_moreno;isaffiliatedto;c.f._benfica;vítor_moreno;isaffiliatedto;g.d._estoril_praia;vítor_moreno;isaffiliatedto;atlético_clube_de_portugal;vítor_moreno;isaffiliatedto;portimonense_s.c.;0.56288236;1;0.97314805;2;0.80116653;5;3.5428897157337507;4.3521201610565186
vítor_moreno;isaffiliatedto;c.f._benfica;vítor_moreno;isaffiliatedto;g.d._estoril_praia;vítor_moreno;isaffiliatedto;ad_ceuta;vítor_moreno;isaffiliatedto;portimonense_s.c.;0.56288236;1;0.97314805;2;0.8832609;5;3.522456667322955;4.728785037994385
vítor_moreno;isaffiliatedto;c.f._benfica;vítor_moreno;isaffiliatedto;f.c._barreirense;vítor_moreno;isaffiliatedto;g.d._estoril_praia;vítor_moreno;isaffiliatedto;portimonense_s.c.;0.56288236;1;0.97314805;2;0.9519341;5;3.5053032882958695;4.713650226593018
vítor_moreno;isaffiliatedto;c.f._benfica;vítor_moreno;isaffiliatedto;atlético_clube_de_portugal;vítor_moreno;isaffiliatedto;ad_ceuta;vítor_moreno;isaffiliatedto;portimonense_s.c.;0.56288236;1;0.97314805;2;0.9190626;5;3.5135180632397818;4.656448841094971
vítor_moreno;isaffiliatedto;c.f._benfica;vítor_moreno;isaffiliatedto;f.c._barreirense;vítor_moreno;isaffiliatedto;atlético_clube_de_portugal;vítor_moreno;isaffiliatedto;portimonense_s.c.;0.56288236;1;0.97314805;2;0.9395013;5;3.5084108971064496;4.737523317337036
vítor_moreno;isaffiliatedto;c.f._benfica;vítor_moreno;isaffiliatedto;vitória_s.c.;vítor_moreno;isaffiliatedto;g.d._estoril_praia;vítor_moreno;isaffiliatedto;portimonense_s.c.;0.56288236;1;0.97314805;2;0.92949986;5;3.510910313730117;4.70867395401001
vítor_moreno;isaffiliatedto;c.f._benfica;vítor_moreno;isaffiliatedto;c.f._estrela_da_amadora;vítor_moreno;isaffiliatedto;g.d._estoril_praia;vítor_moreno;isaffiliatedto;portimonense_s.c.;0.56288236;1;0.97314805;2;0.9401835;5;3.5082403857070723;4.547303915023804
wayne_cegielski;isaffiliatedto;wales_national_under-21_football_team;wayne_cegielski;playsfor;wales_national_under-21_football_team;wayne_cegielski;isaffiliatedto;northampton_town_f.c.;wayne_cegielski;isaffiliatedto;port_vale_f.c.;0.91213447;1;0.98530686;2;0.70621777;3;1.569322888870614;4.836405992507935
wayne_cegielski;isaffiliatedto;wales_national_under-21_football_team;wayne_cegielski;playsfor;wales_national_under-21_football_team;wayne_cegielski;isaffiliatedto;port_vale_f.c.;wayne_cegielski;isaffiliatedto;worcester_city_f.c.;0.91213447;1;0.98530686;2;0.61585945;5;3.591325446487632;4.800243139266968
wayne_cegielski;isaffiliatedto;wales_national_under-21_football_team;wayne_cegielski;playsfor;wales_national_under-21_football_team;wayne_cegielski;isaffiliatedto;port_vale_f.c.;wayne_cegielski;playsfor;blackpool_f.c.;0.91213447;1;0.98530686;2;0.05860769;19;17.716405137355;4.801737070083618
alo_bärengrub;isaffiliatedto;fc_lelle;alo_bärengrub;playsfor;fc_lelle;alo_bärengrub;isaffiliatedto;nõmme_kalju_fc;alo_bärengrub;isaffiliatedto;fk_bodø/glimt;0.7591801;1;0.9504245;2;0.29950023;6;4.657218713529578;3.7818493843078613
alo_bärengrub;isaffiliatedto;fc_lelle;alo_bärengrub;playsfor;fc_lelle;alo_bärengrub;isaffiliatedto;fc_flora_tallinn;alo_bärengrub;isaffiliatedto;fk_bodø/glimt;0.7591801;1;0.9504245;2;0.29066175;7;5.65920708930015;3.8704488277435303
alo_bärengrub;isaffiliatedto;fc_lelle;alo_bärengrub;playsfor;fc_lelle;alo_bärengrub;isaffiliatedto;nõmme_kalju_fc;alo_bärengrub;isaffiliatedto;fc_flora_tallinn;0.7591801;1;0.9504245;2;0.5487197;4;2.599097184800384;4.1013758182525635
alo_bärengrub;isaffiliatedto;fc_lelle;alo_bärengrub;playsfor;fc_lelle;alo_bärengrub;isaffiliatedto;fc_warrior_valga;alo_bärengrub;isaffiliatedto;fk_bodø/glimt;0.7591801;1;0.9504245;2;0.5384626;7;5.601558215377192;4.021855115890503
alo_bärengrub;isaffiliatedto;fc_lelle;alo_bärengrub;playsfor;fc_lelle;alo_bärengrub;isaffiliatedto;nõmme_kalju_fc;alo_bärengrub;isaffiliatedto;fc_warrior_valga;0.7591801;1;0.9504245;2;0.37457657;6;4.6401114550966;4.1661834716796875
alo_bärengrub;isaffiliatedto;fc_lelle;alo_bärengrub;playsfor;fc_lelle;alo_bärengrub;isaffiliatedto;estonia_national_football_team;alo_bärengrub;isaffiliatedto;fk_bodø/glimt;0.7591801;1;0.9504245;2;0.4075419;7;5.632482719899794;4.135653257369995
alo_bärengrub;isaffiliatedto;fc_lelle;alo_bärengrub;playsfor;fc_lelle;alo_bärengrub;isaffiliatedto;nõmme_kalju_fc;alo_bärengrub;isaffiliatedto;estonia_national_football_team;0.7591801;1;0.9504245;2;0.28654397;5;3.6601315555313807;4.082736015319824
alo_bärengrub;isaffiliatedto;fc_lelle;alo_bärengrub;playsfor;fc_lelle;alo_bärengrub;isaffiliatedto;fc_flora_tallinn;alo_bärengrub;isaffiliatedto;fc_warrior_valga;0.7591801;1;0.9504245;2;0.19091888;9;7.681246390989626;4.265033721923828
alo_bärengrub;isaffiliatedto;fc_lelle;alo_bärengrub;playsfor;fc_lelle;alo_bärengrub;isaffiliatedto;fc_flora_tallinn;alo_bärengrub;isaffiliatedto;estonia_national_football_team;0.7591801;1;0.9504245;2;0.351533;5;3.645402657202401;4.06939959526062
alo_bärengrub;isaffiliatedto;fc_lelle;alo_bärengrub;playsfor;fc_lelle;alo_bärengrub;isaffiliatedto;estonia_national_football_team;alo_bärengrub;isaffiliatedto;fc_warrior_valga;0.7591801;1;0.9504245;2;0.5588654;4;2.5966579559024177;3.866941452026367
alo_bärengrub;isaffiliatedto;fc_lelle;alo_bärengrub;playsfor;fc_lelle;alo_bärengrub;isaffiliatedto;fr/lelle_sk;alo_bärengrub;isaffiliatedto;fk_bodø/glimt;0.7591801;1;0.9504245;2;0.27744716;8;6.6621695119122855;3.953467607498169
alo_bärengrub;isaffiliatedto;fc_lelle;alo_bärengrub;playsfor;fc_lelle;alo_bärengrub;isaffiliatedto;nõmme_kalju_fc;alo_bärengrub;isaffiliatedto;fr/lelle_sk;0.7591801;1;0.9504245;2;0.12744027;15;13.694869439444949;4.092854261398315
alex_tayo_akande;isaffiliatedto;eastern_aa;alex_tayo_akande;playsfor;eastern_aa;alex_tayo_akande;isaffiliatedto;hong_kong_rangers_fc;alex_tayo_akande;isaffiliatedto;hong_kong_sapling;0.95485723;1;0.9929119;2;0.3398053;5;3.65771017931888;4.227996826171875
alex_tayo_akande;isaffiliatedto;eastern_aa;alex_tayo_akande;playsfor;eastern_aa;alex_tayo_akande;isaffiliatedto;hong_kong_rangers_fc;alex_tayo_akande;isaffiliatedto;kitchee_sc;0.95485723;1;0.9929119;2;0.09337533;4;2.7108542542066036;4.627281904220581
alex_tayo_akande;isaffiliatedto;eastern_aa;alex_tayo_akande;playsfor;eastern_aa;alex_tayo_akande;isaffiliatedto;kitchee_sc;alex_tayo_akande;isaffiliatedto;hong_kong_sapling;0.95485723;1;0.9929119;2;0.4399832;5;3.634814801273195;4.6434667110443115
alex_tayo_akande;isaffiliatedto;eastern_aa;alex_tayo_akande;playsfor;eastern_aa;alex_tayo_akande;isaffiliatedto;hong_kong_rangers_fc;alex_tayo_akande;isaffiliatedto;tai_chung_fc;0.95485723;1;0.9929119;2;0.100115776;10;8.709466852081961;4.80585503578186
alex_tayo_akande;isaffiliatedto;eastern_aa;alex_tayo_akande;playsfor;eastern_aa;alex_tayo_akande;isaffiliatedto;tai_chung_fc;alex_tayo_akande;isaffiliatedto;hong_kong_sapling;0.95485723;1;0.9929119;2;0.4702858;4;2.627761617532853;4.577291250228882
alex_tayo_akande;isaffiliatedto;eastern_aa;alex_tayo_akande;playsfor;eastern_aa;alex_tayo_akande;isaffiliatedto;kitchee_sc;alex_tayo_akande;isaffiliatedto;tai_chung_fc;0.95485723;1;0.9929119;2;0.5277683;4;2.6142336602960325;4.515480279922485
alex_tayo_akande;isaffiliatedto;eastern_aa;alex_tayo_akande;playsfor;eastern_aa;alex_tayo_akande;playsfor;tai_chung_fc;alex_tayo_akande;isaffiliatedto;hong_kong_rangers_fc;0.95485723;1;0.9929119;2;0.18350065;6;4.69198402630521;4.653598070144653
alex_tayo_akande;isaffiliatedto;eastern_aa;alex_tayo_akande;playsfor;eastern_aa;alex_tayo_akande;isaffiliatedto;hong_kong_rangers_fc;alex_tayo_akande;playsfor;hong_kong_sapling;0.95485723;1;0.9929119;2;0.32426757;3;1.661199530885332;4.560310125350952
alex_tayo_akande;isaffiliatedto;eastern_aa;alex_tayo_akande;playsfor;eastern_aa;alex_tayo_akande;playsfor;tai_chung_fc;alex_tayo_akande;isaffiliatedto;hong_kong_sapling;0.95485723;1;0.9929119;2;0.35275006;4;2.654790037583067;4.499775171279907
alex_tayo_akande;isaffiliatedto;eastern_aa;alex_tayo_akande;playsfor;eastern_aa;alex_tayo_akande;playsfor;hong_kong_sapling;alex_tayo_akande;isaffiliatedto;hong_kong_sapling;0.95485723;1;0.9929119;2;0.46099767;3;1.6299294659245753;4.491339445114136
alex_tayo_akande;isaffiliatedto;eastern_aa;alex_tayo_akande;playsfor;eastern_aa;alex_tayo_akande;playsfor;tai_chung_fc;alex_tayo_akande;isaffiliatedto;kitchee_sc;0.95485723;1;0.9929119;2;0.16781335;4;2.695317540162291;4.209231376647949
alex_tayo_akande;isaffiliatedto;eastern_aa;alex_tayo_akande;playsfor;eastern_aa;alex_tayo_akande;isaffiliatedto;kitchee_sc;alex_tayo_akande;playsfor;hong_kong_sapling;0.95485723;1;0.9929119;2;0.65725154;3;1.5831359836190753;4.320811748504639
jesús_turiel;isaffiliatedto;real_valladolid_b;jesús_turiel;isaffiliatedto;real_valladolid;jesús_turiel;isaffiliatedto;hércules_cf;jesús_turiel;isaffiliatedto;cd_toledo;0.68340343;1;0.9897753;2;0.97867614;4;2.5027747614438987;4.226422071456909
jesús_turiel;isaffiliatedto;real_valladolid_b;jesús_turiel;isaffiliatedto;deportivo_alavés;jesús_turiel;isaffiliatedto;hércules_cf;jesús_turiel;isaffiliatedto;cd_toledo;0.68340343;1;0.9897753;2;0.9945216;2;0.498813422761688;4.197208881378174
jesús_turiel;isaffiliatedto;real_valladolid_b;jesús_turiel;isaffiliatedto;hércules_cf;jesús_turiel;isaffiliatedto;cd_toledo;jesús_turiel;isaffiliatedto;elche_cf;0.68340343;1;0.9897753;2;0.9933068;2;0.49911712201800074;4.106738090515137
jesús_turiel;isaffiliatedto;real_valladolid_b;jesús_turiel;isaffiliatedto;real_valladolid;jesús_turiel;isaffiliatedto;deportivo_alavés;jesús_turiel;isaffiliatedto;hércules_cf;0.68340343;1;0.9897753;2;0.9760005;5;3.503443648604166;4.211804389953613
jesús_turiel;isaffiliatedto;real_valladolid_b;jesús_turiel;isaffiliatedto;real_valladolid;jesús_turiel;isaffiliatedto;deportivo_alavés;jesús_turiel;isaffiliatedto;cd_toledo;0.68340343;1;0.9897753;2;0.952114;5;3.509414215788601;4.222279071807861
jesús_turiel;isaffiliatedto;real_valladolid_b;jesús_turiel;isaffiliatedto;real_valladolid;jesús_turiel;isaffiliatedto;hércules_cf;jesús_turiel;isaffiliatedto;elche_cf;0.68340343;1;0.9897753;2;0.9593285;3;1.5076111188971637;4.2222864627838135
jesús_turiel;isaffiliatedto;real_valladolid_b;jesús_turiel;isaffiliatedto;real_valladolid;jesús_turiel;isaffiliatedto;cd_toledo;jesús_turiel;isaffiliatedto;elche_cf;0.68340343;1;0.9897753;2;0.9898254;4;2.4999874681234386;4.50264835357666
jesús_turiel;isaffiliatedto;real_valladolid_b;jesús_turiel;isaffiliatedto;deportivo_alavés;jesús_turiel;isaffiliatedto;hércules_cf;jesús_turiel;isaffiliatedto;elche_cf;0.68340343;1;0.9897753;2;0.9786527;5;3.5027806174195137;3.9564857482910156
jesús_turiel;isaffiliatedto;real_valladolid_b;jesús_turiel;isaffiliatedto;deportivo_alavés;jesús_turiel;isaffiliatedto;cd_toledo;jesús_turiel;isaffiliatedto;elche_cf;0.68340343;1;0.9897753;2;0.9911379;4;2.4996593446066564;4.080279588699341
jesús_turiel;isaffiliatedto;real_valladolid_b;jesús_turiel;isaffiliatedto;real_valladolid;jesús_turiel;isaffiliatedto;deportivo_alavés;jesús_turiel;isaffiliatedto;elche_cf;0.68340343;1;0.9897753;2;0.98377186;5;3.5015008553488784;4.181793212890625
jesús_turiel;isaffiliatedto;real_valladolid_b;jesús_turiel;playsfor;real_valladolid_b;jesús_turiel;isaffiliatedto;hércules_cf;jesús_turiel;isaffiliatedto;cd_toledo;0.68340343;1;0.9897753;2;0.40001023;7;5.643311240456931;4.234925270080566
jesús_turiel;isaffiliatedto;real_valladolid_b;jesús_turiel;playsfor;real_valladolid_b;jesús_turiel;isaffiliatedto;real_valladolid;jesús_turiel;isaffiliatedto;hércules_cf;0.68340343;1;0.9897753;2;0.3120962;8;6.663220491365562;4.1912806034088135
jesús_turiel;isaffiliatedto;real_valladolid_b;jesús_turiel;playsfor;real_valladolid_b;jesús_turiel;isaffiliatedto;real_valladolid;jesús_turiel;isaffiliatedto;cd_toledo;0.68340343;1;0.9897753;2;0.32357743;7;5.6606512824403925;4.256492376327515
jesús_turiel;isaffiliatedto;real_valladolid_b;jesús_turiel;playsfor;real_valladolid_b;jesús_turiel;isaffiliatedto;deportivo_alavés;jesús_turiel;isaffiliatedto;hércules_cf;0.68340343;1;0.9897753;2;0.72700953;4;2.56531605619387;4.271637439727783
jesús_turiel;isaffiliatedto;real_valladolid_b;jesús_turiel;playsfor;real_valladolid_b;jesús_turiel;isaffiliatedto;deportivo_alavés;jesús_turiel;isaffiliatedto;cd_toledo;0.68340343;1;0.9897753;2;0.48832643;5;3.6227997604999613;4.019337177276611
vasil_gigiadze;isaffiliatedto;fc_samtredia;vasil_gigiadze;isaffiliatedto;fc_dinamo_tbilisi;vasil_gigiadze;isaffiliatedto;sc_tavriya_simferopol;vasil_gigiadze;isaffiliatedto;fc_torpedo_kutaisi;0.8168388;1;0.9864482;2;0.9918936;5;3.4986386630795097;4.403937578201294
vasil_gigiadze;isaffiliatedto;fc_samtredia;vasil_gigiadze;playsfor;fc_samtredia;vasil_gigiadze;isaffiliatedto;fc_dinamo_tbilisi;vasil_gigiadze;isaffiliatedto;sc_tavriya_simferopol;0.8168388;1;0.9864482;2;0.7430292;4;2.5605560478728346;4.391403436660767
vasil_gigiadze;isaffiliatedto;fc_samtredia;vasil_gigiadze;playsfor;fc_samtredia;vasil_gigiadze;isaffiliatedto;fc_dinamo_tbilisi;vasil_gigiadze;isaffiliatedto;fc_torpedo_kutaisi;0.8168388;1;0.9864482;2;0.83723116;4;2.5372352038178745;4.275483131408691
vasil_gigiadze;isaffiliatedto;fc_samtredia;vasil_gigiadze;playsfor;fc_samtredia;vasil_gigiadze;isaffiliatedto;sc_tavriya_simferopol;vasil_gigiadze;isaffiliatedto;fc_torpedo_kutaisi;0.8168388;1;0.9864482;2;0.84585077;4;2.5350915782067673;4.270294666290283
vasil_gigiadze;isaffiliatedto;fc_samtredia;vasil_gigiadze;isaffiliatedto;fc_dinamo_tbilisi;vasil_gigiadze;isaffiliatedto;sc_tavriya_simferopol;vasil_gigiadze;isaffiliatedto;s.k._tavriya_simferopol;0.8168388;1;0.9864482;2;0.96984303;3;1.5041512042110723;4.300232887268066
vasil_gigiadze;isaffiliatedto;fc_samtredia;vasil_gigiadze;isaffiliatedto;fc_dinamo_tbilisi;vasil_gigiadze;isaffiliatedto;sc_tavriya_simferopol;vasil_gigiadze;isaffiliatedto;fc_naftovyk-ukrnafta_okhtyrka;0.8168388;1;0.9864482;2;0.98237634;5;3.5010179714204357;4.1828155517578125
vasil_gigiadze;isaffiliatedto;fc_samtredia;vasil_gigiadze;isaffiliatedto;fc_dinamo_tbilisi;vasil_gigiadze;isaffiliatedto;sc_tavriya_simferopol;vasil_gigiadze;playsfor;sc_tavriya_simferopol;0.8168388;1;0.9864482;2;0.96624494;3;1.5050506512986621;4.026689052581787
vasil_gigiadze;isaffiliatedto;fc_samtredia;vasil_gigiadze;isaffiliatedto;fc_dinamo_tbilisi;vasil_gigiadze;isaffiliatedto;s.k._tavriya_simferopol;vasil_gigiadze;isaffiliatedto;fc_torpedo_kutaisi;0.8168388;1;0.9864482;2;0.9813416;4;2.501276654210939;4.178553581237793
vasil_gigiadze;isaffiliatedto;fc_samtredia;vasil_gigiadze;isaffiliatedto;fc_dinamo_tbilisi;vasil_gigiadze;isaffiliatedto;sc_tavriya_simferopol;vasil_gigiadze;isaffiliatedto;fc_elista;0.8168388;1;0.9864482;2;0.99531156;3;1.4977841820340996;4.205651760101318
vasil_gigiadze;isaffiliatedto;fc_samtredia;vasil_gigiadze;isaffiliatedto;fc_dinamo_tbilisi;vasil_gigiadze;isaffiliatedto;georgia_national_football_team;vasil_gigiadze;isaffiliatedto;sc_tavriya_simferopol;0.8168388;1;0.9864482;2;0.9845464;4;2.5004754512069085;4.322767019271851
vasil_gigiadze;isaffiliatedto;fc_samtredia;vasil_gigiadze;isaffiliatedto;fc_dinamo_tbilisi;vasil_gigiadze;isaffiliatedto;sc_tavriya_simferopol;vasil_gigiadze;wasbornin;kutaisi;0.8168388;1;0.9864482;2;0.98612845;4;2.5000799447291238;4.109042406082153
vasil_gigiadze;isaffiliatedto;fc_samtredia;vasil_gigiadze;isaffiliatedto;fc_dinamo_tbilisi;vasil_gigiadze;isaffiliatedto;sc_tavriya_simferopol;vasil_gigiadze;playsfor;fc_naftovyk-ukrnafta_okhtyrka;0.8168388;1;0.9864482;2;0.9903014;4;2.4990367156264233;4.2540318965911865
vasil_gigiadze;isaffiliatedto;fc_samtredia;vasil_gigiadze;isaffiliatedto;sc_tavriya_simferopol;vasil_gigiadze;isaffiliatedto;s.k._tavriya_simferopol;vasil_gigiadze;isaffiliatedto;fc_torpedo_kutaisi;0.8168388;1;0.9864482;2;0.9832829;4;2.5007913255044985;4.260983228683472
vasil_gigiadze;isaffiliatedto;fc_samtredia;vasil_gigiadze;isaffiliatedto;fc_dinamo_tbilisi;vasil_gigiadze;isaffiliatedto;sc_tavriya_simferopol;vasil_gigiadze;playsfor;fc_torpedo_kutaisi;0.8168388;1;0.9864482;2;0.99378175;3;1.4981666289479765;4.265865087509155
vasil_gigiadze;isaffiliatedto;fc_samtredia;vasil_gigiadze;isaffiliatedto;fc_dinamo_tbilisi;vasil_gigiadze;isaffiliatedto;sc_tavriya_simferopol;vasil_gigiadze;playsfor;fc_elista;0.8168388;1;0.9864482;2;0.987089;4;2.4998398125226466;4.322700500488281
vasil_gigiadze;isaffiliatedto;fc_samtredia;vasil_gigiadze;isaffiliatedto;fc_dinamo_tbilisi;vasil_gigiadze;isaffiliatedto;sc_tavriya_simferopol;vasil_gigiadze;isaffiliatedto;fc_kryvbas_kryvyi_rih;0.8168388;1;0.9864482;2;0.9881203;3;1.499581977822424;4.205443620681763
daouda_kanté;isaffiliatedto;st._louis_steamers_(1998–2006);daouda_kanté;isaffiliatedto;new_england_revolution;daouda_kanté;isaffiliatedto;baltimore_blast;daouda_kanté;isaffiliatedto;virginia_beach_mariners;0.76878256;1;0.951876;2;0.94598466;5;3.5014728265125354;4.213544607162476
daouda_kanté;isaffiliatedto;st._louis_steamers_(1998–2006);daouda_kanté;isaffiliatedto;d.c._united;daouda_kanté;isaffiliatedto;new_england_revolution;daouda_kanté;isaffiliatedto;baltimore_blast;0.76878256;1;0.951876;2;0.94983816;5;3.500509455623754;4.194714069366455
daouda_kanté;isaffiliatedto;st._louis_steamers_(1998–2006);daouda_kanté;isaffiliatedto;new_england_revolution;daouda_kanté;isaffiliatedto;baltimore_blast;daouda_kanté;isaffiliatedto;wilmington_hammerheads_fc;0.76878256;1;0.951876;2;0.93951994;5;3.503088971415684;4.177908658981323
daouda_kanté;isaffiliatedto;st._louis_steamers_(1998–2006);daouda_kanté;isaffiliatedto;new_england_revolution;daouda_kanté;isaffiliatedto;baltimore_blast;daouda_kanté;isaffiliatedto;central_jersey_riptide;0.76878256;1;0.951876;2;0.9672967;5;3.4961448926741845;4.195688486099243
daouda_kanté;isaffiliatedto;st._louis_steamers_(1998–2006);daouda_kanté;isaffiliatedto;d.c._united;daouda_kanté;isaffiliatedto;baltimore_blast;daouda_kanté;isaffiliatedto;virginia_beach_mariners;0.76878256;1;0.951876;2;0.95162237;5;3.50006340444054;4.190077304840088
daouda_kanté;isaffiliatedto;st._louis_steamers_(1998–2006);daouda_kanté;isaffiliatedto;baltimore_blast;daouda_kanté;isaffiliatedto;virginia_beach_mariners;daouda_kanté;isaffiliatedto;wilmington_hammerheads_fc;0.76878256;1;0.951876;2;0.9185564;5;3.508329127553415;4.243803977966309
daouda_kanté;isaffiliatedto;st._louis_steamers_(1998–2006);daouda_kanté;isaffiliatedto;baltimore_blast;daouda_kanté;isaffiliatedto;virginia_beach_mariners;daouda_kanté;isaffiliatedto;central_jersey_riptide;0.76878256;1;0.951876;2;0.9743267;5;3.4943875494613232;4.348703622817993
daouda_kanté;isaffiliatedto;st._louis_steamers_(1998–2006);daouda_kanté;isaffiliatedto;d.c._united;daouda_kanté;isaffiliatedto;baltimore_blast;daouda_kanté;isaffiliatedto;wilmington_hammerheads_fc;0.76878256;1;0.951876;2;0.948242;5;3.5009084929958867;4.138248682022095
daouda_kanté;isaffiliatedto;st._louis_steamers_(1998–2006);daouda_kanté;isaffiliatedto;d.c._united;daouda_kanté;isaffiliatedto;baltimore_blast;daouda_kanté;isaffiliatedto;central_jersey_riptide;0.76878256;1;0.951876;2;0.9761772;4;2.4939249912364767;4.33185601234436
daouda_kanté;isaffiliatedto;st._louis_steamers_(1998–2006);daouda_kanté;isaffiliatedto;baltimore_blast;daouda_kanté;isaffiliatedto;central_jersey_riptide;daouda_kanté;isaffiliatedto;wilmington_hammerheads_fc;0.76878256;1;0.951876;2;0.8835738;5;3.517068918236596;4.1009321212768555
daouda_kanté;isaffiliatedto;st._louis_steamers_(1998–2006);daouda_kanté;isaffiliatedto;d.c._united;daouda_kanté;isaffiliatedto;new_england_revolution;daouda_kanté;isaffiliatedto;virginia_beach_mariners;0.76878256;1;0.951876;2;0.9708463;5;3.4952575645498913;4.16628885269165
daouda_kanté;isaffiliatedto;st._louis_steamers_(1998–2006);daouda_kanté;isaffiliatedto;new_england_revolution;daouda_kanté;isaffiliatedto;virginia_beach_mariners;daouda_kanté;isaffiliatedto;wilmington_hammerheads_fc;0.76878256;1;0.951876;2;0.98511153;5;3.4916918772681607;4.382296085357666
daouda_kanté;isaffiliatedto;st._louis_steamers_(1998–2006);daouda_kanté;isaffiliatedto;new_england_revolution;daouda_kanté;isaffiliatedto;virginia_beach_mariners;daouda_kanté;isaffiliatedto;central_jersey_riptide;0.76878256;1;0.951876;2;0.9702324;5;3.4954110182446247;4.442024230957031
daouda_kanté;isaffiliatedto;st._louis_steamers_(1998–2006);daouda_kanté;isaffiliatedto;d.c._united;daouda_kanté;isaffiliatedto;new_england_revolution;daouda_kanté;isaffiliatedto;wilmington_hammerheads_fc;0.76878256;1;0.951876;2;0.9862623;5;3.491404262763532;4.473283052444458
daouda_kanté;isaffiliatedto;st._louis_steamers_(1998–2006);daouda_kanté;isaffiliatedto;d.c._united;daouda_kanté;isaffiliatedto;new_england_revolution;daouda_kanté;isaffiliatedto;central_jersey_riptide;0.76878256;1;0.951876;2;0.98799944;4;2.49097011826333;4.211919546127319
baie-comeau_airport;isconnectedto;sept-îles_airport;sept-îles_airport;isconnectedto;baie-comeau_airport;baie-comeau_airport;isconnectedto;rouyn-noranda_airport;baie-comeau_airport;isconnectedto;montréal/saint-hubert_airport;0.92208433;1;0.98721606;2;0.94394296;5;3.5108165849893096;4.950470685958862
baie-comeau_airport;isconnectedto;sept-îles_airport;sept-îles_airport;isconnectedto;baie-comeau_airport;baie-comeau_airport;isconnectedto;québec_city_jean_lesage_international_airport;baie-comeau_airport;isconnectedto;rouyn-noranda_airport;0.92208433;1;0.98721606;2;0.9551583;8;6.508013754236909;4.833881139755249
baie-comeau_airport;isconnectedto;sept-îles_airport;sept-îles_airport;isconnectedto;baie-comeau_airport;baie-comeau_airport;isconnectedto;rouyn-noranda_airport;baie-comeau_airport;isconnectedto;wabush_airport;0.92208433;1;0.98721606;2;0.9419562;5;3.511313027216645;4.763042688369751
baie-comeau_airport;isconnectedto;sept-îles_airport;baie-comeau_airport;isconnectedto;québec_city_jean_lesage_international_airport;baie-comeau_airport;isconnectedto;rouyn-noranda_airport;baie-comeau_airport;isconnectedto;montréal/saint-hubert_airport;0.92208433;1;0.98721606;2;0.9844402;4;2.5006939615323582;4.784036159515381
baie-comeau_airport;isconnectedto;sept-îles_airport;baie-comeau_airport;isconnectedto;rouyn-noranda_airport;baie-comeau_airport;isconnectedto;montréal/saint-hubert_airport;baie-comeau_airport;isconnectedto;wabush_airport;0.92208433;1;0.98721606;2;0.97870207;4;2.502128483908648;4.695907115936279
baie-comeau_airport;isconnectedto;sept-îles_airport;baie-comeau_airport;isconnectedto;québec_city_jean_lesage_international_airport;baie-comeau_airport;isconnectedto;rouyn-noranda_airport;baie-comeau_airport;isconnectedto;wabush_airport;0.92208433;1;0.98721606;2;0.97938627;4;2.5019574363366157;4.821759462356567
baie-comeau_airport;isconnectedto;sept-îles_airport;sept-îles_airport;isconnectedto;baie-comeau_airport;baie-comeau_airport;isconnectedto;québec_city_jean_lesage_international_airport;baie-comeau_airport;isconnectedto;montréal/saint-hubert_airport;0.92208433;1;0.98721606;2;0.97876495;5;3.5021127634663776;4.741737127304077
baie-comeau_airport;isconnectedto;sept-îles_airport;sept-îles_airport;isconnectedto;baie-comeau_airport;baie-comeau_airport;isconnectedto;montréal/saint-hubert_airport;baie-comeau_airport;isconnectedto;wabush_airport;0.92208433;1;0.98721606;2;0.9292039;6;4.514498965953692;4.7107884883880615
baie-comeau_airport;isconnectedto;sept-îles_airport;sept-îles_airport;isconnectedto;baie-comeau_airport;baie-comeau_airport;isconnectedto;rouyn-noranda_airport;havre_saint-pierre_airport;isconnectedto;baie-comeau_airport;0.92208433;1;0.98721606;2;0.9717648;3;1.5038627362659005;4.69176983833313
baie-comeau_airport;isconnectedto;sept-îles_airport;sept-îles_airport;isconnectedto;baie-comeau_airport;baie-comeau_airport;isconnectedto;rouyn-noranda_airport;wabush_airport;isconnectedto;baie-comeau_airport;0.92208433;1;0.98721606;2;0.9528744;4;2.508584564664274;4.689380407333374
baie-comeau_airport;isconnectedto;sept-îles_airport;sept-îles_airport;isconnectedto;baie-comeau_airport;baie-comeau_airport;isconnectedto;rouyn-noranda_airport;baie-comeau_airport;isconnectedto;bonaventure_airport;0.92208433;1;0.98721606;2;0.96414554;3;1.5057673727464471;4.6789939403533936
baie-comeau_airport;isconnectedto;sept-îles_airport;sept-îles_airport;isconnectedto;baie-comeau_airport;baie-comeau_airport;isconnectedto;rouyn-noranda_airport;saint-augustin_airport;isconnectedto;baie-comeau_airport;0.92208433;1;0.98721606;2;0.9697659;4;2.504362427758014;4.6368138790130615
abu_dhabi_international_airport;isconnectedto;tribhuvan_international_airport;tribhuvan_international_airport;isconnectedto;abu_dhabi_international_airport;shahjalal_international_airport;isconnectedto;abu_dhabi_international_airport;abu_dhabi_international_airport;isconnectedto;kuala_lumpur_international_airport;0.97417283;1;0.9840973;7;0.9724497;6;-0.49708813740649427;26.17980408668518
abu_dhabi_international_airport;isconnectedto;tribhuvan_international_airport;tribhuvan_international_airport;isconnectedto;abu_dhabi_international_airport;chhatrapati_shivaji_international_airport;isconnectedto;abu_dhabi_international_airport;abu_dhabi_international_airport;isconnectedto;kuala_lumpur_international_airport;0.97417283;1;0.9840973;7;0.9802525;5;-1.4990388017812641;26.887654304504395
abu_dhabi_international_airport;isconnectedto;tribhuvan_international_airport;tribhuvan_international_airport;isconnectedto;abu_dhabi_international_airport;abu_dhabi_international_airport;isconnectedto;indira_gandhi_international_airport;abu_dhabi_international_airport;isconnectedto;kuala_lumpur_international_airport;0.97417283;1;0.9840973;7;0.9903638;5;-1.5015666135543835;26.639919757843018
abu_dhabi_international_airport;isconnectedto;tribhuvan_international_airport;tribhuvan_international_airport;isconnectedto;abu_dhabi_international_airport;chhatrapati_shivaji_international_airport;isconnectedto;abu_dhabi_international_airport;shahjalal_international_airport;isconnectedto;abu_dhabi_international_airport;0.97417283;1;0.9840973;7;0.99513346;3;-3.5027590113988407;26.699077606201172
abu_dhabi_international_airport;isconnectedto;tribhuvan_international_airport;tribhuvan_international_airport;isconnectedto;abu_dhabi_international_airport;shahjalal_international_airport;isconnectedto;abu_dhabi_international_airport;abu_dhabi_international_airport;isconnectedto;indira_gandhi_international_airport;0.97417283;1;0.9840973;7;0.98259014;5;-1.499623209309377;27.42378306388855
abu_dhabi_international_airport;isconnectedto;tribhuvan_international_airport;tribhuvan_international_airport;isconnectedto;abu_dhabi_international_airport;chhatrapati_shivaji_international_airport;isconnectedto;abu_dhabi_international_airport;abu_dhabi_international_airport;isconnectedto;indira_gandhi_international_airport;0.97417283;1;0.9840973;7;0.9588164;14;7.5063198866168;26.56798219680786
abu_dhabi_international_airport;isconnectedto;tribhuvan_international_airport;tribhuvan_international_airport;isconnectedto;abu_dhabi_international_airport;abu_dhabi_international_airport;isconnectedto;kuala_lumpur_international_airport;abu_dhabi_international_airport;isconnectedto;jinnah_international_airport;0.97417283;1;0.9840973;7;0.99295455;3;-3.5022142980772886;27.35370922088623
abu_dhabi_international_airport;isconnectedto;tribhuvan_international_airport;tribhuvan_international_airport;isconnectedto;abu_dhabi_international_airport;muscat_international_airport;isconnectedto;abu_dhabi_international_airport;abu_dhabi_international_airport;isconnectedto;kuala_lumpur_international_airport;0.97417283;1;0.9840973;7;0.9868881;5;-1.5006977017165744;27.030379056930542
abu_dhabi_international_airport;isconnectedto;tribhuvan_international_airport;tribhuvan_international_airport;isconnectedto;abu_dhabi_international_airport;abu_dhabi_international_airport;isconnectedto;kuala_lumpur_international_airport;hong_kong_international_airport;isconnectedto;abu_dhabi_international_airport;0.97417283;1;0.9840973;7;0.9692327;8;1.5037160874622637;26.34140920639038
abu_dhabi_international_airport;isconnectedto;tribhuvan_international_airport;tribhuvan_international_airport;isconnectedto;abu_dhabi_international_airport;abu_dhabi_international_airport;isconnectedto;hamad_international_airport;abu_dhabi_international_airport;isconnectedto;kuala_lumpur_international_airport;0.97417283;1;0.9840973;7;0.8575415;20;13.5315967892054;26.610191106796265
gujarat;islocatedin;gandhinagar;gujarat;islocatedin;india;jamnagar;islocatedin;gujarat;panchmahal_district;islocatedin;gujarat;0.5957318;1;0.62031716;2;0.3558231;2;0.5657407089855407;6.318424701690674
gujarat;islocatedin;gandhinagar;gujarat;hascapital;gandhinagar;gujarat;islocatedin;india;jamnagar;islocatedin;gujarat;0.5957318;1;0.62031716;2;0.439518;2;0.5450770647694432;6.222634792327881
gujarat;islocatedin;gandhinagar;gujarat;hascapital;gandhinagar;jamnagar;islocatedin;gujarat;panchmahal_district;islocatedin;gujarat;0.5957318;1;0.62031716;2;0.445375;2;0.5436243387402119;6.344797849655151
gujarat;islocatedin;gandhinagar;gujarat;islocatedin;india;vadodara_district;islocatedin;gujarat;jamnagar;islocatedin;gujarat;0.5957318;1;0.62031716;2;0.5007018;2;0.5298682399929492;6.421401023864746
gujarat;islocatedin;gandhinagar;vadodara_district;islocatedin;gujarat;jamnagar;islocatedin;gujarat;panchmahal_district;islocatedin;gujarat;0.5957318;1;0.62031716;2;0.547982;2;0.5180759149228722;6.231935739517212
gujarat;islocatedin;gandhinagar;gujarat;hascapital;gandhinagar;gujarat;islocatedin;india;panchmahal_district;islocatedin;gujarat;0.5957318;1;0.62031716;2;0.3535929;2;0.5662885391790478;6.083868026733398
gujarat;islocatedin;gandhinagar;gujarat;islocatedin;india;jamnagar;islocatedin;gujarat;ahmedabad;islocatedin;gujarat;0.5957318;1;0.62031716;2;0.41378388;2;0.5514505610577388;6.1924779415130615
gujarat;islocatedin;gandhinagar;gujarat;hascapital;gandhinagar;vadodara_district;islocatedin;gujarat;jamnagar;islocatedin;gujarat;0.5957318;1;0.62031716;2;0.6843257;2;0.4840033277921357;5.989979267120361
gujarat;islocatedin;gandhinagar;gujarat;islocatedin;india;surat;islocatedin;gujarat;jamnagar;islocatedin;gujarat;0.5957318;1;0.62031716;2;0.25561735;3;1.5901776477234653;6.129719257354736
gujarat;islocatedin;gandhinagar;jamnagar;islocatedin;gujarat;panchmahal_district;islocatedin;gujarat;ahmedabad;islocatedin;gujarat;0.5957318;1;0.62031716;2;0.62446564;2;0.49896288066830224;6.3121092319488525
gujarat;islocatedin;gandhinagar;surat;islocatedin;gujarat;jamnagar;islocatedin;gujarat;panchmahal_district;islocatedin;gujarat;0.5957318;1;0.62031716;2;0.52973515;2;0.5226300319231668;6.984488010406494
järva_county;islocatedin;paide;järva_county;hascapital;paide;paide;islocatedin;järva_county;koigi_parish;islocatedin;järva_county;0.5622096;1;0.7504594;2;0.02829157;9;7.673084200453611;3.947011947631836
järva_county;islocatedin;paide;järva_county;hascapital;paide;paide;islocatedin;järva_county;türi;islocatedin;järva_county;0.5622096;1;0.7504594;2;0.075145364;4;2.6626920316387728;3.954468011856079
järva_county;islocatedin;paide;järva_county;hascapital;paide;paide;islocatedin;järva_county;järva_county;islocatedin;estonia;0.5622096;1;0.7504594;2;0.00046694686;9;7.679177049753836;3.8120574951171875
järva_county;islocatedin;paide;paide;islocatedin;järva_county;türi;islocatedin;järva_county;koigi_parish;islocatedin;järva_county;0.5622096;1;0.7504594;2;0.4701111;2;0.5696316051781672;3.9596879482269287
järva_county;islocatedin;paide;järva_county;hascapital;paide;türi;islocatedin;järva_county;koigi_parish;islocatedin;järva_county;0.5622096;1;0.7504594;2;0.24038903;2;0.6248229598978642;4.052256107330322
järva_county;islocatedin;paide;paide;islocatedin;järva_county;järva_county;islocatedin;estonia;koigi_parish;islocatedin;järva_county;0.5622096;1;0.7504594;2;0.2427912;2;0.6242596725865811;3.938441038131714
järva_county;islocatedin;paide;paide;islocatedin;järva_county;järva_county;islocatedin;estonia;türi;islocatedin;järva_county;0.5622096;1;0.7504594;2;0.28673428;2;0.6138974981468922;3.95269513130188
järva_county;islocatedin;paide;järva_county;hascapital;paide;järva_county;islocatedin;estonia;koigi_parish;islocatedin;järva_county;0.5622096;1;0.7504594;2;0.0029453377;3;1.67863677317106;3.9432990550994873
järva_county;islocatedin;paide;järva_county;hascapital;paide;järva_county;islocatedin;estonia;türi;islocatedin;järva_county;0.5622096;1;0.7504594;2;0.030633252;2;0.6725687224497732;3.8342883586883545
järva_county;islocatedin;paide;järva_county;islocatedin;estonia;türi;islocatedin;järva_county;koigi_parish;islocatedin;järva_county;0.5622096;1;0.7504594;2;0.5546942;2;0.548785593771094;3.9514400959014893
kostas_chalkias;playsfor;real_murcia;kostas_chalkias;isaffiliatedto;real_murcia;kostas_chalkias;playsfor;paok_fc;kostas_chalkias;playsfor;iraklis_thessaloniki_f.c.;0.8414569;1;0.9916089;2;0.08154021;9;7.71301421880421;4.742820978164673
kostas_chalkias;playsfor;real_murcia;kostas_chalkias;isaffiliatedto;real_murcia;kostas_chalkias;playsfor;iraklis_thessaloniki_f.c.;kostas_chalkias;playsfor;panathinaikos_f.c.;0.8414569;1;0.9916089;2;0.2248545;6;4.682818385034985;4.526136159896851
kostas_chalkias;playsfor;real_murcia;kostas_chalkias;isaffiliatedto;real_murcia;kostas_chalkias;playsfor;iraklis_thessaloniki_f.c.;kostas_chalkias;playsfor;aris_f.c._(thessaloniki);0.8414569;1;0.9916089;2;0.015147223;24;22.726405578086847;4.638477325439453
paíto;playsfor;sporting_clube_de_portugal;paíto;isaffiliatedto;sporting_clube_de_portugal;paíto;playsfor;skoda_xanthi_f.c.;paíto;playsfor;rcd_mallorca;0.8967926;1;0.9922496;2;0.7266761;4;2.5660058850029275;4.514590263366699
paíto;playsfor;sporting_clube_de_portugal;paíto;playsfor;skoda_xanthi_f.c.;paíto;playsfor;rcd_mallorca;paíto;playsfor;fc_sion;0.8967926;1;0.9922496;2;0.99379325;3;1.4996140898040315;4.512129545211792
paíto;playsfor;sporting_clube_de_portugal;paíto;playsfor;skoda_xanthi_f.c.;paíto;playsfor;rcd_mallorca;paíto;playsfor;sporting_clube_de_portugal_b;0.8967926;1;0.9922496;2;0.88834685;4;2.525952345501122;4.604921579360962
paíto;playsfor;sporting_clube_de_portugal;paíto;playsfor;skoda_xanthi_f.c.;paíto;playsfor;rcd_mallorca;paíto;isaffiliatedto;sporting_clube_de_portugal_b;0.8967926;1;0.9922496;2;0.9879913;4;2.501064582050464;4.5408852100372314
paíto;playsfor;sporting_clube_de_portugal;paíto;playsfor;skoda_xanthi_f.c.;paíto;playsfor;rcd_mallorca;paíto;playsfor;mozambique_national_football_team;0.8967926;1;0.9922496;2;0.9441659;4;2.5120186151061183;4.5449347496032715
paíto;playsfor;sporting_clube_de_portugal;paíto;playsfor;skoda_xanthi_f.c.;paíto;playsfor;rcd_mallorca;paíto;isaffiliatedto;rcd_mallorca;0.8967926;1;0.9922496;2;0.9934916;3;1.4996895045441159;4.554163455963135
paíto;playsfor;sporting_clube_de_portugal;paíto;playsfor;skoda_xanthi_f.c.;paíto;playsfor;rcd_mallorca;paíto;isaffiliatedto;fc_sion;0.8967926;1;0.9922496;2;0.9684317;4;2.5059541927328044;4.560398101806641
paíto;playsfor;sporting_clube_de_portugal;paíto;playsfor;skoda_xanthi_f.c.;paíto;playsfor;rcd_mallorca;paíto;playsfor;fc_vaslui;0.8967926;1;0.9922496;2;0.9944095;3;1.4994600268317395;4.592211961746216
paíto;playsfor;sporting_clube_de_portugal;paíto;playsfor;skoda_xanthi_f.c.;paíto;playsfor;rcd_mallorca;paíto;isaffiliatedto;s.c._braga;0.8967926;1;0.9922496;2;0.98303396;4;2.502303896930191;4.962723255157471
paíto;playsfor;sporting_clube_de_portugal;paíto;playsfor;skoda_xanthi_f.c.;paíto;isaffiliatedto;skoda_xanthi_f.c.;paíto;playsfor;rcd_mallorca;0.8967926;1;0.9922496;2;0.978848;2;0.5033503567406138;4.959912538528442
paíto;playsfor;sporting_clube_de_portugal;paíto;isaffiliatedto;mozambique_national_football_team;paíto;playsfor;skoda_xanthi_f.c.;paíto;playsfor;rcd_mallorca;0.8967926;1;0.9922496;2;0.9884161;2;0.5009583819096478;4.9631593227386475
paíto;playsfor;sporting_clube_de_portugal;paíto;playsfor;skoda_xanthi_f.c.;paíto;playsfor;rcd_mallorca;paíto;isaffiliatedto;r.c.d._mallorca;0.8967926;1;0.9922496;2;0.99426866;2;0.4994952382371937;4.9575371742248535
lamin_conteh;playsfor;sierra_leone_national_football_team;lamin_conteh;isaffiliatedto;sierra_leone_national_football_team;lamin_conteh;playsfor;perlis_fa;lamin_conteh;playsfor;fujairah_sc;0.80243766;1;0.96209466;2;0.31200108;6;4.657031544870749;4.787403106689453
lamin_conteh;playsfor;sierra_leone_national_football_team;lamin_conteh;isaffiliatedto;sierra_leone_national_football_team;lamin_conteh;playsfor;fujairah_sc;lamin_conteh;playsfor;chanthaburi_f.c.;0.80243766;1;0.96209466;2;0.30109403;7;5.659485125640543;4.624752998352051
lamin_conteh;playsfor;sierra_leone_national_football_team;lamin_conteh;isaffiliatedto;sierra_leone_national_football_team;lamin_conteh;playsfor;fujairah_sc;lamin_conteh;playsfor;sv_meppen;0.80243766;1;0.96209466;2;0.54636014;7;5.602462111049288;4.486844301223755
lamin_conteh;playsfor;sierra_leone_national_football_team;lamin_conteh;isaffiliatedto;sierra_leone_national_football_team;lamin_conteh;playsfor;perlis_fa;lamin_conteh;playsfor;chanthaburi_f.c.;0.80243766;1;0.96209466;2;0.12814881;9;7.697188616355967;4.487651824951172
lamin_conteh;playsfor;sierra_leone_national_football_team;lamin_conteh;isaffiliatedto;sierra_leone_national_football_team;lamin_conteh;playsfor;perlis_fa;lamin_conteh;playsfor;sv_meppen;0.80243766;1;0.96209466;2;0.6334756;4;2.5814233356859955;4.484724044799805
lamin_conteh;playsfor;sierra_leone_national_football_team;lamin_conteh;isaffiliatedto;sierra_leone_national_football_team;lamin_conteh;playsfor;sv_meppen;lamin_conteh;playsfor;chanthaburi_f.c.;0.80243766;1;0.96209466;2;0.41366947;4;2.633770147698096;4.484280824661255
lamin_conteh;playsfor;sierra_leone_national_football_team;lamin_conteh;playsfor;perlis_fa;lamin_conteh;playsfor;fujairah_sc;lamin_conteh;playsfor;chanthaburi_f.c.;0.80243766;1;0.96209466;2;0.97028774;5;3.4979517425434588;4.453974485397339
lamin_conteh;playsfor;sierra_leone_national_football_team;lamin_conteh;playsfor;perlis_fa;lamin_conteh;playsfor;fujairah_sc;lamin_conteh;playsfor;sv_meppen;0.80243766;1;0.96209466;2;0.9437703;5;3.5045809656047715;4.442100763320923
lamin_conteh;playsfor;sierra_leone_national_football_team;lamin_conteh;playsfor;fujairah_sc;lamin_conteh;playsfor;sv_meppen;lamin_conteh;playsfor;chanthaburi_f.c.;0.80243766;1;0.96209466;2;0.981851;5;3.495061081357582;4.4448089599609375
lamin_conteh;playsfor;sierra_leone_national_football_team;lamin_conteh;playsfor;perlis_fa;lamin_conteh;playsfor;sv_meppen;lamin_conteh;playsfor;chanthaburi_f.c.;0.80243766;1;0.96209466;2;0.93750185;5;3.5061478943532665;4.442313194274902
lamin_conteh;playsfor;sierra_leone_national_football_team;lamin_conteh;isaffiliatedto;sierra_leone_national_football_team;lamin_conteh;wasbornin;freetown;lamin_conteh;playsfor;fujairah_sc;0.80243766;1;0.96209466;2;0.05360569;23;21.71269086365209;4.327648878097534
carlos_trucco;playsfor;oriente_petrolero;carlos_trucco;isaffiliatedto;oriente_petrolero;carlos_trucco;playsfor;club_destroyers;carlos_trucco;isaffiliatedto;c.f._pachuca;0.9345929;1;0.9982805;2;0.891795;3;1.5265962595282074;4.537019729614258
carlos_trucco;playsfor;oriente_petrolero;carlos_trucco;isaffiliatedto;oriente_petrolero;carlos_trucco;playsfor;club_destroyers;carlos_trucco;playsfor;c.f._pachuca;0.9345929;1;0.9982805;2;0.81872284;4;2.544769201349991;4.833089113235474
carlos_trucco;playsfor;oriente_petrolero;carlos_trucco;isaffiliatedto;oriente_petrolero;carlos_trucco;isaffiliatedto;club_bolívar;carlos_trucco;playsfor;club_destroyers;0.9345929;1;0.9982805;2;0.89367527;3;1.5261274942355123;4.621243953704834
carlos_trucco;playsfor;oriente_petrolero;carlos_trucco;isaffiliatedto;oriente_petrolero;carlos_trucco;playsfor;bolivia_national_football_team;carlos_trucco;playsfor;club_destroyers;0.9345929;1;0.9982805;2;0.7206581;4;2.568963227917889;4.571230888366699
carlos_trucco;playsfor;oriente_petrolero;carlos_trucco;isaffiliatedto;oriente_petrolero;carlos_trucco;playsfor;club_destroyers;carlos_trucco;playsfor;club_atlético_vélez_sarsfield;0.9345929;1;0.9982805;2;0.9008314;4;2.524343019897093;4.572297096252441
carlos_trucco;playsfor;oriente_petrolero;carlos_trucco;isaffiliatedto;oriente_petrolero;carlos_trucco;isaffiliatedto;estudiantes_de_río_cuarto;carlos_trucco;playsfor;club_destroyers;0.9345929;1;0.9982805;2;0.7765486;3;1.5552069726843742;4.562028646469116
carlos_trucco;playsfor;oriente_petrolero;carlos_trucco;isaffiliatedto;oriente_petrolero;carlos_trucco;playsfor;club_destroyers;carlos_trucco;isaffiliatedto;bolivia_national_football_team;0.9345929;1;0.9982805;2;0.8522708;3;1.5364377246087773;4.618741035461426
carlos_trucco;playsfor;oriente_petrolero;carlos_trucco;isaffiliatedto;oriente_petrolero;carlos_trucco;isaffiliatedto;club_destroyers;carlos_trucco;playsfor;club_destroyers;0.9345929;1;0.9982805;2;0.81026524;2;0.5468658438344626;4.5533599853515625
carlos_trucco;playsfor;oriente_petrolero;carlos_trucco;isaffiliatedto;oriente_petrolero;carlos_trucco;playsfor;estudiantes_de_río_cuarto;carlos_trucco;playsfor;club_destroyers;0.9345929;1;0.9982805;2;0.8609721;4;2.5342732737124587;4.421902418136597
carlos_trucco;playsfor;oriente_petrolero;carlos_trucco;isaffiliatedto;oriente_petrolero;carlos_trucco;playsfor;club_destroyers;carlos_trucco;isaffiliatedto;club_atlético_vélez_sarsfield;0.9345929;1;0.9982805;2;0.9395676;3;1.5146740098038984;4.420506000518799
carlos_trucco;playsfor;oriente_petrolero;carlos_trucco;isaffiliatedto;oriente_petrolero;carlos_trucco;playsfor;club_bolívar;carlos_trucco;playsfor;club_destroyers;0.9345929;1;0.9982805;2;0.7333832;4;2.5658397846804277;4.422758340835571
carlos_trucco;playsfor;oriente_petrolero;carlos_trucco;isaffiliatedto;oriente_petrolero;carlos_trucco;playsfor;club_destroyers;carlos_trucco;isaffiliatedto;deportivo_cali;0.9345929;1;0.9982805;2;0.8437048;3;1.5385671644222718;4.421264171600342
carlos_trucco;playsfor;oriente_petrolero;carlos_trucco;isaffiliatedto;oriente_petrolero;carlos_trucco;hasgender;male;carlos_trucco;playsfor;club_destroyers;0.9345929;1;0.9982805;2;0.8919877;3;1.5265482201377611;4.315935850143433
carlos_trucco;playsfor;oriente_petrolero;carlos_trucco;isaffiliatedto;oriente_petrolero;carlos_trucco;playsfor;club_destroyers;carlos_trucco;playsfor;deportivo_cali;0.9345929;1;0.9982805;2;0.9246658;4;2.518395372645065;4.6819422245025635
lionel_ainsworth;playsfor;wycombe_wanderers_f.c.;lionel_ainsworth;isaffiliatedto;wycombe_wanderers_f.c.;lionel_ainsworth;isaffiliatedto;watford_f.c.;lionel_ainsworth;playsfor;burton_albion_f.c.;0.82275844;1;0.98752624;2;0.6301458;4;2.5884061672394343;5.618049144744873
lionel_ainsworth;playsfor;wycombe_wanderers_f.c.;lionel_ainsworth;isaffiliatedto;wycombe_wanderers_f.c.;lionel_ainsworth;isaffiliatedto;rotherham_united_f.c.;lionel_ainsworth;playsfor;burton_albion_f.c.;0.82275844;1;0.98752624;2;0.69278866;5;3.5731555726890294;6.009796619415283
lionel_ainsworth;playsfor;wycombe_wanderers_f.c.;lionel_ainsworth;isaffiliatedto;wycombe_wanderers_f.c.;lionel_ainsworth;playsfor;burton_albion_f.c.;lionel_ainsworth;isaffiliatedto;england_national_under-16_football_team;0.82275844;1;0.98752624;2;0.79121023;5;3.548921980794986;5.975746393203735
lionel_ainsworth;playsfor;wycombe_wanderers_f.c.;lionel_ainsworth;isaffiliatedto;rotherham_united_f.c.;lionel_ainsworth;isaffiliatedto;watford_f.c.;lionel_ainsworth;playsfor;burton_albion_f.c.;0.82275844;1;0.98752624;2;0.9787161;2;0.5022025263895963;5.915957927703857
lionel_ainsworth;playsfor;wycombe_wanderers_f.c.;lionel_ainsworth;isaffiliatedto;wycombe_wanderers_f.c.;lionel_ainsworth;playsfor;burton_albion_f.c.;lionel_ainsworth;playsfor;england_national_under-17_football_team;0.82275844;1;0.98752624;2;0.47177783;7;5.626153059513133;6.093151807785034
lionel_ainsworth;playsfor;wycombe_wanderers_f.c.;lionel_ainsworth;isaffiliatedto;watford_f.c.;lionel_ainsworth;playsfor;burton_albion_f.c.;lionel_ainsworth;isaffiliatedto;england_national_under-16_football_team;0.82275844;1;0.98752624;2;0.98420745;2;0.5008296958937272;6.104045867919922
lionel_ainsworth;playsfor;wycombe_wanderers_f.c.;lionel_ainsworth;isaffiliatedto;watford_f.c.;lionel_ainsworth;playsfor;burton_albion_f.c.;lionel_ainsworth;playsfor;england_national_under-17_football_team;0.82275844;1;0.98752624;2;0.9738473;4;2.503419673765202;6.129678249359131
lionel_ainsworth;playsfor;wycombe_wanderers_f.c.;lionel_ainsworth;isaffiliatedto;rotherham_united_f.c.;lionel_ainsworth;playsfor;burton_albion_f.c.;lionel_ainsworth;isaffiliatedto;england_national_under-16_football_team;0.82275844;1;0.98752624;2;0.9777215;2;0.5024511617753858;6.012027025222778
lionel_ainsworth;playsfor;wycombe_wanderers_f.c.;lionel_ainsworth;isaffiliatedto;rotherham_united_f.c.;lionel_ainsworth;playsfor;burton_albion_f.c.;lionel_ainsworth;playsfor;england_national_under-17_football_team;0.82275844;1;0.98752624;2;0.9802972;2;0.5018072496626772;6.100390434265137
lionel_ainsworth;playsfor;wycombe_wanderers_f.c.;lionel_ainsworth;playsfor;burton_albion_f.c.;lionel_ainsworth;playsfor;england_national_under-17_football_team;lionel_ainsworth;isaffiliatedto;england_national_under-16_football_team;0.82275844;1;0.98752624;2;0.9800309;3;1.501873827148634;6.034038543701172
lionel_ainsworth;playsfor;wycombe_wanderers_f.c.;lionel_ainsworth;isaffiliatedto;wycombe_wanderers_f.c.;lionel_ainsworth;isaffiliatedto;rotherham_united_f.c.;lionel_ainsworth;isaffiliatedto;watford_f.c.;0.82275844;1;0.98752624;2;0.64027053;3;1.5859519371540476;5.857456922531128
lionel_ainsworth;playsfor;wycombe_wanderers_f.c.;lionel_ainsworth;isaffiliatedto;wycombe_wanderers_f.c.;lionel_ainsworth;isaffiliatedto;watford_f.c.;lionel_ainsworth;isaffiliatedto;england_national_under-16_football_team;0.82275844;1;0.98752624;2;0.8873555;3;1.5250217636537626;5.773737192153931
evgheni_hmaruc;playsfor;fc_dinamo-auto_tiraspol;evgheni_hmaruc;playsfor;moldova_national_football_team;evgheni_hmaruc;playsfor;moldova_national_under-21_football_team;evgheni_hmaruc;playsfor;fc_rapid_ghidighici;0.6816587;1;0.92459285;2;0.77329355;5;3.5377528337354183;6.327635049819946
evgheni_hmaruc;playsfor;fc_dinamo-auto_tiraspol;evgheni_hmaruc;playsfor;moldova_national_football_team;evgheni_hmaruc;playsfor;moldova_national_under-21_football_team;evgheni_hmaruc;playsfor;fc_nistru_otaci;0.6816587;1;0.92459285;2;0.74258906;5;3.5453757606742906;6.277728796005249
evgheni_hmaruc;playsfor;fc_dinamo-auto_tiraspol;evgheni_hmaruc;playsfor;moldova_national_football_team;evgheni_hmaruc;playsfor;moldova_national_under-21_football_team;evgheni_hmaruc;playsfor;fc_dynamo_saint_petersburg;0.6816587;1;0.92459285;2;0.8511725;5;3.5183468455581206;7.995870590209961
evgheni_hmaruc;playsfor;fc_dinamo-auto_tiraspol;evgheni_hmaruc;playsfor;moldova_national_football_team;evgheni_hmaruc;playsfor;moldova_national_under-21_football_team;evgheni_hmaruc;playsfor;pfc_cska_sofia;0.6816587;1;0.92459285;2;0.75993603;5;3.5410714527320253;7.378604888916016
evgheni_hmaruc;playsfor;fc_dinamo-auto_tiraspol;evgheni_hmaruc;playsfor;moldova_national_under-21_football_team;evgheni_hmaruc;playsfor;fc_rapid_ghidighici;evgheni_hmaruc;playsfor;fc_nistru_otaci;0.6816587;1;0.92459285;2;0.7630344;6;4.540301989796024;6.6488120555877686
evgheni_hmaruc;playsfor;fc_dinamo-auto_tiraspol;evgheni_hmaruc;playsfor;moldova_national_under-21_football_team;evgheni_hmaruc;playsfor;fc_dynamo_saint_petersburg;evgheni_hmaruc;playsfor;fc_rapid_ghidighici;0.6816587;1;0.92459285;2;0.8851059;5;3.5098704536857763;6.2853615283966064
evgheni_hmaruc;playsfor;fc_dinamo-auto_tiraspol;evgheni_hmaruc;playsfor;moldova_national_under-21_football_team;evgheni_hmaruc;playsfor;fc_rapid_ghidighici;evgheni_hmaruc;playsfor;pfc_cska_sofia;0.6816587;1;0.92459285;2;0.83732873;5;3.5218021965411785;6.248944282531738
evgheni_hmaruc;playsfor;fc_dinamo-auto_tiraspol;evgheni_hmaruc;playsfor;moldova_national_football_team;evgheni_hmaruc;playsfor;moldova_national_under-21_football_team;evgheni_hmaruc;playsfor;fc_chernomorets_novorossiysk;0.6816587;1;0.92459285;2;0.8673616;5;3.514303907799062;6.302374839782715
evgheni_hmaruc;playsfor;fc_dinamo-auto_tiraspol;evgheni_hmaruc;playsfor;moldova_national_football_team;evgheni_hmaruc;playsfor;fc_tiraspol;evgheni_hmaruc;playsfor;moldova_national_under-21_football_team;0.6816587;1;0.92459285;2;0.7514323;5;3.5431822918984475;6.613435506820679
evgheni_hmaruc;playsfor;fc_dinamo-auto_tiraspol;evgheni_hmaruc;playsfor;moldova_national_under-21_football_team;evgheni_hmaruc;playsfor;fc_dynamo_saint_petersburg;evgheni_hmaruc;playsfor;fc_nistru_otaci;0.6816587;1;0.92459285;2;0.7988049;5;3.5314055943833043;6.796416759490967
evgheni_hmaruc;playsfor;fc_dinamo-auto_tiraspol;evgheni_hmaruc;playsfor;moldova_national_under-21_football_team;evgheni_hmaruc;playsfor;fc_nistru_otaci;evgheni_hmaruc;playsfor;pfc_cska_sofia;0.6816587;1;0.92459285;2;0.92298317;5;3.5004024206723092;8.068774938583374
evgheni_hmaruc;playsfor;fc_dinamo-auto_tiraspol;evgheni_hmaruc;playsfor;moldova_national_football_team;evgheni_hmaruc;playsfor;moldova_national_under-21_football_team;evgheni_hmaruc;playsfor;cs_tiligul-tiras_tiraspol;0.6816587;1;0.92459285;2;0.9056515;5;3.5047351941362814;7.542718172073364
evgheni_hmaruc;playsfor;fc_dinamo-auto_tiraspol;evgheni_hmaruc;playsfor;moldova_national_under-21_football_team;evgheni_hmaruc;playsfor;fc_dynamo_saint_petersburg;evgheni_hmaruc;playsfor;pfc_cska_sofia;0.6816587;1;0.92459285;2;0.8264926;6;4.524505411759216;8.034331321716309
terry_boss;playsfor;cascade_surge;terry_boss;playsfor;tulsa_golden_hurricane_men's_soccer;terry_boss;playsfor;charlotte_eagles;terry_boss;playsfor;seattle_sounders_fc;0.8830545;1;0.9659068;2;0.95940185;5;3.501626232492472;5.549131870269775
terry_boss;playsfor;cascade_surge;terry_boss;playsfor;puerto_rico_islanders;terry_boss;playsfor;tulsa_golden_hurricane_men's_soccer;terry_boss;playsfor;charlotte_eagles;0.8830545;1;0.9659068;2;0.95997554;5;3.501482810203319;5.4637346267700195
terry_boss;playsfor;cascade_surge;terry_boss;playsfor;tulsa_golden_hurricane_men's_soccer;terry_boss;playsfor;vermont_voltage;terry_boss;playsfor;charlotte_eagles;0.8830545;1;0.9659068;2;0.9647272;4;2.500294893945833;5.409530878067017
terry_boss;playsfor;cascade_surge;terry_boss;playsfor;tulsa_golden_hurricane_men's_soccer;terry_boss;playsfor;charlotte_eagles;terry_boss;playsfor;fort_wayne_fever;0.8830545;1;0.9659068;2;0.9581024;5;3.501951088538921;5.572876453399658
terry_boss;playsfor;cascade_surge;terry_boss;playsfor;puerto_rico_islanders;terry_boss;playsfor;charlotte_eagles;terry_boss;playsfor;seattle_sounders_fc;0.8830545;1;0.9659068;2;0.9533857;5;3.503130231135081;5.209123373031616
terry_boss;playsfor;cascade_surge;terry_boss;playsfor;vermont_voltage;terry_boss;playsfor;charlotte_eagles;terry_boss;playsfor;seattle_sounders_fc;0.8830545;1;0.9659068;2;0.94658375;5;3.5048306124402586;5.620783567428589
terry_boss;playsfor;cascade_surge;terry_boss;playsfor;charlotte_eagles;terry_boss;playsfor;seattle_sounders_fc;terry_boss;playsfor;fort_wayne_fever;0.8830545;1;0.9659068;2;0.9644796;5;3.500356793343065;5.6351234912872314
terry_boss;playsfor;cascade_surge;terry_boss;playsfor;puerto_rico_islanders;terry_boss;playsfor;vermont_voltage;terry_boss;playsfor;charlotte_eagles;0.8830545;1;0.9659068;2;0.95431423;5;3.5028981092859937;5.517903566360474
terry_boss;playsfor;cascade_surge;terry_boss;playsfor;tulsa_golden_hurricane_men's_soccer;terry_boss;playsfor;charlotte_eagles;terry_boss;playsfor;new_york_red_bulls;0.8830545;1;0.9659068;2;0.95721126;5;3.5021738720054523;5.2635743618011475
terry_boss;playsfor;cascade_surge;terry_boss;playsfor;puerto_rico_islanders;terry_boss;playsfor;charlotte_eagles;terry_boss;playsfor;fort_wayne_fever;0.8830545;1;0.9659068;2;0.9542648;5;3.5029104619318367;5.435280084609985
terry_boss;playsfor;cascade_surge;terry_boss;playsfor;vermont_voltage;terry_boss;playsfor;charlotte_eagles;terry_boss;playsfor;fort_wayne_fever;0.8830545;1;0.9659068;2;0.95660454;5;3.502325547853375;5.537830829620361
terry_boss;playsfor;cascade_surge;terry_boss;playsfor;puerto_rico_islanders;terry_boss;playsfor;tulsa_golden_hurricane_men's_soccer;terry_boss;playsfor;seattle_sounders_fc;0.8830545;1;0.9659068;2;0.94065785;5;3.506311900868826;5.527295827865601
terry_boss;playsfor;cascade_surge;terry_boss;playsfor;tulsa_golden_hurricane_men's_soccer;terry_boss;playsfor;vermont_voltage;terry_boss;playsfor;seattle_sounders_fc;0.8830545;1;0.9659068;2;0.9378928;5;3.5070030430736825;5.4978859424591064
terry_boss;playsfor;cascade_surge;terry_boss;playsfor;charlotte_eagles;terry_boss;playsfor;seattle_sounders_fc;terry_boss;playsfor;new_york_red_bulls;0.8830545;1;0.9659068;2;0.9682137;5;3.499423280614075;5.539539337158203
terry_boss;playsfor;cascade_surge;terry_boss;playsfor;tulsa_golden_hurricane_men's_soccer;terry_boss;playsfor;seattle_sounders_fc;terry_boss;playsfor;fort_wayne_fever;0.8830545;1;0.9659068;2;0.94653964;5;3.504841638267952;5.571672439575195
terry_boss;playsfor;cascade_surge;terry_boss;playsfor;puerto_rico_islanders;terry_boss;playsfor;tulsa_golden_hurricane_men's_soccer;terry_boss;playsfor;vermont_voltage;0.8830545;1;0.9659068;2;0.9268841;5;3.5097544332426462;5.454699754714966
terry_boss;playsfor;cascade_surge;terry_boss;playsfor;puerto_rico_islanders;terry_boss;playsfor;charlotte_eagles;terry_boss;playsfor;new_york_red_bulls;0.8830545;1;0.9659068;2;0.96294326;5;3.5007408851923176;5.1464316844940186
terry_boss;playsfor;cascade_surge;terry_boss;playsfor;vermont_voltage;terry_boss;playsfor;charlotte_eagles;terry_boss;playsfor;new_york_red_bulls;0.8830545;1;0.9659068;2;0.9572246;5;3.5021705342083433;5.547343969345093
terry_boss;playsfor;cascade_surge;terry_boss;playsfor;puerto_rico_islanders;terry_boss;playsfor;tulsa_golden_hurricane_men's_soccer;terry_boss;playsfor;fort_wayne_fever;0.8830545;1;0.9659068;2;0.9133461;5;3.513137147486952;5.362210512161255
terry_boss;playsfor;cascade_surge;terry_boss;playsfor;tulsa_golden_hurricane_men's_soccer;terry_boss;playsfor;vermont_voltage;terry_boss;playsfor;fort_wayne_fever;0.8830545;1;0.9659068;2;0.9516284;3;1.5035695423220594;5.344675302505493
terry_boss;playsfor;cascade_surge;terry_boss;playsfor;charlotte_eagles;terry_boss;playsfor;fort_wayne_fever;terry_boss;playsfor;new_york_red_bulls;0.8830545;1;0.9659068;2;0.95657545;5;3.5023328194622376;5.413067817687988
terry_boss;playsfor;cascade_surge;terry_boss;playsfor;puerto_rico_islanders;terry_boss;playsfor;vermont_voltage;terry_boss;playsfor;seattle_sounders_fc;0.8830545;1;0.9659068;2;0.95161575;5;3.5035727012070845;5.335016250610352
bonni_ginzburg;playsfor;beitar_jerusalem_f.c.;bonni_ginzburg;isaffiliatedto;beitar_jerusalem_f.c.;bonni_ginzburg;playsfor;maccabi_ironi_ashdod_f.c.;bonni_ginzburg;playsfor;maccabi_tel_aviv_f.c.;0.9232859;1;0.99000084;2;0.8095077;6;4.545001175566522;5.787800312042236
bonni_ginzburg;playsfor;beitar_jerusalem_f.c.;bonni_ginzburg;isaffiliatedto;beitar_jerusalem_f.c.;bonni_ginzburg;playsfor;maccabi_ironi_ashdod_f.c.;bonni_ginzburg;isaffiliatedto;hapoel_ashkelon_f.c.;0.9232859;1;0.99000084;2;0.75496143;4;2.5584908308656154;5.871810436248779
bonni_ginzburg;playsfor;beitar_jerusalem_f.c.;bonni_ginzburg;isaffiliatedto;beitar_jerusalem_f.c.;bonni_ginzburg;playsfor;maccabi_ironi_ashdod_f.c.;bonni_ginzburg;playsfor;rangers_f.c.;0.9232859;1;0.99000084;2;0.575806;8;6.602093290732034;5.852473497390747
bonni_ginzburg;playsfor;beitar_jerusalem_f.c.;bonni_ginzburg;isaffiliatedto;beitar_jerusalem_f.c.;bonni_ginzburg;playsfor;maccabi_ironi_ashdod_f.c.;bonni_ginzburg;isaffiliatedto;rangers_f.c.;0.9232859;1;0.99000084;2;0.6729085;5;3.5786154747942027;5.860695123672485
bonni_ginzburg;playsfor;beitar_jerusalem_f.c.;bonni_ginzburg;isaffiliatedto;beitar_jerusalem_f.c.;bonni_ginzburg;playsfor;maccabi_ironi_ashdod_f.c.;bonni_ginzburg;wasbornin;tel_aviv;0.9232859;1;0.99000084;2;0.59502983;6;4.597478794551164;4.888762712478638
bonni_ginzburg;playsfor;beitar_jerusalem_f.c.;bonni_ginzburg;isaffiliatedto;beitar_jerusalem_f.c.;bonni_ginzburg;playsfor;maccabi_ironi_ashdod_f.c.;bonni_ginzburg;playsfor;maccabi_yavne_f.c.;0.9232859;1;0.99000084;2;0.28714737;12;10.66882011292572;5.532878398895264
tony_jantschke;playsfor;germany_national_youth_football_team;tony_jantschke;isaffiliatedto;germany_national_youth_football_team;tony_jantschke;isaffiliatedto;de/deutsche_fußballnationalmannschaft_(u-20-männer);tony_jantschke;isaffiliatedto;sc_borea_dresden;0.9426915;1;0.9964886;2;0.72254;5;3.568062010294731;3.5332565307617188
tony_jantschke;playsfor;germany_national_youth_football_team;tony_jantschke;isaffiliatedto;germany_national_youth_football_team;tony_jantschke;isaffiliatedto;borussia_mönchengladbach;tony_jantschke;isaffiliatedto;de/deutsche_fußballnationalmannschaft_(u-20-männer);0.9426915;1;0.9964886;2;0.31954327;6;4.663056585782572;3.5735673904418945
tony_jantschke;playsfor;germany_national_youth_football_team;tony_jantschke;isaffiliatedto;germany_national_youth_football_team;tony_jantschke;isaffiliatedto;de/deutsche_fußballnationalmannschaft_(u-20-männer);tony_jantschke;wasbornin;hoyerswerda;0.9426915;1;0.9964886;2;0.09596964;6;4.711056136114555;3.839284896850586
tony_jantschke;playsfor;germany_national_youth_football_team;tony_jantschke;isaffiliatedto;germany_national_youth_football_team;tony_jantschke;isaffiliatedto;borussia_mönchengladbach;tony_jantschke;isaffiliatedto;sc_borea_dresden;0.9426915;1;0.9964886;2;0.8343663;6;4.540442020941312;3.3557355403900146
tony_jantschke;playsfor;germany_national_youth_football_team;tony_jantschke;isaffiliatedto;germany_national_youth_football_team;tony_jantschke;wasbornin;hoyerswerda;tony_jantschke;isaffiliatedto;sc_borea_dresden;0.9426915;1;0.9964886;2;0.5126869;6;4.618645179360302;3.84493350982666
tony_jantschke;playsfor;germany_national_youth_football_team;tony_jantschke;isaffiliatedto;germany_national_youth_football_team;tony_jantschke;isaffiliatedto;borussia_mönchengladbach;tony_jantschke;wasbornin;hoyerswerda;0.9426915;1;0.9964886;2;0.6744233;6;4.5798274974470035;3.9040446281433105
tony_jantschke;playsfor;germany_national_youth_football_team;tony_jantschke;isaffiliatedto;germany_national_youth_football_team;tony_jantschke;isaffiliatedto;de/deutsche_fußballnationalmannschaft_(u-19-junioren);tony_jantschke;isaffiliatedto;de/deutsche_fußballnationalmannschaft_(u-20-männer);0.9426915;1;0.9964886;2;0.06431128;7;5.71751680466571;3.566669225692749
tony_jantschke;playsfor;germany_national_youth_football_team;tony_jantschke;isaffiliatedto;germany_national_youth_football_team;tony_jantschke;isaffiliatedto;de/deutsche_fußballnationalmannschaft_(u-20-männer);tony_jantschke;playsfor;borussia_mönchengladbach;0.9426915;1;0.9964886;2;0.35758835;7;5.654504811629965;3.5960686206817627
tony_jantschke;playsfor;germany_national_youth_football_team;tony_jantschke;isaffiliatedto;germany_national_youth_football_team;tony_jantschke;isaffiliatedto;de/deutsche_fußballnationalmannschaft_(u-20-männer);tony_jantschke;isaffiliatedto;germany_national_under-21_football_team;0.9426915;1;0.9964886;2;0.6288161;4;2.590896439200046;3.5683724880218506
tony_jantschke;playsfor;germany_national_youth_football_team;tony_jantschke;isaffiliatedto;germany_national_youth_football_team;tony_jantschke;isaffiliatedto;de/deutsche_fußballnationalmannschaft_(u-20-männer);tony_jantschke;isaffiliatedto;de/deutsche_fußballnationalmannschaft_(u-17-junioren);0.9426915;1;0.9964886;2;0.36366087;4;2.653130357620174;3.528895139694214
tony_jantschke;playsfor;germany_national_youth_football_team;tony_jantschke;isaffiliatedto;germany_national_youth_football_team;tony_jantschke;isaffiliatedto;de/deutsche_fußballnationalmannschaft_(u-19-junioren);tony_jantschke;isaffiliatedto;sc_borea_dresden;0.9426915;1;0.9964886;2;0.6259278;5;3.5915944721384556;3.5902950763702393
tony_jantschke;playsfor;germany_national_youth_football_team;tony_jantschke;isaffiliatedto;germany_national_youth_football_team;tony_jantschke;playsfor;borussia_mönchengladbach;tony_jantschke;isaffiliatedto;sc_borea_dresden;0.9426915;1;0.9964886;2;0.35496438;7;5.6550979258032115;3.6286566257476807
tony_jantschke;playsfor;germany_national_youth_football_team;tony_jantschke;isaffiliatedto;germany_national_youth_football_team;tony_jantschke;isaffiliatedto;de/deutsche_fußballnationalmannschaft_(u-20-männer);tony_jantschke;playsfor;sc_borea_dresden;0.9426915;1;0.9964886;2;0.08214202;8;6.71388878248841;3.657792329788208
tony_jantschke;playsfor;germany_national_youth_football_team;tony_jantschke;isaffiliatedto;germany_national_youth_football_team;tony_jantschke;isaffiliatedto;germany_national_under-21_football_team;tony_jantschke;isaffiliatedto;sc_borea_dresden;0.9426915;1;0.9964886;2;0.55956054;6;4.6075267997609;3.5899438858032227
tony_jantschke;playsfor;germany_national_youth_football_team;tony_jantschke;isaffiliatedto;germany_national_youth_football_team;tony_jantschke;isaffiliatedto;de/deutsche_fußballnationalmannschaft_(u-19-junioren);tony_jantschke;isaffiliatedto;borussia_mönchengladbach;0.9426915;1;0.9964886;2;0.13382056;8;6.703217782251389;3.616658926010132
tony_jantschke;playsfor;germany_national_youth_football_team;tony_jantschke;isaffiliatedto;germany_national_youth_football_team;tony_jantschke;isaffiliatedto;de/deutsche_fußballnationalmannschaft_(u-17-junioren);tony_jantschke;isaffiliatedto;sc_borea_dresden;0.9426915;1;0.9964886;2;0.66055423;5;3.5832025889456482;3.5193610191345215
vitālijs_astafjevs;playsfor;jfk_olimps;vitālijs_astafjevs;isaffiliatedto;jfk_olimps;vitālijs_astafjevs;playsfor;fc_admira_wacker_mödling;vitālijs_astafjevs;isaffiliatedto;fk_rīgas_futbola_skola;0.92579395;1;0.9906255;3;0.6652254;5;2.580639734629381;6.0020763874053955
vitālijs_astafjevs;playsfor;jfk_olimps;vitālijs_astafjevs;isaffiliatedto;jfk_olimps;vitālijs_astafjevs;playsfor;skonto_fc;vitālijs_astafjevs;playsfor;fc_admira_wacker_mödling;0.92579395;1;0.9906255;3;0.67534554;6;3.5781735136693764;5.928284168243408
vitālijs_astafjevs;playsfor;jfk_olimps;vitālijs_astafjevs;isaffiliatedto;jfk_olimps;vitālijs_astafjevs;playsfor;fc_admira_wacker_mödling;vitālijs_astafjevs;isaffiliatedto;fc_rubin_kazan;0.92579395;1;0.9906255;3;0.91148305;5;2.5197752919750296;5.75238037109375
vitālijs_astafjevs;playsfor;jfk_olimps;vitālijs_astafjevs;isaffiliatedto;jfk_olimps;vitālijs_astafjevs;isaffiliatedto;fc_admira_wacker_mödling;vitālijs_astafjevs;playsfor;fc_admira_wacker_mödling;0.92579395;1;0.9906255;3;0.8656379;4;1.5312062860067672;5.826134920120239
vitālijs_astafjevs;playsfor;jfk_olimps;vitālijs_astafjevs;isaffiliatedto;jfk_olimps;vitālijs_astafjevs;playsfor;fc_admira_wacker_mödling;vitālijs_astafjevs;isaffiliatedto;skonto_fc;0.92579395;1;0.9906255;3;0.762507;5;2.5567835908808965;5.888797283172607
vitālijs_astafjevs;playsfor;jfk_olimps;vitālijs_astafjevs;isaffiliatedto;jfk_olimps;vitālijs_astafjevs;playsfor;fc_admira_wacker_mödling;vitālijs_astafjevs;hasgender;male;0.92579395;1;0.9906255;3;0.7781375;6;3.5529230206633353;6.048125505447388
vitālijs_astafjevs;playsfor;jfk_olimps;vitālijs_astafjevs;isaffiliatedto;jfk_olimps;vitālijs_astafjevs;playsfor;fk_rīgas_futbola_skola;vitālijs_astafjevs;playsfor;fc_admira_wacker_mödling;0.92579395;1;0.9906255;3;0.6928477;6;3.5738991850354775;6.010819673538208
vitālijs_astafjevs;playsfor;jfk_olimps;vitālijs_astafjevs;isaffiliatedto;jfk_olimps;vitālijs_astafjevs;playsfor;fc_admira_wacker_mödling;vitālijs_astafjevs;playsfor;fc_rubin_kazan;0.92579395;1;0.9906255;3;0.8873191;6;3.5258036587390826;5.966500282287598
vitālijs_astafjevs;playsfor;jfk_olimps;vitālijs_astafjevs;isaffiliatedto;jfk_olimps;vitālijs_astafjevs;playsfor;skonto_fc;vitālijs_astafjevs;isaffiliatedto;fk_rīgas_futbola_skola;0.92579395;1;0.9906255;3;0.76916987;7;4.5551387467729905;5.8531880378723145
vitālijs_astafjevs;playsfor;jfk_olimps;vitālijs_astafjevs;isaffiliatedto;jfk_olimps;vitālijs_astafjevs;isaffiliatedto;fc_rubin_kazan;vitālijs_astafjevs;isaffiliatedto;fk_rīgas_futbola_skola;0.92579395;1;0.9906255;3;0.8651985;5;2.531315707957705;5.927755117416382
vitālijs_astafjevs;playsfor;jfk_olimps;vitālijs_astafjevs;isaffiliatedto;jfk_olimps;vitālijs_astafjevs;isaffiliatedto;fc_admira_wacker_mödling;vitālijs_astafjevs;isaffiliatedto;fk_rīgas_futbola_skola;0.92579395;1;0.9906255;3;0.8629662;4;1.5318715579878979;5.516495943069458
patrick_mayo;playsfor;bay_united_f.c.;patrick_mayo;playsfor;bush_bucks_f.c._(1957);patrick_mayo;playsfor;thanda_royal_zulu_f.c.;patrick_mayo;playsfor;south_africa_national_football_team;0.768306;1;0.9840352;2;0.9665041;5;3.504382661987349;3.5981662273406982
patrick_mayo;playsfor;bay_united_f.c.;patrick_mayo;playsfor;thanda_royal_zulu_f.c.;patrick_mayo;playsfor;south_africa_national_football_team;patrick_mayo;playsfor;kaizer_chiefs_f.c.;0.768306;1;0.9840352;2;0.97192323;5;3.5030279534438513;3.5923333168029785
patrick_mayo;playsfor;bay_united_f.c.;patrick_mayo;playsfor;supersport_united_f.c.;patrick_mayo;playsfor;thanda_royal_zulu_f.c.;patrick_mayo;playsfor;south_africa_national_football_team;0.768306;1;0.9840352;2;0.983186;5;3.500212296830771;3.4876182079315186
patrick_mayo;playsfor;bay_united_f.c.;patrick_mayo;playsfor;bush_bucks_f.c._(1957);patrick_mayo;playsfor;thanda_royal_zulu_f.c.;patrick_mayo;playsfor;kaizer_chiefs_f.c.;0.768306;1;0.9840352;2;0.9528913;5;3.5077853466648747;3.7180676460266113
patrick_mayo;playsfor;bay_united_f.c.;patrick_mayo;playsfor;supersport_united_f.c.;patrick_mayo;playsfor;bush_bucks_f.c._(1957);patrick_mayo;playsfor;thanda_royal_zulu_f.c.;0.768306;1;0.9840352;2;0.9850463;5;3.4997472167230446;3.8236093521118164
patrick_mayo;playsfor;bay_united_f.c.;patrick_mayo;playsfor;bush_bucks_f.c._(1957);patrick_mayo;playsfor;south_africa_national_football_team;patrick_mayo;playsfor;kaizer_chiefs_f.c.;0.768306;1;0.9840352;2;0.95358986;5;3.507610746454451;3.827152967453003
patrick_mayo;playsfor;bay_united_f.c.;patrick_mayo;playsfor;supersport_united_f.c.;patrick_mayo;playsfor;thanda_royal_zulu_f.c.;patrick_mayo;playsfor;kaizer_chiefs_f.c.;0.768306;1;0.9840352;2;0.97818804;5;3.5014617848471823;3.822699785232544
patrick_mayo;playsfor;bay_united_f.c.;patrick_mayo;playsfor;supersport_united_f.c.;patrick_mayo;playsfor;bush_bucks_f.c._(1957);patrick_mayo;playsfor;south_africa_national_football_team;0.768306;1;0.9840352;2;0.9659895;5;3.504511308435299;3.8191819190979004
patrick_mayo;playsfor;bay_united_f.c.;patrick_mayo;playsfor;supersport_united_f.c.;patrick_mayo;playsfor;south_africa_national_football_team;patrick_mayo;playsfor;kaizer_chiefs_f.c.;0.768306;1;0.9840352;2;0.9711266;5;3.5032270996685355;3.829050064086914
patrick_mayo;playsfor;bay_united_f.c.;patrick_mayo;playsfor;supersport_united_f.c.;patrick_mayo;playsfor;bush_bucks_f.c._(1957);patrick_mayo;playsfor;kaizer_chiefs_f.c.;0.768306;1;0.9840352;2;0.98005414;4;2.5009952621428235;3.826932907104492
patrick_mayo;playsfor;bay_united_f.c.;patrick_mayo;isaffiliatedto;bay_united_f.c.;patrick_mayo;playsfor;thanda_royal_zulu_f.c.;patrick_mayo;playsfor;south_africa_national_football_team;0.768306;1;0.9840352;2;0.55886745;5;3.6047191808179715;3.8126943111419678
patrick_mayo;playsfor;bay_united_f.c.;patrick_mayo;isaffiliatedto;bay_united_f.c.;patrick_mayo;playsfor;bush_bucks_f.c._(1957);patrick_mayo;playsfor;thanda_royal_zulu_f.c.;0.768306;1;0.9840352;2;0.41866162;5;3.6376949597609043;3.8060450553894043
patrick_mayo;playsfor;bay_united_f.c.;patrick_mayo;isaffiliatedto;bay_united_f.c.;patrick_mayo;playsfor;thanda_royal_zulu_f.c.;patrick_mayo;playsfor;kaizer_chiefs_f.c.;0.768306;1;0.9840352;2;0.5865337;4;2.598087213366754;3.8179569244384766
patrick_mayo;playsfor;bay_united_f.c.;patrick_mayo;isaffiliatedto;bay_united_f.c.;patrick_mayo;playsfor;bush_bucks_f.c._(1957);patrick_mayo;playsfor;south_africa_national_football_team;0.768306;1;0.9840352;2;0.45948476;4;2.628211193781612;3.8225514888763428
patrick_mayo;playsfor;bay_united_f.c.;patrick_mayo;isaffiliatedto;bay_united_f.c.;patrick_mayo;playsfor;supersport_united_f.c.;patrick_mayo;playsfor;thanda_royal_zulu_f.c.;0.768306;1;0.9840352;2;0.5985125;4;2.5952044230292106;3.827582597732544
patrick_mayo;playsfor;bay_united_f.c.;patrick_mayo;isaffiliatedto;bay_united_f.c.;patrick_mayo;playsfor;south_africa_national_football_team;patrick_mayo;playsfor;kaizer_chiefs_f.c.;0.768306;1;0.9840352;2;0.61667776;4;2.5908202870516597;3.8286991119384766
gonzalo_novoa;playsfor;club_universidad_de_chile;gonzalo_novoa;isaffiliatedto;club_universidad_de_chile;gonzalo_novoa;hasgender;male;gonzalo_novoa;playsfor;unión_temuco;0.92602146;1;0.9999535;2;0.25441295;3;1.6782062339462027;3.3514440059661865
gonzalo_novoa;playsfor;club_universidad_de_chile;gonzalo_novoa;isaffiliatedto;club_universidad_de_chile;gonzalo_novoa;playsfor;deportes_temuco;gonzalo_novoa;playsfor;unión_temuco;0.92602146;1;0.9999535;2;0.20152034;4;2.689639224403735;3.270057201385498
gonzalo_novoa;playsfor;club_universidad_de_chile;gonzalo_novoa;isaffiliatedto;club_universidad_de_chile;gonzalo_novoa;playsfor;unión_temuco;gonzalo_novoa;isaffiliatedto;deportes_valdivia;0.92602146;1;0.9999535;2;0.22850901;3;1.6838332851164073;3.319248676300049
gonzalo_novoa;playsfor;club_universidad_de_chile;gonzalo_novoa;isaffiliatedto;club_universidad_de_chile;gonzalo_novoa;hasgender;male;gonzalo_novoa;playsfor;deportes_temuco;0.92602146;1;0.9999535;2;0.34217346;3;1.6587615315882325;3.1778335571289062
gonzalo_novoa;playsfor;club_universidad_de_chile;gonzalo_novoa;isaffiliatedto;club_universidad_de_chile;gonzalo_novoa;hasgender;male;gonzalo_novoa;isaffiliatedto;deportes_valdivia;0.92602146;1;0.9999535;2;0.12773077;3;1.7052079895478756;3.112358808517456
gonzalo_novoa;playsfor;club_universidad_de_chile;gonzalo_novoa;isaffiliatedto;club_universidad_de_chile;gonzalo_novoa;playsfor;unión_temuco;gonzalo_novoa;isaffiliatedto;deportes_copiapó;0.92602146;1;0.9999535;2;0.27888343;3;1.6728426061003718;3.1486833095550537
gonzalo_novoa;playsfor;club_universidad_de_chile;gonzalo_novoa;isaffiliatedto;club_universidad_de_chile;gonzalo_novoa;playsfor;deportes_valdivia;gonzalo_novoa;playsfor;unión_temuco;0.92602146;1;0.9999535;2;0.57665443;4;2.604272419201216;3.181774616241455
gonzalo_novoa;playsfor;club_universidad_de_chile;gonzalo_novoa;isaffiliatedto;club_universidad_de_chile;gonzalo_novoa;playsfor;unión_temuco;gonzalo_novoa;isaffiliatedto;deportes_temuco;0.92602146;1;0.9999535;2;0.17364223;3;1.6955744071024084;3.2274298667907715
gonzalo_novoa;playsfor;club_universidad_de_chile;gonzalo_novoa;isaffiliatedto;club_universidad_de_chile;gonzalo_novoa;playsfor;deportes_temuco;gonzalo_novoa;isaffiliatedto;deportes_valdivia;0.92602146;1;0.9999535;2;0.14241616;4;2.702145875176689;3.2272653579711914
gonzalo_novoa;playsfor;club_universidad_de_chile;gonzalo_novoa;isaffiliatedto;club_universidad_de_chile;gonzalo_novoa;playsfor;unión_temuco;gonzalo_novoa;playsfor;deportes_copiapó;0.92602146;1;0.9999535;2;0.47030774;4;2.6294004967904003;3.246541976928711
gonzalo_novoa;playsfor;club_universidad_de_chile;gonzalo_novoa;isaffiliatedto;club_universidad_de_chile;gonzalo_novoa;hasgender;male;gonzalo_novoa;isaffiliatedto;deportes_copiapó;0.92602146;1;0.9999535;2;0.74916077;2;0.5623716120283332;3.3873507976531982
philip_wadler;worksat;carnegie_mellon_university;philip_wadler;graduatedfrom;carnegie_mellon_university;philip_wadler;worksat;stanford_university;philip_wadler;worksat;university_of_sydney;0.8959772;1;0.9850353;2;0.12721814;7;5.702204397572683;3.6780905723571777
philip_wadler;worksat;carnegie_mellon_university;philip_wadler;graduatedfrom;carnegie_mellon_university;philip_wadler;worksat;chalmers_university_of_technology;philip_wadler;worksat;stanford_university;0.8959772;1;0.9850353;2;0.08957685;5;3.7100153213559435;3.696455717086792
philip_wadler;worksat;carnegie_mellon_university;philip_wadler;graduatedfrom;carnegie_mellon_university;philip_wadler;worksat;university_of_edinburgh;philip_wadler;worksat;stanford_university;0.8959772;1;0.9850353;2;0.5344828;3;1.6107705932419651;3.55356764793396
philip_wadler;worksat;carnegie_mellon_university;philip_wadler;graduatedfrom;carnegie_mellon_university;philip_wadler;worksat;avaya;philip_wadler;worksat;stanford_university;0.8959772;1;0.9850353;2;0.41519624;4;2.6387260383252085;3.652658700942993
philip_wadler;worksat;carnegie_mellon_university;philip_wadler;graduatedfrom;carnegie_mellon_university;philip_wadler;worksat;stanford_university;philip_wadler;worksat;university_of_oxford;0.8959772;1;0.9850353;2;0.45442897;4;2.629624517577261;3.751225471496582
philip_wadler;worksat;carnegie_mellon_university;philip_wadler;graduatedfrom;carnegie_mellon_university;philip_wadler;worksat;stanford_university;philip_wadler;worksat;university_of_copenhagen;0.8959772;1;0.9850353;2;0.29202005;5;3.6666373409597526;3.752858877182007
philip_wadler;worksat;carnegie_mellon_university;philip_wadler;graduatedfrom;carnegie_mellon_university;philip_wadler;hasgender;male;philip_wadler;worksat;stanford_university;0.8959772;1;0.9850353;2;0.37870505;4;2.647103234541895;3.6790130138397217
philip_wadler;worksat;carnegie_mellon_university;philip_wadler;graduatedfrom;carnegie_mellon_university;philip_wadler;worksat;bell_labs;philip_wadler;worksat;stanford_university;0.8959772;1;0.9850353;2;0.17131121;4;2.692902519295998;3.697669506072998
philip_wadler;worksat;carnegie_mellon_university;philip_wadler;graduatedfrom;carnegie_mellon_university;philip_wadler;graduatedfrom;stanford_university;philip_wadler;worksat;stanford_university;0.8959772;1;0.9850353;2;0.2526639;2;0.6753254418950342;3.591850757598877
philip_wadler;worksat;carnegie_mellon_university;philip_wadler;graduatedfrom;carnegie_mellon_university;philip_wadler;worksat;stanford_university;philip_wadler;worksat;university_of_glasgow;0.8959772;1;0.9850353;2;0.5411688;3;1.6091799516003806;3.686311721801758
philip_wadler;worksat;carnegie_mellon_university;philip_wadler;worksat;chalmers_university_of_technology;philip_wadler;worksat;stanford_university;philip_wadler;worksat;university_of_sydney;0.8959772;1;0.9850353;2;0.9201078;3;1.5162261797589212;3.7320289611816406
philip_wadler;worksat;carnegie_mellon_university;philip_wadler;worksat;university_of_edinburgh;philip_wadler;worksat;stanford_university;philip_wadler;worksat;university_of_sydney;0.8959772;1;0.9850353;2;0.9113212;3;1.5184201792126908;3.8299951553344727
leonard_eugene_dickson;worksat;university_of_chicago;leonard_eugene_dickson;graduatedfrom;university_of_chicago;alexander_oppenheim;hasacademicadvisor;leonard_eugene_dickson;leonard_eugene_dickson;hasgender;male;0.9911669;1;0.99872726;2;0.9636324;2;0.508772813903495;3.734426498413086
leonard_eugene_dickson;worksat;university_of_chicago;leonard_eugene_dickson;graduatedfrom;university_of_chicago;leonard_eugene_dickson;wasbornin;independence_iowa;leonard_eugene_dickson;hasgender;male;0.9911669;1;0.99872726;2;0.9780151;2;0.5051778492019677;3.642054796218872
leonard_eugene_dickson;worksat;university_of_chicago;leonard_eugene_dickson;graduatedfrom;university_of_chicago;alexander_oppenheim;hasacademicadvisor;leonard_eugene_dickson;leonard_eugene_dickson;wasbornin;independence_iowa;0.9911669;1;0.99872726;2;0.94059193;2;0.514529740699173;3.5369884967803955
leonard_eugene_dickson;worksat;university_of_chicago;leonard_eugene_dickson;graduatedfrom;university_of_chicago;abraham_adrian_albert;hasacademicadvisor;leonard_eugene_dickson;leonard_eugene_dickson;hasgender;male;0.9911669;1;0.99872726;2;0.93002427;2;0.5171689961915853;3.62886905670166
leonard_eugene_dickson;worksat;university_of_chicago;leonard_eugene_dickson;graduatedfrom;university_of_chicago;leonard_eugene_dickson;hasacademicadvisor;e._h._moore;leonard_eugene_dickson;hasgender;male;0.9911669;1;0.99872726;2;0.96674925;2;0.5079938215921338;3.667483329772949
leonard_eugene_dickson;worksat;university_of_chicago;leonard_eugene_dickson;graduatedfrom;university_of_chicago;leonard_eugene_dickson;iscitizenof;united_states;leonard_eugene_dickson;hasgender;male;0.9911669;1;0.99872726;2;0.77980494;2;0.5545130325477267;3.58182692527771
leonard_eugene_dickson;worksat;university_of_chicago;leonard_eugene_dickson;graduatedfrom;university_of_chicago;abraham_adrian_albert;hasacademicadvisor;leonard_eugene_dickson;alexander_oppenheim;hasacademicadvisor;leonard_eugene_dickson;0.9911669;1;0.99872726;2;0.9662424;2;0.5081205081607959;3.8089218139648438
leonard_eugene_dickson;worksat;university_of_chicago;leonard_eugene_dickson;graduatedfrom;university_of_chicago;abraham_adrian_albert;hasacademicadvisor;leonard_eugene_dickson;leonard_eugene_dickson;wasbornin;independence_iowa;0.9911669;1;0.99872726;2;0.9395367;2;0.514793324015732;3.6010780334472656
leonard_eugene_dickson;worksat;university_of_chicago;leonard_eugene_dickson;graduatedfrom;university_of_chicago;leonard_eugene_dickson;hasacademicadvisor;e._h._moore;alexander_oppenheim;hasacademicadvisor;leonard_eugene_dickson;0.9911669;1;0.99872726;2;0.865331;2;0.533299702137099;3.7810144424438477
leonard_eugene_dickson;worksat;university_of_chicago;leonard_eugene_dickson;graduatedfrom;university_of_chicago;leonard_eugene_dickson;hasacademicadvisor;e._h._moore;leonard_eugene_dickson;wasbornin;independence_iowa;0.9911669;1;0.99872726;2;0.8799578;2;0.5296575120471111;3.6444764137268066
leonard_eugene_dickson;worksat;university_of_chicago;leonard_eugene_dickson;graduatedfrom;university_of_chicago;leonard_eugene_dickson;diedin;harlingen_texas;leonard_eugene_dickson;hasgender;male;0.9911669;1;0.99872726;2;0.9094977;2;0.522292606903942;3.686650514602661
leonard_eugene_dickson;worksat;university_of_chicago;leonard_eugene_dickson;graduatedfrom;university_of_chicago;leonard_eugene_dickson;iscitizenof;united_states;alexander_oppenheim;hasacademicadvisor;leonard_eugene_dickson;0.9911669;1;0.99872726;2;0.8205987;2;0.5444147579904054;3.4372658729553223
leonard_eugene_dickson;worksat;university_of_chicago;leonard_eugene_dickson;graduatedfrom;university_of_chicago;leonard_eugene_dickson;iscitizenof;united_states;leonard_eugene_dickson;wasbornin;independence_iowa;0.9911669;1;0.99872726;2;0.3118411;3;1.6652738869217338;3.3175771236419678
leonard_eugene_dickson;worksat;university_of_chicago;leonard_eugene_dickson;graduatedfrom;university_of_chicago;leonard_eugene_dickson;hasgender;male;leonard_eugene_dickson;haswonprize;newcomb_cleveland_prize;0.9911669;1;0.99872726;2;0.99663615;2;0.5005227772476664;3.363121271133423
leonard_eugene_dickson;worksat;university_of_chicago;leonard_eugene_dickson;graduatedfrom;university_of_chicago;alexander_oppenheim;hasacademicadvisor;leonard_eugene_dickson;leonard_eugene_dickson;diedin;harlingen_texas;0.9911669;1;0.99872726;2;0.92141044;2;0.5193195819182708;3.4876084327697754
