/m/07z2lx;/award/award_category/category_of;/m/0gcf2r;/m/0bxtg;/award/award_nominee/award_nominations./award/award_nomination/award;/m/07z2lx;;;;;;;;;;8.901481;8.734743;1;1
/m/0fm3kw;/award/award_category/disciplines_or_subjects;/m/02vxn;/m/02wypbh;/award/award_category/disciplines_or_subjects;/m/02vxn;;;;;;;;;;7.5022554;7.5509033;1;1
/m/0fm3b5;/award/award_category/nominees./award/award_nomination/nominated_for;/m/06823p;/m/0gpx6;/award/award_winning_work/awards_won./award/award_honor/award;/m/0fm3b5;;;;;;;;;;6.280915;6.4102125;1;1
/m/0fbtbt;/award/award_category/nominees./award/award_nomination/nominated_for;/m/039fgy;/m/01rlxt;/award/award_nominee/award_nominations./award/award_nomination/award;/m/0fbtbt;;;;;;;;;;6.4939213;6.3848085;1;1
/m/0gs96;/award/award_category/winners./award/award_honor/ceremony;/m/05qb8vx;/m/0gr0m;/award/award_category/winners./award/award_honor/ceremony;/m/05qb8vx;;;;;;;;;;6.310187;6.373717;1;2
/m/0257__;/award/award_category/winners./award/award_honor/ceremony;/m/02rjjll;/m/03ncb2;/award/award_category/winners./award/award_honor/ceremony;/m/02rjjll;;;;;;;;;;6.7829776;6.852639;1;1
/m/01c92g;/award/award_category/winners./award/award_honor/ceremony;/m/01mhwk;/m/01k_mc;/award/award_nominee/award_nominations./award/award_nomination/award;/m/01c92g;;;;;;;;;;6.28211;6.432476;1;1
/m/023vrq;/award/award_category/winners./award/award_honor/ceremony;/m/056878;/m/01f2q5;/award/award_nominee/award_nominations./award/award_nomination/award;/m/023vrq;;;;;;;;;;6.769189;6.808099;1;1
/m/0gq_d;/award/award_category/winners./award/award_honor/ceremony;/m/073hmq;/m/01bzr4;/award/award_nominee/award_nominations./award/award_nomination/award;/m/0gq_d;;;;;;;;;;6.5318217;6.535412;1;1
/m/03nc9d;/award/award_category/winners./award/award_honor/ceremony;/m/09n4nb;/m/05pdbs;/award/award_nominee/award_nominations./award/award_nomination/award;/m/03nc9d;;;;;;;;;;6.95832;6.949267;1;1
/m/02gx2k;/award/award_category/winners./award/award_honor/ceremony;/m/0gpjbt;/m/01c4_6;/award/award_category/winners./award/award_honor/ceremony;/m/0gpjbt;;;;;;;;;;7.1025677;6.8808455;1;1
/m/019bnn;/award/award_category/winners./award/award_honor/ceremony;/m/09n4nb;/m/016_mj;/award/award_nominee/award_nominations./award/award_nomination/award;/m/019bnn;;;;;;;;;;6.369121;6.1342797;1;2
/m/0gqzz;/award/award_category/winners./award/award_honor/ceremony;/m/04110lv;/m/0gq_v;/award/award_category/winners./award/award_honor/ceremony;/m/04110lv;;;;;;;;;;6.0465775;5.8583155;1;1
/m/0bzkgg;/award/award_ceremony/awards_presented./award/award_honor/honored_for;/m/01jc6q;/m/0f4x7;/award/award_category/winners./award/award_honor/ceremony;/m/0bzkgg;;;;;;;;;;9.541165;9.647295;1;1
/m/0bxs_d;/award/award_ceremony/awards_presented./award/award_honor/honored_for;/m/015g28;/m/0gkts9;/award/award_category/winners./award/award_honor/ceremony;/m/0bxs_d;;;;;;;;;;7.291349;7.019707;1;2
/m/0f502;/award/award_nominee/award_nominations./award/award_nomination/award;/m/09sb52;/m/0171cm;/award/award_nominee/award_nominations./award/award_nomination/award;/m/09sb52;;;;;;;;;;6.396143;6.359316;1;1
/m/015bwt;/award/award_nominee/award_nominations./award/award_nomination/award;/m/01d38g;/m/015mrk;/award/award_nominee/award_nominations./award/award_nomination/award;/m/01d38g;;;;;;;;;;7.0548368;6.854616;1;1
/m/07xr3w;/award/award_nominee/award_nominations./award/award_nomination/award;/m/0gr0m;/m/01fx6y;/award/award_winning_work/awards_won./award/award_honor/award;/m/0gr0m;;;;;;;;;;7.382904;7.175065;1;1
/m/05txrz;/award/award_nominee/award_nominations./award/award_nomination/award;/m/05zvj3m;/m/06msq2;/award/award_nominee/award_nominations./award/award_nomination/award_nominee;/m/05txrz;;;;;;;;;;6.519089;6.686912;1;1
/m/02l48d;/award/ranked_item/appears_in_ranked_lists./award/ranking/list;/m/01ptsx;/m/07_dn;/award/ranked_item/appears_in_ranked_lists./award/ranking/list;/m/01ptsx;;;;;;;;;;8.875801;8.890077;1;1
/m/0d35y;/base/petbreeds/city_with_dogs/top_breeds./base/petbreeds/dog_city_relationship/dog_breed;/m/01t032;/m/0d9jr;/base/petbreeds/city_with_dogs/top_breeds./base/petbreeds/dog_city_relationship/dog_breed;/m/01t032;;;;;;;;;;7.4895215;7.5341134;1;1
/m/05xvj;/baseball/baseball_team/team_stats./baseball/baseball_team_stats/season;/m/027pwzc;/m/03m1n;/baseball/baseball_team/team_stats./baseball/baseball_team_stats/season;/m/027pwzc;;;;;;;;;;8.532683;8.3940935;1;1
/m/01gb54;/business/business_operation/industry;/m/02vxn;/m/06_x996;/film/film/production_companies;/m/01gb54;;;;;;;;;;7.7995796;7.8814583;1;1
/m/027b43;/education/educational_institution/school_type;/m/05jxkf;/m/01p896;/education/educational_institution/school_type;/m/05jxkf;;;;;;;;;;7.7709193;8.048025;1;1
/m/017y6l;/education/educational_institution/students_graduates./education/education/major_field_of_study;/m/02j62;/m/01mpwj;/education/educational_institution/students_graduates./education/education/major_field_of_study;/m/02j62;;;;;;;;;;6.677817;6.350001;1;1
/m/09hgk;/education/educational_institution/students_graduates./education/education/student;/m/03f0324;/m/014mlp;/education/educational_degree/people_with_this_degree./education/education/institution;/m/09hgk;;;;;;;;;;6.0731497;5.9492397;1;1
/m/062z7;/education/field_of_study/students_majoring./education/education/major_field_of_study;/m/02j62;/m/041pnt;/education/educational_institution/students_graduates./education/education/major_field_of_study;/m/062z7;;;;;;;;;;6.347962;6.3832417;1;3
/m/03cxsvl;/film/actor/film./film/performance/film;/m/0h1fktn;/m/064t9;/media_common/netflix_genre/titles;/m/0h1fktn;;;;;;;;;;8.621922;8.29022;1;1
/m/06w2sn5;/film/actor/film./film/performance/special_performance_type;/m/01pb34;/m/01vsgrn;/film/actor/film./film/performance/special_performance_type;/m/01pb34;;;;;;;;;;7.2799425;6.770348;1;1
/m/06rmdr;/film/film/costume_design_by;/m/06w33f8;/m/05b1610;/award/award_category/nominees./award/award_nomination/nominated_for;/m/06rmdr;;;;;;;;;;7.3641987;7.221306;1;1
/m/027m5wv;/film/film/executive_produced_by;/m/05hj_k;/m/01cmp9;/award/award_winning_work/awards_won./award/award_honor/award_winner;/m/05hj_k;;;;;;;;;;8.726238;8.452414;1;1
/m/0hmm7;/film/film/film_format;/m/0cj16;/m/019f4v;/award/award_category/nominees./award/award_nomination/nominated_for;/m/0hmm7;;;;;;;;;;7.883586;7.546368;1;2
/m/06kl78;/film/film/film_production_design_by;/m/03mdw3c;/m/03f7xg;/film/film/film_production_design_by;/m/03mdw3c;;;;;;;;;;9.195055;9.634009;1;1
/m/03hkch7;/film/film/genre;/m/0219x_;/m/016tw3;/film/film_distributor/films_distributed./film/film_film_distributor_relationship/film;/m/03hkch7;;;;;;;;;;6.380606;6.33154;1;1
/m/01chpn;/film/film/genre;/m/01t_vv;/m/08cn4_;/film/actor/film./film/performance/film;/m/01chpn;;;;;;;;;;6.644459;6.6328325;1;1
/m/048rn;/film/film/genre;/m/02kdv5l;/m/0bxsk;/film/film/genre;/m/02kdv5l;;;;;;;;;;7.0746117;7.20672;1;1
/m/0418wg;/film/film/language;/m/02bjrlw;/m/018mxj;/base/schemastaging/organization_extra/phone_number./base/schemastaging/phone_sandbox/service_language;/m/02bjrlw;;;;;;;;;;6.7771096;6.8202705;1;1
/m/048rn;/film/film/music;/m/01pr6q7;/m/0htww;/film/film/music;/m/01pr6q7;;;;;;;;;;8.695478;8.603061;1;1
/m/083skw;/film/film/other_crew./film/film_crew_gig/film_crew_role;/m/09zzb8;/m/0gr4k;/award/award_category/nominees./award/award_nomination/nominated_for;/m/083skw;;;;;;;;;;6.292764;6.3887076;1;1
/m/02fj8n;/film/film/other_crew./film/film_crew_gig/film_crew_role;/m/01vx2h;/m/02qhqz4;/film/film/other_crew./film/film_crew_gig/film_crew_role;/m/01vx2h;;;;;;;;;;6.7517524;6.933163;1;1
/m/031ldd;/film/film/other_crew./film/film_crew_gig/film_crew_role;/m/02r96rf;/m/02rr_z4;/film/film_distributor/films_distributed./film/film_film_distributor_relationship/film;/m/031ldd;;;;;;;;;;6.5291457;6.483821;1;1
/m/02xs6_;/film/film/other_crew./film/film_crew_gig/film_crew_role;/m/02r96rf;/m/09nz_c;/film/actor/film./film/performance/film;/m/02xs6_;;;;;;;;;;7.239138;7.247685;1;1
/m/02nczh;/film/film/other_crew./film/film_crew_gig/film_crew_role;/m/09zzb8;/m/02x4x18;/award/award_category/nominees./award/award_nomination/nominated_for;/m/02nczh;;;;;;;;;;7.111789;7.2536955;1;1
/m/023p33;/film/film/produced_by;/m/081nh;/m/0d__c3;/award/award_ceremony/awards_presented./award/award_honor/award_winner;/m/081nh;;;;;;;;;;6.041832;5.9838104;1;1
/m/02c7k4;/film/film/production_companies;/m/01795t;/m/015rhv;/film/actor/film./film/performance/film;/m/02c7k4;;;;;;;;;;8.379817;8.263441;1;1
/m/0407yfx;/film/film/release_date_s./film/film_regional_release_date/film_release_region;/m/0k6nt;/m/06fcqw;/film/film/release_date_s./film/film_regional_release_date/film_release_region;/m/0k6nt;;;;;;;;;;5.9090176;5.779855;1;1
/m/0dlngsd;/film/film/release_date_s./film/film_regional_release_date/film_release_region;/m/05qhw;/m/0hhggmy;/film/film/release_date_s./film/film_regional_release_date/film_release_region;/m/05qhw;;;;;;;;;;6.094829;6.3116145;1;1
/m/0c3ybss;/film/film/release_date_s./film/film_regional_release_date/film_release_region;/m/0jgd;/m/02rmd_2;/film/film/release_date_s./film/film_regional_release_date/film_release_region;/m/0jgd;;;;;;;;;;6.1919403;5.869413;1;3
/m/0gffmn8;/film/film/release_date_s./film/film_regional_release_date/film_release_region;/m/0k6nt;/m/02v406;/film/actor/film./film/performance/film;/m/0gffmn8;;;;;;;;;;5.6606374;5.742547;1;1
/m/064lsn;/film/film/release_date_s./film/film_regional_release_date/film_release_region;/m/03rjj;/m/02hn5v;/award/award_ceremony/awards_presented./award/award_honor/honored_for;/m/064lsn;;;;;;;;;;6.1620283;6.0317097;1;1
/m/0j43swk;/film/film/release_date_s./film/film_regional_release_date/film_release_region;/m/015fr;/m/02vx4;/olympics/olympic_sport/athletes./olympics/olympic_athlete_affiliation/country;/m/015fr;;;;;;;;;;5.82887;5.7536335;1;1
/m/07f_7h;/film/film/release_date_s./film/film_regional_release_date/film_release_region;/m/01znc_;/m/03z9585;/film/film/release_date_s./film/film_regional_release_date/film_release_region;/m/01znc_;;;;;;;;;;5.987952;5.9076343;1;2
/m/07s846j;/film/film/release_date_s./film/film_regional_release_date/film_release_region;/m/05b4w;/m/054krc;/award/award_category/nominees./award/award_nomination/nominated_for;/m/07s846j;;;;;;;;;;5.8155646;5.7407246;1;1
/m/07bzz7;/film/film/release_date_s./film/film_regional_release_date/film_release_region;/m/03rjj;/m/04zl8;/film/film/release_date_s./film/film_regional_release_date/film_release_region;/m/03rjj;;;;;;;;;;5.7150974;5.5737066;1;1
/m/024mxd;/film/film/story_by;/m/011s9r;/m/05b4l5x;/award/award_category/nominees./award/award_nomination/nominated_for;/m/024mxd;;;;;;;;;;9.47568;9.065794;1;1
/m/0fbw6;/food/food/nutrients./food/nutrition_fact/nutrient;/m/0h1tz;/m/0hkxq;/food/food/nutrients./food/nutrition_fact/nutrient;/m/0h1tz;;;;;;;;;;7.1939135;7.047018;1;1
/m/01nkt;/food/food/nutrients./food/nutrition_fact/nutrient;/m/0f4hc;/m/0dj75;/food/food/nutrients./food/nutrition_fact/nutrient;/m/0f4hc;;;;;;;;;;7.0482645;7.0056305;1;1
/m/01grr2;/government/legislative_session/members./government/government_position_held/district_represented;/m/05k7sb;/m/01gtbb;/government/legislative_session/members./government/government_position_held/district_represented;/m/05k7sb;;;;;;;;;;6.84001;6.866877;1;1
/m/01gsvb;/government/legislative_session/members./government/government_position_held/district_represented;/m/04rrd;/m/01gssm;/government/legislative_session/members./government/government_position_held/legislative_sessions;/m/01gsvb;;;;;;;;;;6.7556653;6.5861473;1;1
/m/070mff;/government/legislative_session/members./government/government_position_held/district_represented;/m/05fhy;/m/06mz5;/location/location/adjoin_s./location/adjoining_relationship/adjoins;/m/05fhy;;;;;;;;;;6.574419;6.668395;1;1
/m/01h7xx;/government/legislative_session/members./government/government_position_held/legislative_sessions;/m/043djx;/m/01gtdd;/government/legislative_session/members./government/government_position_held/legislative_sessions;/m/043djx;;;;;;;;;;7.837267;7.7053423;1;3
/m/06n8j;/location/location/time_zones;/m/02llzg;/m/079yb;/location/location/time_zones;/m/02llzg;;;;;;;;;;6.5633163;6.4193497;1;1
/m/050ks;/location/statistical_region/religions./location/religion_percentage/religion;/m/01y0s9;/m/0168dy;/people/person/religion;/m/01y0s9;;;;;;;;;;6.8763723;7.016776;1;1
/m/0781g;/music/genre/artists;/m/02vgh;/m/0y3_8;/music/genre/artists;/m/02vgh;;;;;;;;;;6.7003317;6.677024;1;1
/m/0175yg;/music/genre/artists;/m/02qsjt;/m/03vv61;/music/record_label/artist;/m/02qsjt;;;;;;;;;;7.0778456;7.022206;1;1
/m/0296y;/music/genre/artists;/m/016lj_;/m/02hnl;/music/performance_role/regular_performances./music/group_membership/group;/m/016lj_;;;;;;;;;;6.9987755;7.050353;1;1
/m/0lbd9;/olympics/olympic_games/medals_awarded./olympics/olympic_medal_honor/medal;/m/02lq5w;/m/05vz3zq;/olympics/olympic_participating_country/medals_won./olympics/olympic_medal_honor/olympics;/m/0lbd9;;;;;;;;;;8.386744;8.474379;1;1
/m/0h3y;/olympics/olympic_participating_country/athletes./olympics/olympic_athlete_affiliation/olympics;/m/0kbvb;/m/0163v;/olympics/olympic_participating_country/athletes./olympics/olympic_athlete_affiliation/olympics;/m/0kbvb;;;;;;;;;;6.631877;6.720723;1;1
/m/01d8l;/olympics/olympic_participating_country/medals_won./olympics/olympic_medal_honor/medal;/m/02lq67;/m/05vz3zq;/olympics/olympic_participating_country/medals_won./olympics/olympic_medal_honor/medal;/m/02lq67;;;;;;;;;;6.1723084;6.008814;1;1
/m/01cf5;/organization/non_profit_organization/registered_with./organization/non_profit_registration/registering_agency;/m/03z19;/m/02h4rq6;/education/educational_degree/people_with_this_degree./education/education/institution;/m/01cf5;;;;;;;;;;9.647508;9.661671;1;1
/m/01xl5;/organization/organization/headquarters./location/mailing_address/citytown;/m/0tbql;/m/01wc7p;/people/person/place_of_birth;/m/0tbql;;;;;;;;;;7.7758665;7.5224447;1;1
/m/01rv7x;/people/ethnicity/people;/m/0dfjb8;/m/0dryh9k;/people/ethnicity/people;/m/0dfjb8;;;;;;;;;;6.4677324;6.70911;1;1
/m/06wvfq;/people/person/gender;/m/02zsn;/m/01rr9f;/people/person/gender;/m/02zsn;;;;;;;;;;8.233344;8.208362;1;1
/m/05slvm;/people/person/gender;/m/02zsn;/m/01q9b9;/award/award_nominee/award_nominations./award/award_nomination/award_nominee;/m/05slvm;;;;;;;;;;6.5281367;6.4913116;1;1
/m/03_hd;/people/person/places_lived./people/place_lived/location;/m/04jpl;/m/01p3ty;/film/film/featured_film_locations;/m/04jpl;;;;;;;;;;5.760516;5.5898194;1;1
/m/02cvp8;/people/person/places_lived./people/place_lived/location;/m/0cr3d;/m/03f2_rc;/people/person/place_of_birth;/m/0cr3d;;;;;;;;;;7.7986846;7.703644;1;1
/m/045cq;/people/person/profession;/m/02jknp;/m/0gv5c;/people/person/profession;/m/02jknp;;;;;;;;;;7.5298715;7.331492;1;1
/m/06p0s1;/people/person/profession;/m/0dgd_;/m/02gqm3;/film/film/cinematography;/m/06p0s1;;;;;;;;;;7.2644095;7.4134283;1;1
/m/01pcvn;/people/person/profession;/m/0d1pc;/m/025p38;/people/person/profession;/m/0d1pc;;;;;;;;;;6.766906;6.7127304;1;1
/m/016hvl;/people/person/profession;/m/0dxtg;/m/041jlr;/influence/influence_node/influenced_by;/m/016hvl;;;;;;;;;;6.8656454;6.8768477;1;1
/m/0565cz;/people/person/profession;/m/09jwl;/m/06w2sn5;/people/person/profession;/m/09jwl;;;;;;;;;;7.3580422;7.385597;1;1
/m/099d4;/people/person/profession;/m/01d_h8;/m/012ykt;/people/person/profession;/m/01d_h8;;;;;;;;;;6.8894377;7.0010295;1;1
/m/01ggc9;/people/person/profession;/m/03gjzk;/m/0tc7;/base/popstra/celebrity/friendship./base/popstra/friendship/participant;/m/01ggc9;;;;;;;;;;5.543079;5.656932;1;1
/m/0ckm4x;/people/person/profession;/m/0np9r;/m/02v60l;/people/person/profession;/m/0np9r;;;;;;;;;;7.022689;7.184963;1;2
/m/035sc2;/people/person/profession;/m/01d_h8;/m/06n9lt;/people/person/profession;/m/01d_h8;;;;;;;;;;7.2276335;7.2717586;1;1
/m/01t6xz;/people/person/profession;/m/01d_h8;/m/014zcr;/award/award_winner/awards_won./award/award_honor/award_winner;/m/01t6xz;;;;;;;;;;5.8937483;5.9773088;1;1
/m/04l19_;/people/person/profession;/m/0dxtg;/m/03rs8y;/people/person/profession;/m/0dxtg;;;;;;;;;;7.297355;7.366804;1;1
/m/0259r0;/people/person/profession;/m/09jwl;/m/03jsvl;/music/genre/artists;/m/0259r0;;;;;;;;;;7.5960054;7.4633274;1;1
/m/01r4zfk;/people/person/profession;/m/01d_h8;/m/06n9lt;/people/person/profession;/m/01d_h8;;;;;;;;;;6.560897;6.5849724;1;1
/m/05wdgq;/people/person/religion;/m/03j6c;/m/02fbpz;/people/person/religion;/m/03j6c;;;;;;;;;;8.150432;8.011356;1;1
/m/01y665;/people/person/religion;/m/03_gx;/m/05fnl9;/award/award_winner/awards_won./award/award_honor/award_winner;/m/01y665;;;;;;;;;;6.129638;6.558175;1;1
/m/01y3c;/sports/professional_sports_team/draft_picks./sports/sports_league_draft_pick/draft;/m/02qw1zx;/m/0b13yt;/sports/sports_position/players./sports/sports_team_roster/team;/m/01y3c;;;;;;;;;;8.15834;8.463277;1;1
/m/01slc;/sports/sports_team/colors;/m/083jv;/m/02wszf;/sports/sports_position/players./sports/sports_team_roster/team;/m/01slc;;;;;;;;;;6.5499387;6.513954;1;1
/m/04zxrt;/sports/sports_team/colors;/m/083jv;/m/02_j1w;/sports/sports_position/players./sports/sports_team_roster/team;/m/04zxrt;;;;;;;;;;6.604818;6.4200115;1;1
/m/04c9bn;/sports/sports_team/roster./baseball/baseball_roster_position/position;/m/02wszf;/m/01ync;/sports/sports_team/roster./baseball/baseball_roster_position/position;/m/02wszf;;;;;;;;;;7.930232;8.145585;1;1
/m/071vr;/travel/travel_destination/climate./travel/travel_destination_monthly_climate/month;/m/03_ly;/m/07dfk;/travel/travel_destination/climate./travel/travel_destination_monthly_climate/month;/m/03_ly;;;;;;;;;;7.40599;7.6249313;1;1
/m/02q4mt;/tv/tv_producer/programs_produced./tv/tv_producer_term/producer_type;/m/0ckd1;/m/026wlxw;/film/film/story_by;/m/02q4mt;;;;;;;;;;7.9232435;7.7820067;1;1
/m/0sw0q;/tv/tv_program/genre;/m/01z4y;/m/014mlp;/education/educational_degree/people_with_this_degree./education/education/major_field_of_study;/m/01z4y;;;;;;;;;;6.5969872;6.6965656;1;1
/m/02k_4g;/tv/tv_program/tv_producer./tv/tv_producer_term/producer_type;/m/0ckd1;/m/043js;/award/award_nominee/award_nominations./award/award_nomination/nominated_for;/m/02k_4g;;;;;;;;;;9.111819;8.969489;1;1
/m/0gjm7;/user/tsegaran/random/taxonomy_subject/entry./user/tsegaran/random/taxonomy_entry/taxonomy;/m/04n6k;/m/034rd;/people/person/profession;/m/0gjm7;;;;;;;;;;3.3492687;3.7302287;1;1
