/m/09qs08;/award/award_category/category_of;/m/0gcf2r;/m/09qs08;/award/award_category/winners./award/award_honor/ceremony;/m/03nnm4t;/m/09qs08;/award/award_category/winners./award/award_honor/ceremony;/m/0hn821n;/m/09qs08;/award/award_category/nominees./award/award_nomination/nominated_for;/m/0124k9;;;;0.9748955965042114;0.9872942566871643;1;1
/m/047byns;/award/award_category/category_of;/m/0gcf2r;/m/047byns;/award/award_category/winners./award/award_honor/ceremony;/m/03nnm4t;;;;;;;;;;0.91880202293396;0.9531786441802979;1;1
/m/02x1dht;/award/award_category/nominees./award/award_nomination/nominated_for;/m/02rv_dz;/m/02x1dht;/award/award_category/nominees./award/award_nomination/nominated_for;/m/02d49z;;;;;;;;;;0.972633957862854;0.8644427061080933;1;3
/m/01dpdh;/award/award_category/winners./award/award_honor/ceremony;/m/01mhwk;/m/01dpdh;/award/award_category/winners./award/award_honor/ceremony;/m/01mh_q;;;;;;;;;;0.8193919658660889;0.7628912925720215;1;2
/m/0257w4;/award/award_category/winners./award/award_honor/ceremony;/m/05pd94v;/m/0257w4;/award/award_category/winners./award/award_honor/ceremony;/m/01bx35;;;;;;;;;;0.8782909512519836;0.8889744877815247;1;2
/m/03ncb2;/award/award_category/winners./award/award_honor/ceremony;/m/01c6qp;/m/03ncb2;/award/award_category/winners./award/award_honor/ceremony;/m/09n4nb;;;;;;;;;;0.9176283478736877;0.9143896698951721;1;1
/m/01c99j;/award/award_category/winners./award/award_honor/ceremony;/m/056878;/m/01c99j;/award/award_category/winners./award/award_honor/ceremony;/m/0jzphpx;/m/01vs_v8;/award/award_nominee/award_nominations./award/award_nomination/award;/m/01c99j;;;;;;;0.9755122065544128;0.9764555096626282;1;2
/m/09gkdln;/award/award_ceremony/awards_presented./award/award_honor/honored_for;/m/02pqs8l;/m/09gkdln;/award/award_ceremony/awards_presented./award/award_honor/award_winner;/m/01541z;;;;;;;;;;0.8073395490646362;0.8151535391807556;1;1
/m/01j5x6;/award/award_nominee/award_nominations./award/award_nomination/award;/m/0ck27z;/m/01j5x6;/people/person/spouse_s./people/marriage/type_of_union;/m/04ztj;;;;;;;;;;0.9254614114761353;0.5196775794029236;1;1
/m/0738y5;/award/award_nominee/award_nominations./award/award_nomination/award;/m/0b6k___;/m/0738y5;/people/person/languages;/m/03k50;;;;;;;;;;0.8017374873161316;0.43877285718917847;1;1
/m/0b05xm;/award/award_nominee/award_nominations./award/award_nomination/award;/m/0fbtbt;/m/03y9ccy;/award/award_nominee/award_nominations./award/award_nomination/award_nominee;/m/0b05xm;;;;;;;;;;0.8879655599594116;0.5344642400741577;1;1
/m/016vg8;/award/award_nominee/award_nominations./award/award_nomination/award;/m/09sb52;/m/016vg8;/award/award_nominee/award_nominations./award/award_nomination/award_nominee;/m/01pgzn_;;;;;;;;;;0.7697542905807495;0.8634247779846191;1;1
/m/04qz6n;/award/award_nominee/award_nominations./award/award_nomination/nominated_for;/m/0g60z;/m/04qz6n;/award/award_winner/awards_won./award/award_honor/award_winner;/m/014zcr;;;;;;;;;;0.11329716444015503;0.10205864161252975;1;3
/m/03_r3;/base/aareas/schema/administrative_area/administrative_area_type;/m/0hzc9wc;/m/03_r3;/organization/organization_member/member_of./organization/organization_membership/organization;/m/0j7v_;/m/09n48;/olympics/olympic_games/participating_countries;/m/03_r3;/m/0kbws;/olympics/olympic_games/participating_countries;/m/03_r3;;;;0.9920690059661865;0.9894053339958191;1;1
/m/071vr;/base/biblioness/bibs_location/state;/m/01n7q;/m/0bs1yy;/people/person/place_of_birth;/m/071vr;;;;;;;;;;0.6015862822532654;0.5249459743499756;1;1
/m/0cv3w;/base/petbreeds/city_with_dogs/top_breeds./base/petbreeds/dog_city_relationship/dog_breed;/m/01_gx_;/m/0cv3w;/base/petbreeds/city_with_dogs/top_breeds./base/petbreeds/dog_city_relationship/dog_breed;/m/0km5c;;;;;;;;;;0.9129810929298401;0.7750385999679565;1;1
/m/018mxj;/base/schemastaging/organization_extra/phone_number./base/schemastaging/phone_sandbox/service_language;/m/04306rv;/m/018mxj;/base/schemastaging/organization_extra/phone_number./base/schemastaging/phone_sandbox/service_language;/m/064_8sq;/m/018mxj;/base/schemastaging/organization_extra/phone_number./base/schemastaging/phone_sandbox/service_language;/m/02h40lc;;;;;;;0.508802056312561;0.2640977203845978;1;3
/m/02d02;/baseball/baseball_team/team_stats./baseball/baseball_team_stats/season;/m/025ygws;/m/02d02;/baseball/baseball_team/team_stats./baseball/baseball_team_stats/season;/m/0285r5d;;;;;;;;;;0.9831559658050537;0.7468059062957764;1;1
/m/016t_3;/education/educational_degree/people_with_this_degree./education/education/institution;/m/09kvv;/m/016t_3;/education/educational_degree/people_with_this_degree./education/education/institution;/m/02bbyw;;;;;;;;;;0.9789552688598633;0.8986209034919739;1;14
/m/0bjrnt;/education/educational_degree/people_with_this_degree./education/education/major_field_of_study;/m/062z7;/m/0bjrnt;/education/educational_degree/people_with_this_degree./education/education/institution;/m/02183k;;;;;;;;;;0.7512504458427429;0.7770421504974365;1;2
/m/01pcj4;/education/educational_institution/school_type;/m/01rs41;/m/01pcj4;/education/educational_institution/students_graduates./education/education/major_field_of_study;/m/04gb7;;;;;;;;;;0.2941185534000397;0.7688953280448914;1;1
/m/07t90;/education/educational_institution/students_graduates./education/education/major_field_of_study;/m/03g3w;/m/07t90;/education/educational_institution/students_graduates./education/education/major_field_of_study;/m/02lp1;;;;;;;;;;0.5562199354171753;0.23846593499183655;1;9
/m/07c52;/education/field_of_study/students_majoring./education/education/student;/m/012x2b;/m/07c52;/media_common/netflix_genre/titles;/m/0m123;;;;;;;;;;0.2723284661769867;0.0035292492248117924;1;546
/m/02ln0f;/education/university/fraternities_and_sororities;/m/035tlh;/m/02ln0f;/education/educational_institution/students_graduates./education/education/major_field_of_study;/m/02lp1;/m/02ln0f;/education/educational_institution/students_graduates./education/education/major_field_of_study;/m/01r4k;/m/02ln0f;/organization/organization/headquarters./location/mailing_address/citytown;/m/01snm;/m/0jm8l;/sports/professional_sports_team/draft_picks./sports/sports_league_draft_pick/school;/m/02ln0f;0.9437949657440186;0.7622063755989075;1;2
/m/024y8p;/education/university/fraternities_and_sororities;/m/0325pb;/m/024y8p;/education/educational_institution/school_type;/m/05jxkf;/m/07xl34;/organization/role/leaders./organization/leadership/organization;/m/024y8p;/m/024y8p;/organization/organization/place_founded;/m/0fsb8;;;;0.9451202154159546;0.9549769163131714;1;1
/m/0ywqc;/film/actor/film./film/performance/film;/m/02qr3k8;/m/0ywqc;/base/popstra/celebrity/dated./base/popstra/dated/participant;/m/0h1mt;;;;;;;;;;0.29383158683776855;0.419979989528656;1;1
/m/0392kz;/film/actor/film./film/performance/film;/m/0cks1m;/m/0392kz;/film/actor/film./film/performance/special_performance_type;/m/01kyvx;;;;;;;;;;0.2223922312259674;0.14358462393283844;1;3
/m/05567m;/film/film/distributors./film/film_film_distributor_relationship/film_distribution_medium;/m/0735l;/m/05567m;/film/film/distributors./film/film_film_distributor_relationship/film_distribution_medium;/m/029j_;;;;;;;;;;0.901373565196991;0.9271231889724731;1;1
/m/01cz7r;/film/film/film_format;/m/07fb8_;/m/02l7c8;/media_common/netflix_genre/titles;/m/01cz7r;/m/016tw3;/award/award_nominee/award_nominations./award/award_nomination/nominated_for;/m/01cz7r;;;;;;;0.67586350440979;0.8356049656867981;1;1
/m/0cnztc4;/film/film/genre;/m/03bxz7;/m/0cnztc4;/film/film/genre;/m/07s9rl0;;;;;;;;;;0.3991727828979492;0.25404098629951477;1;5
/m/032016;/film/film/genre;/m/02kdv5l;/m/07cbcy;/award/award_category/nominees./award/award_nomination/nominated_for;/m/032016;/m/032016;/film/film/cinematography;/m/027t8fw;/m/05q5t0b;/award/award_category/nominees./award/award_nomination/nominated_for;/m/032016;/m/016kb7;/film/actor/film./film/performance/film;/m/032016;0.6649982929229736;0.4491405487060547;1;1
/m/025twgf;/film/film/genre;/m/02kdv5l;/m/025twgf;/award/award_winning_work/awards_won./award/award_honor/honored_for;/m/01s9vc;;;;;;;;;;0.5460532307624817;0.8025025129318237;1;1
/m/01l2b3;/film/film/genre;/m/01t_vv;/m/01l2b3;/film/film/genre;/m/07s9rl0;;;;;;;;;;0.6317593455314636;0.5433167219161987;1;2
/m/033f8n;/film/film/other_crew./film/film_crew_gig/film_crew_role;/m/0ch6mp2;/m/033f8n;/film/film/other_crew./film/film_crew_gig/film_crew_role;/m/09vw2b7;;;;;;;;;;0.9550712704658508;0.9723391532897949;1;1
/m/04ynx7;/film/film/other_crew./film/film_crew_gig/film_crew_role;/m/09zzb8;/m/04ynx7;/film/film/other_crew./film/film_crew_gig/film_crew_role;/m/02r96rf;;;;;;;;;;0.9558484554290771;0.9061514139175415;1;2
/m/05pdd86;/film/film/other_crew./film/film_crew_gig/film_crew_role;/m/015h31;/m/05pdd86;/film/film/other_crew./film/film_crew_gig/film_crew_role;/m/020xn5;;;;;;;;;;0.9135255217552185;0.8392676115036011;1;2
/m/0ndsl1x;/film/film/other_crew./film/film_crew_gig/film_crew_role;/m/09vw2b7;/m/0ndsl1x;/film/film/genre;/m/05p553;;;;;;;;;;0.8787168264389038;0.9168640971183777;1;1
/m/0dmn0x;/film/film/other_crew./film/film_crew_gig/film_crew_role;/m/0ch6mp2;/m/09ly2r6;/award/award_category/nominees./award/award_nomination/nominated_for;/m/0dmn0x;/m/02pqp12;/award/award_category/nominees./award/award_nomination/nominated_for;/m/0dmn0x;/m/0dmn0x;/film/film/other_crew./film/film_crew_gig/film_crew_role;/m/09vw2b7;;;;0.9234169125556946;0.8649089932441711;1;1
/m/024lff;/film/film/other_crew./film/film_crew_gig/film_crew_role;/m/09zzb8;/m/024lff;/film/film/other_crew./film/film_crew_gig/film_crew_role;/m/02r96rf;;;;;;;;;;0.9644231200218201;0.9811998009681702;1;1
/m/01qvz8;/film/film/other_crew./film/film_crew_gig/film_crew_role;/m/09zzb8;/m/01qvz8;/film/film/genre;/m/05p553;;;;;;;;;;0.9586411118507385;0.9774398803710938;1;1
/m/04165w;/film/film/other_crew./film/film_crew_gig/film_crew_role;/m/02r96rf;/m/04165w;/film/film/country;/m/07ssc;;;;;;;;;;0.6167360544204712;0.891055166721344;1;1
/m/09gq0x5;/film/film/other_crew./film/film_crew_gig/film_crew_role;/m/0ch6mp2;/m/054krc;/award/award_category/nominees./award/award_nomination/nominated_for;/m/09gq0x5;;;;;;;;;;0.9081291556358337;0.9295967817306519;1;1
/m/0cc5mcj;/film/film/other_crew./film/film_crew_gig/film_crew_role;/m/01vx2h;/m/0cc5mcj;/film/film/release_date_s./film/film_regional_release_date/film_release_region;/m/09pmkv;;;;;;;;;;0.695450484752655;0.9132326245307922;1;1
/m/0bm2nq;/film/film/other_crew./film/film_crew_gig/film_crew_role;/m/02r96rf;/m/0bm2nq;/film/film/other_crew./film/film_crew_gig/film_crew_role;/m/09zzb8;;;;;;;;;;0.968357503414154;0.9677417278289795;1;1
/m/05dss7;/film/film/release_date_s./film/film_regional_release_date/film_release_region;/m/03rjj;/m/05dss7;/film/film/release_date_s./film/film_regional_release_date/film_release_region;/m/06t8v;;;;;;;;;;0.9864466190338135;0.9396073818206787;1;1
/m/0gyfp9c;/film/film/release_date_s./film/film_regional_release_date/film_release_region;/m/077qn;/m/0gyfp9c;/film/film/release_date_s./film/film_regional_release_date/film_release_region;/m/0jgd;;;;;;;;;;0.9381434917449951;0.8425430655479431;1;8
/m/0kv238;/film/film/release_date_s./film/film_regional_release_date/film_release_region;/m/03gj2;/m/0kv238;/film/film/release_date_s./film/film_regional_release_date/film_release_region;/m/06npd;;;;;;;;;;0.9812094569206238;0.9762598872184753;1;1
/m/0c8tkt;/film/film/release_date_s./film/film_regional_release_date/film_release_region;/m/02vzc;/m/01pb34;/film/special_film_performance_type/film_performance_type./film/performance/film;/m/0c8tkt;;;;;;;;;;0.8926848769187927;0.9781840443611145;1;1
/m/0gkz3nz;/film/film/release_date_s./film/film_regional_release_date/film_release_region;/m/03h64;/m/0gkz3nz;/film/film/release_date_s./film/film_regional_release_date/film_release_region;/m/059j2;;;;;;;;;;0.9601560831069946;0.9511746168136597;1;1
/m/0ds6bmk;/film/film/release_date_s./film/film_regional_release_date/film_release_region;/m/05r4w;/m/0ds6bmk;/film/film/other_crew./film/film_crew_gig/film_crew_role;/m/09zzb8;;;;;;;;;;0.9735876321792603;0.9563446044921875;1;1
/m/026lgs;/film/film/release_date_s./film/film_regional_release_date/film_release_region;/m/0345h;/m/026lgs;/film/film/release_date_s./film/film_regional_release_date/film_release_region;/m/0chghy;;;;;;;;;;0.9822814464569092;0.967285692691803;1;4
/m/017jd9;/film/film/release_date_s./film/film_regional_release_date/film_release_region;/m/07ylj;/m/017jd9;/film/film/release_date_s./film/film_regional_release_date/film_release_region;/m/05qhw;;;;;;;;;;0.9309272766113281;0.9235143661499023;1;2
/m/03hxsv;/film/film/story_by;/m/042xh;/m/031778;/award/award_nominated_work/award_nominations./award/award_nomination/nominated_for;/m/03hxsv;;;;;;;;;;0.30982011556625366;0.28210264444351196;1;2
/m/09728;/food/food/nutrients./food/nutrition_fact/nutrient;/m/0fzjh;/m/09728;/food/food/nutrients./food/nutrition_fact/nutrient;/m/01sh2;;;;;;;;;;0.9197317957878113;0.8264355659484863;1;2
/m/034_7s;/government/legislative_session/members./government/government_position_held/district_represented;/m/059ts;/m/034_7s;/government/legislative_session/members./government/government_position_held/district_represented;/m/05j49;;;;;;;;;;0.3195572793483734;0.4520401358604431;1;1
/m/07hyk;/government/politician/government_positions_held./government/government_position_held/basic_title;/m/060c4;/m/02yy8;/influence/influence_node/influenced_by;/m/07hyk;/m/07hyk;/people/person/place_of_birth;/m/02_286;;;;;;;0.8282762765884399;0.8528416156768799;1;1
/m/046lt;/influence/influence_node/influenced_by;/m/0ph2w;/m/046lt;/people/person/spouse_s./people/marriage/type_of_union;/m/04ztj;;;;;;;;;;0.3818795680999756;0.1801629364490509;1;7
/m/06qd3;/location/country/form_of_government;/m/01fpfn;/m/019w9j;/olympics/olympic_sport/athletes./olympics/olympic_athlete_affiliation/country;/m/06qd3;;;;;;;;;;0.9118286967277527;0.8448237180709839;1;1
/m/0mkc3;/location/hud_foreclosure_area/estimated_number_of_mortgages./measurement_unit/dated_integer/source;/m/0jbk9;/m/0mkc3;/location/location/time_zones;/m/02fqwt;;;;;;;;;;0.9943298101425171;0.9954338669776917;1;1
/m/0f2tj;/location/hud_foreclosure_area/estimated_number_of_mortgages./measurement_unit/dated_integer/source;/m/0jbk9;/m/0f2tj;/common/topic/webpage./common/webpage/category;/m/08mbj5d;/m/01k5t_3;/music/artist/origin;/m/0f2tj;/m/0f2tj;/base/biblioness/bibs_location/state;/m/04ly1;;;;0.9691688418388367;0.9901599287986755;1;1
/m/01n4w;/location/location/time_zones;/m/02hczc;/m/01n4w;/location/administrative_division/country;/m/09c7w0;/m/01n4w;/location/location/adjoin_s./location/adjoining_relationship/adjoins;/m/0vmt;;;;;;;0.9442227482795715;0.9845561981201172;1;1
/m/0fr61;/location/location/time_zones;/m/02hcv8;/m/0mnz0;/location/location/adjoin_s./location/adjoining_relationship/adjoins;/m/0fr61;;;;;;;;;;0.8578487038612366;0.9879463315010071;1;1
/m/0154j;/location/location/time_zones;/m/02llzg;/m/0177z;/location/administrative_division/country;/m/0154j;;;;;;;;;;0.8682427406311035;0.9753891229629517;1;1
/m/0136pk;/music/artist/track_contributions./music/track_contribution/role;/m/01vdm0;/m/0136pk;/music/artist/track_contributions./music/track_contribution/role;/m/0342h;;;;;;;;;;0.4995819330215454;0.5107952356338501;1;3
/m/0glt670;/music/genre/artists;/m/01vxlbm;/m/0glt670;/music/genre/artists;/m/01vzx45;;;;;;;;;;0.8891456127166748;0.8618218898773193;1;1
/m/019n8z;/olympics/olympic_games/medals_awarded./olympics/olympic_medal_honor/medal;/m/02lq67;/m/09c7w0;/olympics/olympic_participating_country/athletes./olympics/olympic_athlete_affiliation/olympics;/m/019n8z;/m/019n8z;/olympics/olympic_games/participating_countries;/m/09c7w0;/m/019n8z;/olympics/olympic_games/medals_awarded./olympics/olympic_medal_honor/medal;/m/02lpp7;;;;0.9187142252922058;0.8996865153312683;1;2
/m/07f1x;/olympics/olympic_participating_country/medals_won./olympics/olympic_medal_honor/medal;/m/02lpp7;/m/07f1x;/military/military_combatant/military_conflicts./military/military_combatant_group/combatants;/m/0ctw_b;;;;;;;;;;0.9067397117614746;0.9091020226478577;1;1
/m/019tzd;/olympics/olympic_sport/athletes./olympics/olympic_athlete_affiliation/country;/m/03_3d;/m/019tzd;/olympics/olympic_sport/athletes./olympics/olympic_athlete_affiliation/olympics;/m/0jhn7;;;;;;;;;;0.9329418540000916;0.7014376521110535;1;6
/m/0bynt;/olympics/olympic_sport/athletes./olympics/olympic_athlete_affiliation/country;/m/04wlh;/m/0bynt;/olympics/olympic_sport/athletes./olympics/olympic_athlete_affiliation/olympics;/m/0kbws;/m/0bynt;/olympics/olympic_sport/athletes./olympics/olympic_athlete_affiliation/country;/m/059j2;/m/0bynt;/olympics/olympic_sport/athletes./olympics/olympic_athlete_affiliation/country;/m/04sj3;/m/0bynt;/olympics/olympic_sport/athletes./olympics/olympic_athlete_affiliation/country;/m/06v36;0.9433714747428894;0.8607760071754456;1;4
/m/03_8r;/olympics/olympic_sport/athletes./olympics/olympic_athlete_affiliation/country;/m/077qn;/m/03_8r;/olympics/olympic_sport/athletes./olympics/olympic_athlete_affiliation/country;/m/0bjv6;;;;;;;;;;0.9624380469322205;0.9608362913131714;1;3
/m/01jzyx;/organization/non_profit_organization/registered_with./organization/non_profit_registration/registering_agency;/m/03z19;/m/01jzyx;/education/university/domestic_tuition./measurement_unit/dated_money_value/currency;/m/09nqf;/m/02pq_x5;/sports/sports_league_draft/picks./sports/sports_league_draft_pick/school;/m/01jzyx;/m/014mlp;/education/educational_degree/people_with_this_degree./education/education/institution;/m/01jzyx;;;;0.9873692393302917;0.9926632642745972;1;1
/m/02bjhv;/organization/non_profit_organization/registered_with./organization/non_profit_registration/registering_agency;/m/03z19;/m/02bjhv;/organization/organization/headquarters./location/mailing_address/state_province_region;/m/05kkh;/m/02bjhv;/education/educational_institution/students_graduates./education/education/major_field_of_study;/m/02_7t;/m/0jmj7;/sports/professional_sports_team/draft_picks./sports/sports_league_draft_pick/school;/m/02bjhv;/m/02bjhv;/education/educational_institution/colors;/m/07plts;0.9873049855232239;0.9919418096542358;1;1
/m/0165v;/organization/organization_member/member_of./organization/organization_membership/organization;/m/04k4l;/m/060c4;/government/government_office_category/officeholders./government/government_position_held/jurisdiction_of_office;/m/0165v;;;;;;;;;;0.6379276514053345;0.6076397895812988;1;1
/m/05qkp;/organization/organization_member/member_of./organization/organization_membership/organization;/m/0_2v;/m/0d1_f;/government/politician/government_positions_held./government/government_position_held/jurisdiction_of_office;/m/05qkp;;;;;;;;;;0.6151256561279297;0.5770349502563477;1;1
/m/0k8y7;/people/person/languages;/m/06b_j;/m/0k8y7;/people/person/languages;/m/02h40lc;/m/0k8y7;/people/person/places_lived./people/place_lived/location;/m/0r785;;;;;;;0.1415756493806839;0.1221662312746048;1;3
/m/082xp;/people/person/nationality;/m/02jx1;/m/082xp;/people/person/nationality;/m/07ssc;;;;;;;;;;0.420102059841156;0.3776514530181885;1;2
/m/03q43g;/people/person/place_of_birth;/m/0h7h6;/m/03q43g;/people/person/spouse_s./people/marriage/spouse;/m/02rrsz;;;;;;;;;;0.14161348342895508;0.15332521498203278;1;1
/m/0146pg;/people/person/profession;/m/01c72t;/m/02lfp4;/award/award_nominee/award_nominations./award/award_nomination/award_nominee;/m/0146pg;/m/016szr;/award/award_winner/awards_won./award/award_honor/award_winner;/m/0146pg;;;;;;;0.6856335997581482;0.7713171243667603;1;1
/m/0362q0;/people/person/profession;/m/01d_h8;/m/0362q0;/people/person/nationality;/m/09c7w0;;;;;;;;;;0.5285478830337524;0.458199679851532;1;3
/m/0187y5;/people/person/profession;/m/01d_h8;/m/019pm_;/award/award_nominee/award_nominations./award/award_nomination/award_nominee;/m/0187y5;;;;;;;;;;0.8043160438537598;0.8972972631454468;1;1
/m/03wh8kl;/people/person/profession;/m/03gjzk;/m/03wh8kl;/award/award_winner/awards_won./award/award_honor/award_winner;/m/03cws8h;;;;;;;;;;0.5554439425468445;0.4719044864177704;1;2
/m/04l3_z;/people/person/profession;/m/018gz8;/m/04l3_z;/tv/tv_producer/programs_produced./tv/tv_producer_term/producer_type;/m/0ckd1;;;;;;;;;;0.6008217930793762;0.22832229733467102;1;2
/m/05hj_k;/people/person/profession;/m/01d_h8;/m/05hj_k;/award/award_nominee/award_nominations./award/award_nomination/award_nominee;/m/03v1xb;;;;;;;;;;0.9377267360687256;0.9484469294548035;1;1
/m/02lj6p;/people/person/profession;/m/03gjzk;/m/02lj6p;/people/person/profession;/m/0dxtg;;;;;;;;;;0.8246121406555176;0.7508500218391418;1;1
/m/03h502k;/people/person/profession;/m/0dz3r;/m/03h502k;/people/person/profession;/m/0n1h;;;;;;;;;;0.9148072600364685;0.8278973698616028;1;1
/m/019g40;/people/person/profession;/m/0dz3r;/m/019g40;/music/artist/origin;/m/02xry;;;;;;;;;;0.7570098638534546;0.5921155214309692;1;1
/m/01pw2f1;/people/person/profession;/m/01d_h8;/m/0gy6z9;/base/popstra/celebrity/dated./base/popstra/dated/participant;/m/01pw2f1;;;;;;;;;;0.5349278450012207;0.7285488843917847;1;2
/m/07zl1;/people/person/profession;/m/0kyk;/m/07zl1;/common/topic/webpage./common/webpage/category;/m/08mbj5d;/m/040vk98;/award/award_category/winners./award/award_honor/award_winner;/m/07zl1;;;;;;;0.43782928586006165;0.529929518699646;1;1
/m/05prs8;/people/person/profession;/m/0dxtg;/m/03h4fq7;/film/film/produced_by;/m/05prs8;;;;;;;;;;0.8391984701156616;0.8376256227493286;1;1
/m/050z2;/people/person/profession;/m/0dz3r;/m/050z2;/music/artist/track_contributions./music/track_contribution/role;/m/07brj;;;;;;;;;;0.9334089756011963;0.8535937666893005;1;2
/m/05z775;/people/person/profession;/m/0np9r;/m/05pyrb;/film/film/dubbing_performances./film/dubbing_performance/actor;/m/05z775;;;;;;;;;;0.5681177973747253;0.7973117828369141;1;1
/m/026l37;/people/person/profession;/m/0dxtg;/m/026l37;/award/award_nominee/award_nominations./award/award_nomination/award_nominee;/m/07s8r0;;;;;;;;;;0.5656272768974304;0.5888503789901733;1;2
/m/03sww;/people/person/profession;/m/03gjzk;/m/03sww;/people/person/places_lived./people/place_lived/location;/m/0hptm;;;;;;;;;;0.4300776720046997;0.15989038348197937;1;5
/m/025vry;/people/person/religion;/m/03_gx;/m/025vry;/people/person/profession;/m/01c8w0;;;;;;;;;;0.7056039571762085;0.8638424277305603;1;1
/m/02d02;/sports/professional_sports_team/draft_picks./sports/sports_league_draft_pick/draft;/m/02pq_rp;/m/01z9v6;/sports/sports_position/players./sports/sports_team_roster/team;/m/02d02;/m/028c_8;/sports/sports_position/players./sports/sports_team_roster/team;/m/02d02;/m/02d02;/sports/professional_sports_team/draft_picks./sports/sports_league_draft_pick/school;/m/01stj9;/m/02d02;/sports/professional_sports_team/draft_picks./sports/sports_league_draft_pick/draft;/m/04f4z1k;0.9027699828147888;0.922722339630127;1;1
/m/04v9wn;/sports/sports_team/colors;/m/083jv;/m/04v9wn;/soccer/football_team/current_roster./sports/sports_team_roster/position;/m/02_j1w;;;;;;;;;;0.4878784120082855;0.78582763671875;1;1
/m/0cv3w;/travel/travel_destination/climate./travel/travel_destination_monthly_climate/month;/m/0ll3;/m/0cv3w;/travel/travel_destination/climate./travel/travel_destination_monthly_climate/month;/m/03_ly;;;;;;;;;;0.9647259712219238;0.8627844452857971;1;2
/m/030p35;/tv/tv_program/genre;/m/01t_vv;/m/030p35;/tv/tv_program/program_creator;/m/01my4f;;;;;;;;;;0.27585768699645996;0.2949233055114746;1;5
/m/043qqt5;/tv/tv_program/tv_producer./tv/tv_producer_term/producer_type;/m/0ckd1;/m/03mstc;/tv/tv_producer/programs_produced./tv/tv_producer_term/program;/m/043qqt5;/m/05gnf;/tv/tv_network/programs./tv/tv_network_duration/program;/m/043qqt5;/m/043qqt5;/tv/tv_program/regular_cast./tv/regular_tv_appearance/actor;/m/019803;;;;0.9957470297813416;0.9959983825683594;1;1
/m/02rxj;/user/tsegaran/random/taxonomy_subject/entry./user/tsegaran/random/taxonomy_entry/taxonomy;/m/04n6k;/m/05hks;/people/person/religion;/m/02rxj;;;;;;;;;;0.9976556301116943;0.9939547181129456;1;1
