/m/02wvfxl;/american_football/football_team/current_roster./american_football/football_roster_position/position;/m/02g_6j;/m/08mbj5d;/common/annotation_category/annotations./common/webpage/topic;/m/02wvfxl;;;;;;;;;;0.9801970720291138;0.9863786697387695;1;1
/m/02sp_v;/award/award_category/nominees./award/award_nomination/award_nominee;/m/011zf2;/m/011zf2;/award/award_nominee/award_nominations./award/award_nomination/award;/m/02sp_v;;;;;;;;;;0.6989784836769104;0.0446503609418869;1;227
/m/02x4wb;/award/award_category/winners./award/award_honor/award_winner;/m/0c9l1;/m/0l14md;/music/performance_role/regular_performances./music/group_membership/group;/m/0c9l1;;;;;;;;;;0.5164148211479187;0.6789497137069702;1;1
/m/0gqxm;/award/award_category/winners./award/award_honor/ceremony;/m/0bzmt8;/m/0gqng;/award/award_category/winners./award/award_honor/ceremony;/m/0bzmt8;;;;;;;;;;0.8299804925918579;0.8993290066719055;1;1
/m/0gq_v;/award/award_category/winners./award/award_honor/ceremony;/m/0ftlkg;/m/016jll;/award/award_winner/awards_won./award/award_honor/ceremony;/m/0ftlkg;;;;;;;;;;0.9362059831619263;0.963678240776062;1;1
/m/02grdc;/award/award_category/winners./award/award_honor/ceremony;/m/019bk0;/m/0dzf_;/award/award_winner/awards_won./award/award_honor/ceremony;/m/019bk0;;;;;;;;;;0.9336777329444885;0.9582423567771912;1;1
/m/02pz3j5;/award/award_category/winners./award/award_honor/honored_for;/m/0358x_;/m/0gj50;/award/award_winning_work/awards_won./award/award_honor/award;/m/02pz3j5;;;;;;;;;;0.8759297132492065;0.8080429434776306;1;1
/m/05p09zm;/award/award_category/winners./award/award_honor/honored_for;/m/01qvz8;/m/05h43ls;/award/award_winning_work/awards_won./award/award_honor/award;/m/05p09zm;;;;;;;;;;0.9375768899917603;0.9648711085319519;1;1
/m/0gqzz;/award/award_category/winners./award/award_honor/honored_for;/m/0j6b5;/m/054g1r;/award/award_nominee/award_nominations./award/award_nomination/nominated_for;/m/0j6b5;;;;;;;;;;0.5732699036598206;0.690850019454956;1;1
/m/09pnw5;/award/award_ceremony/awards_presented./award/award_honor/award;/m/054knh;/m/019f4v;/award/award_category/winners./award/award_honor/ceremony;/m/09pnw5;;;;;;;;;;0.9222059845924377;0.6135993599891663;1;1
/m/0hr3c8y;/award/award_ceremony/awards_presented./award/award_honor/award_winner;/m/027dtv3;/m/01wbg84;/award/award_winner/awards_won./award/award_honor/award_winner;/m/027dtv3;;;;;;;;;;0.9152936935424805;0.9533452391624451;1;1
/m/02q690_;/award/award_ceremony/awards_presented./award/award_honor/award_winner;/m/09px1w;/m/05drr9;/award/award_nominee/award_nominations./award/award_nomination/award_nominee;/m/09px1w;;;;;;;;;;0.8702312707901001;0.9176844954490662;1;1
/m/0sxns;/award/award_nominated_work/award_nominations./award/award_nomination/award;/m/02z0dfh;/m/02z0dfh;/award/award_category/winners./award/award_honor/honored_for;/m/0sxns;;;;;;;;;;0.9299383163452148;0.7792111039161682;1;1
/m/05lfwd;/award/award_nominated_work/award_nominations./award/award_nomination/award_nominee;/m/06czyr;/m/025b5y;/tv/tv_actor/starring_roles./tv/regular_tv_appearance/series;/m/05lfwd;;;;;;;;;;0.8286778330802917;0.8730257749557495;1;1
/m/0g60z;/award/award_nominated_work/award_nominations./award/award_nomination/award_nominee;/m/022yb4;/m/0h1mt;/base/popstra/celebrity/canoodled./base/popstra/canoodled/participant;/m/022yb4;;;;;;;;;;0.9265705347061157;0.93631511926651;1;1
/m/018ndc;/award/award_nominee/award_nominations./award/award_nomination/award;/m/026mff;/m/019bk0;/award/award_ceremony/awards_presented./award/award_honor/award;/m/026mff;;;;;;;;;;0.8702867031097412;0.8704763054847717;1;1
/m/02bvt;/award/award_nominee/award_nominations./award/award_nomination/award_nominee;/m/03wh8pq;/m/0crx5w;/award/award_nominee/award_nominations./award/award_nomination/award_nominee;/m/02bvt;;;;;;;;;;0.9007411599159241;0.8710578083992004;1;1
/m/033jkj;/award/award_nominee/award_nominations./award/award_nomination/award_nominee;/m/033jj1;/m/0c1j_;/base/popstra/celebrity/friendship./base/popstra/friendship/participant;/m/033jkj;;;;;;;;;;0.6457436084747314;0.739288866519928;1;1
/m/01vhrz;/award/award_nominee/award_nominations./award/award_nomination/award_nominee;/m/067pl7;/m/06pj8;/base/popstra/celebrity/friendship./base/popstra/friendship/participant;/m/01vhrz;;;;;;;;;;0.8973788619041443;0.9100689888000488;1;1
/m/06151l;/award/award_nominee/award_nominations./award/award_nomination/nominated_for;/m/01g03q;/m/084qpk;/film/film/starring./film/performance/actor;/m/06151l;;;;;;;;;;0.9345377683639526;0.8887554407119751;1;1
/m/03n08b;/award/award_nominee/award_nominations./award/award_nomination/nominated_for;/m/01k0vq;/m/01g3gq;/film/film/starring./film/performance/actor;/m/03n08b;;;;;;;;;;0.7643117904663086;0.7678971290588379;1;1
/m/044mz_;/award/award_winner/awards_won./award/award_honor/award_winner;/m/044mm6;/m/0m4yg;/education/educational_institution/students_graduates./education/education/student;/m/044mz_;;;;;;;;;;0.8963642716407776;0.9338231682777405;1;1
/m/02p_ycc;/award/award_winner/awards_won./award/award_honor/award_winner;/m/01dy7j;/m/02lfcm;/award/award_winner/awards_won./award/award_honor/award_winner;/m/02p_ycc;;;;;;;;;;0.9189404845237732;0.8477266430854797;1;1
/m/0gkydb;/award/award_winner/awards_won./award/award_honor/award_winner;/m/018ygt;/m/02f8lw;/base/popstra/celebrity/dated./base/popstra/dated/participant;/m/018ygt;;;;;;;;;;0.8950084447860718;0.9250855445861816;1;1
/m/01934k;/award/award_winner/awards_won./award/award_honor/award_winner;/m/02l0sf;/m/044qx;/base/popstra/celebrity/friendship./base/popstra/friendship/participant;/m/01934k;;;;;;;;;;0.4020538032054901;0.331218957901001;1;1
/m/057176;/award/award_winner/awards_won./award/award_honor/award_winner;/m/018yj6;/m/018ygt;/people/person/sibling_s./people/sibling_relationship/sibling;/m/018yj6;;;;;;;;;;0.6670295000076294;0.7372545599937439;1;1
/m/01gz9n;/award/award_winner/awards_won./award/award_honor/honored_for;/m/05dmmc;/m/04vzv4;/award/award_nominee/award_nominations./award/award_nomination/nominated_for;/m/05dmmc;;;;;;;;;;0.7767442464828491;0.7869218587875366;1;1
/m/05lb87;/award/award_winner/awards_won./award/award_honor/honored_for;/m/03ln8b;/m/01q2nx;/film/film/starring./film/performance/actor;/m/05lb87;;;;;;;;;;0.9559377431869507;0.9233261346817017;1;1
/m/0gvsh7l;/award/award_winning_work/awards_won./award/award_honor/award_winner;/m/07lwsz;/m/02fx3c;/tv/tv_actor/starring_roles./tv/regular_tv_appearance/series;/m/0gvsh7l;;;;;;;;;;0.8413564562797546;0.8933256268501282;1;1
/m/03d34x8;/award/award_winning_work/awards_won./award/award_honor/ceremony;/m/05c1t6z;/m/04n2r9h;/award/award_ceremony/awards_presented./award/award_honor/honored_for;/m/03d34x8;;;;;;;;;;0.8999062180519104;0.9220921397209167;1;1
/m/02sddg;/baseball/baseball_position/players;/m/040j2_;/m/01sdzg;/baseball/baseball_position/players;/m/040j2_;;;;;;;;;;0.7786741852760315;0.8037703037261963;1;1
/m/02bjhv;/business/business_operation/operating_income./measurement_unit/dated_money_value/currency;/m/09nqf;/m/05pcjw;/education/school_category/schools_of_this_kind;/m/02bjhv;;;;;;;;;;0.9986886382102966;0.998262345790863;1;1
/m/031rp3;/business/employer/employees./business/employment_tenure/person;/m/03qncl3;/m/07nxvj;/film/film/produced_by;/m/03qncl3;;;;;;;;;;0.7971668839454651;0.7594261765480042;1;1
/m/02_01w;/celebrities/celebrity/sexual_relationships./celebrities/romantic_relationship/celebrity;/m/08b8vd;/m/0h1m9;/base/popstra/celebrity/dated./base/popstra/dated/participant;/m/02_01w;;;;;;;;;;0.504016637802124;0.5458666682243347;1;1
/m/01mskc3;/common/topic/webpage./common/webpage/category;/m/08mbj5d;/m/09jwl;/people/profession/people_with_this_profession;/m/01mskc3;;;;;;;;;;0.9855861067771912;0.9716410040855408;1;1
/m/021s9n;/education/educational_institution/school_type;/m/05pcjw;/m/0cwx_;/education/educational_institution/school_type;/m/05pcjw;;;;;;;;;;0.3279170095920563;0.48855268955230713;1;1
/m/0cwx_;/education/university/fraternities_and_sororities;/m/04m8fy;/m/0p9lw;/film/film/featured_film_locations;/m/0cwx_;;;;;;;;;;0.4387112855911255;0.25013303756713867;1;2
/m/01j5ts;/film/actor/film./film/performance/film;/m/03kxj2;/m/05qd_;/film/film_distributor/films_distributed./film/film_film_distributor_relationship/film;/m/03kxj2;;;;;;;;;;0.7671808004379272;0.8669627904891968;1;1
/m/01yzhn;/film/actor/film./film/performance/film;/m/0y_yw;/m/0ddt_;/award/award_nominated_work/award_nominations./award/award_nomination/nominated_for;/m/0y_yw;;;;;;;;;;0.08123969286680222;0.026539504528045654;1;9
/m/011zd3;/film/actor/film./film/performance/film;/m/09146g;/m/02lkcc;/film/actor/film./film/performance/film;/m/09146g;;;;;;;;;;0.416183203458786;0.31789857149124146;1;1
/m/05kwx2;/film/actor/film./film/performance/film;/m/02wk7b;/m/0gr51;/award/award_category/nominees./award/award_nomination/nominated_for;/m/02wk7b;;;;;;;;;;0.5641483068466187;0.7375542521476746;1;1
/m/016gr2;/film/actor/film./film/performance/special_performance_type;/m/0147fv;/m/0d07s;/education/educational_institution/students_graduates./education/education/student;/m/016gr2;;;;;;;;;;0.9904357194900513;0.9825047850608826;1;1
/m/016ztl;/film/film/country;/m/03_3d;/m/01795t;/film/film_distributor/films_distributed./film/film_film_distributor_relationship/film;/m/016ztl;;;;;;;;;;0.7335631251335144;0.805721640586853;1;1
/m/0gy7bj4;/film/film/distributors./film/film_film_distributor_relationship/distributor;/m/024rbz;/m/0gq_v;/award/award_category/nominees./award/award_nomination/nominated_for;/m/0gy7bj4;;;;;;;;;;0.5888993144035339;0.7279653549194336;1;1
/m/0gyv0b4;/film/film/distributors./film/film_film_distributor_relationship/distributor;/m/03xq0f;/m/0jz9f;/award/award_nominee/award_nominations./award/award_nomination/nominated_for;/m/0gyv0b4;;;;;;;;;;0.7811894416809082;0.7276595830917358;1;1
/m/0bh8x1y;/film/film/film_festivals;/m/0gg7gsl;/m/0g5qmbz;/film/film/film_festivals;/m/0gg7gsl;;;;;;;;;;0.6660453677177429;0.7585598826408386;1;1
/m/06q8qh;/film/film/genre;/m/04t36;/m/04jpk2;/media_common/netflix_title/netflix_genres;/m/04t36;;;;;;;;;;0.9734969735145569;0.937567412853241;1;1
/m/027m5wv;/film/film/music;/m/0fpjyd;/m/0170_p;/film/film/music;/m/0fpjyd;;;;;;;;;;0.6447175145149231;0.6724215149879456;1;1
/m/0hfzr;/film/film/other_crew./film/film_crew_gig/crewmember;/m/0b79gfg;/m/073h5b;/award/award_ceremony/awards_presented./award/award_honor/award_winner;/m/0b79gfg;;;;;;;;;;0.9267066717147827;0.889938473701477;1;1
/m/03nsm5x;/film/film/other_crew./film/film_crew_gig/film_crew_role;/m/02r96rf;/m/04m064;/film/actor/film./film/performance/film;/m/03nsm5x;;;;;;;;;;0.7957554459571838;0.9265987873077393;1;1
/m/011ywj;/film/film/release_date_s./film/film_regional_release_date/film_release_distribution_medium;/m/029j_;/m/02n4kr;/film/film_genre/films_in_this_genre;/m/011ywj;;;;;;;;;;0.9929304122924805;0.9992737174034119;1;1
/m/0bz6sq;/film/film/release_date_s./film/film_regional_release_date/film_release_distribution_medium;/m/029j_;/m/07bdd_;/award/award_category/nominees./award/award_nomination/nominated_for;/m/0bz6sq;;;;;;;;;;0.9984719157218933;0.9986621141433716;1;1
/m/04ddm4;/film/film/release_date_s./film/film_regional_release_date/film_release_region;/m/059j2;/m/0c3351;/media_common/netflix_genre/titles;/m/04ddm4;;;;;;;;;;0.9154000282287598;0.8085287809371948;1;3
/m/02fqrf;/film/film/release_date_s./film/film_regional_release_date/film_release_region;/m/02vzc;/m/0bbf1f;/film/actor/film./film/performance/film;/m/02fqrf;;;;;;;;;;0.9749817848205566;0.9669378995895386;1;1
/m/027pfg;/film/film/release_date_s./film/film_regional_release_date/film_release_region;/m/0154j;/m/067pl7;/people/person/nationality;/m/0154j;;;;;;;;;;0.9729906916618347;0.9390734434127808;1;4
/m/05z43v;/film/film/starring./film/performance/actor;/m/0b_dy;/m/0171cm;/film/actor/film./film/performance/film;/m/05z43v;;;;;;;;;;0.5378233790397644;0.6587446331977844;1;1
/m/01gkp1;/film/film/written_by;/m/01q_ph;/m/0205dx;/award/award_nominee/award_nominations./award/award_nomination/nominated_for;/m/01gkp1;;;;;;;;;;0.35493022203445435;0.5856009125709534;1;1
/m/061dn_;/film/film_distributor/films_distributed./film/film_film_distributor_relationship/film;/m/0dgst_d;/m/03mp9s;/film/actor/film./film/performance/film;/m/0dgst_d;;;;;;;;;;0.9473546147346497;0.9811937212944031;1;1
/m/0bj8m2;/film/film_genre/films_in_this_genre;/m/0fgrm;/m/02x6dqb;/film/film/genre;/m/0bj8m2;;;;;;;;;;0.7984804511070251;0.783627450466156;1;1
/m/050z2;/film/music_contributor/film;/m/035yn8;/m/02mc5v;/base/parody/parody/parody_of;/m/035yn8;;;;;;;;;;0.07324250787496567;0.02489442750811577;1;5
/m/01nz1q6;/film/person_or_entity_appearing_in_film/films./film/personal_film_appearance/film;/m/0bx_hnp;/m/01txts;/music/record_label/artist;/m/01nz1q6;;;;;;;;;;0.7153393030166626;0.8529777526855469;1;1
/m/0b_fw;/film/person_or_entity_appearing_in_film/films./film/personal_film_appearance/type_of_appearance;/m/0147fv;/m/032016;/film/film/starring./film/performance/actor;/m/0b_fw;;;;;;;;;;0.9961961507797241;0.992046594619751;1;1
/m/06q8hf;/film/producer/films_executive_produced;/m/07h9gp;/m/02yplc;/film/actor/film./film/performance/film;/m/07h9gp;;;;;;;;;;0.9725517630577087;0.9395401477813721;1;1
/m/07t_x;/location/country/form_of_government;/m/01d9r3;/m/03__77;/sports/sports_team/location;/m/07t_x;;;;;;;;;;0.970550537109375;0.9807538390159607;1;1
/m/0xddr;/location/hud_foreclosure_area/estimated_number_foreclosures./measurement_unit/dated_integer/source;/m/0jbk9;/m/04ykg;/location/location/contains;/m/0xddr;;;;;;;;;;0.9984239339828491;0.9979671835899353;1;1
/m/0n2sh;/location/hud_foreclosure_area/total_residential_addresses./measurement_unit/dated_integer/source;/m/0jbk9;/m/0yt73;/location/location/containedby;/m/0n2sh;;;;;;;;;;0.9981411695480347;0.998941957950592;1;1
/m/0tbql;/location/location/contains;/m/01lnyf;/m/028knk;/people/person/places_lived./people/place_lived/location;/m/0tbql;;;;;;;;;;0.5486587882041931;0.6551022529602051;1;1
/m/03676;/location/statistical_region/gdp_real./measurement_unit/adjusted_money_value/adjustment_currency;/m/09nqf;/m/060c4;/government/government_office_category/officeholders./government/government_position_held/jurisdiction_of_office;/m/03676;;;;;;;;;;0.998267412185669;0.9989084005355835;1;1
/m/0n5yh;/location/us_county/hud_county_place;/m/0xhj2;/m/059g4;/location/location/contains;/m/0n5yh;;;;;;;;;;0.7293744087219238;0.7051751017570496;1;1
/m/0c3351;/media_common/netflix_genre/titles;/m/02c6d;/m/0bytfv;/film/film_costumer_designer/costume_design_for_film;/m/02c6d;;;;;;;;;;0.9521106481552124;0.9925710558891296;1;1
/m/01wj18h;/music/artist/genre;/m/02w4v;/m/03mp8k;/music/record_label/artist;/m/01wj18h;;;;;;;;;;0.6995658278465271;0.6373156309127808;1;1
/m/0232lm;/music/artist/label;/m/01dtcb;/m/026t6;/music/performance_role/track_performances./music/track_contribution/contributor;/m/0232lm;;;;;;;;;;0.7550284266471863;0.5374046564102173;1;1
/m/0xhtw;/music/genre/artists;/m/01wkmgb;/m/02l96k;/music/genre/subgenre;/m/0xhtw;;;;;;;;;;0.8840548396110535;0.92502361536026;1;1
/m/01w4c9;/music/performance_role/regular_performances./music/group_membership/role;/m/0l14md;/m/026t6;/music/performance_role/guest_performances./music/recording_contribution/performance_role;/m/01w4c9;;;;;;;;;;0.9899236559867859;0.9864715933799744;1;1
/m/069d71;/olympics/olympic_athlete/medals_won./olympics/olympic_medal_honor/olympics;/m/06sks6;/m/069d68;/tennis/tennis_tournament_champion/tennis_titles./tennis/tennis_tournament_championship/winner;/m/069d71;;;;;;;;;;0.9804518818855286;0.9923388957977295;1;1
/m/0kbvv;/olympics/olympic_games/sports;/m/03tmr;/m/077qn;/olympics/olympic_participating_country/athletes./olympics/olympic_athlete_affiliation/olympics;/m/0kbvv;;;;;;;;;;0.9724242687225342;0.9768837094306946;1;1
/m/035qy;/olympics/olympic_participating_country/athletes./olympics/olympic_athlete_affiliation/sport;/m/07jbh;/m/027rn;/olympics/olympic_participating_country/athletes./olympics/olympic_athlete_affiliation/sport;/m/07jbh;;;;;;;;;;0.9606497883796692;0.9437254071235657;1;1
/m/0h7x;/olympics/olympic_participating_country/athletes./olympics/olympic_athlete_affiliation/sport;/m/035d1m;/m/09p06;/people/person/nationality;/m/0h7x;;;;;;;;;;0.8895112872123718;0.9112022519111633;1;1
/m/019pcs;/olympics/olympic_participating_country/medals_won./olympics/olympic_medal_honor/medal;/m/02lq67;/m/0dttf;/base/biblioness/bibs_location/country;/m/019pcs;;;;;;;;;;0.9611080884933472;0.9674460887908936;1;1
/m/01gqfm;/olympics/olympic_sport/athletes./olympics/olympic_athlete_affiliation/country;/m/06bnz;/m/02vzc;/olympics/olympic_participating_country/athletes./olympics/olympic_athlete_affiliation/sport;/m/01gqfm;;;;;;;;;;0.8725818991661072;0.937908947467804;1;1
/m/019tzd;/olympics/olympic_sport/athletes./olympics/olympic_athlete_affiliation/country;/m/03_3d;/m/03_3d;/olympics/olympic_participating_country/athletes./olympics/olympic_athlete_affiliation/sport;/m/019tzd;;;;;;;;;;0.8822088241577148;0.7697891592979431;1;2
/m/0486tv;/olympics/olympic_sport/athletes./olympics/olympic_athlete_affiliation/country;/m/01znc_;/m/01vw8k;/film/film/runtime./film/film_cut/film_release_region;/m/01znc_;;;;;;;;;;0.9634529948234558;0.9157163500785828;1;1
/m/0d02km;/people/person/gender;/m/05zppz;/m/05qg6g;/award/award_winner/awards_won./award/award_honor/award_winner;/m/0d02km;;;;;;;;;;0.9962124824523926;0.9919008612632751;1;1
/m/03q3sy;/people/person/gender;/m/05zppz;/m/09jwl;/people/profession/people_with_this_profession;/m/03q3sy;;;;;;;;;;0.984017550945282;0.9829855561256409;1;1
/m/01r6jt2;/people/person/places_lived./people/place_lived/location;/m/04jpl;/m/02vnmc9;/film/film/music;/m/01r6jt2;;;;;;;;;;0.9153560996055603;0.9538304805755615;1;1
/m/01yfm8;/people/person/profession;/m/09jwl;/m/08gg47;/film/film/starring./film/performance/actor;/m/01yfm8;;;;;;;;;;0.6309396028518677;0.8184835314750671;1;1
/m/0d0mbj;/people/person/profession;/m/025352;/m/01hrqc;/people/person/profession;/m/025352;;;;;;;;;;0.6687495708465576;0.5815617442131042;1;2
/m/04bdzg;/people/person/profession;/m/02hrh1q;/m/06x58;/base/popstra/celebrity/dated./base/popstra/dated/participant;/m/04bdzg;;;;;;;;;;0.9806542992591858;0.9641993641853333;1;1
/m/046rfv;/people/person/profession;/m/02hrh1q;/m/04ztj;/people/marriage_union_type/unions_of_this_type./people/marriage/spouse;/m/046rfv;;;;;;;;;;0.9677791595458984;0.9392331838607788;1;1
/m/01w_10;/people/person/profession;/m/0kyk;/m/049_zz;/award/award_nominee/award_nominations./award/award_nomination/award_nominee;/m/01w_10;;;;;;;;;;0.9262527227401733;0.8265565037727356;1;1
/m/01nd6v;/people/person/profession;/m/02hrh1q;/m/01h72l;/tv/tv_program/regular_cast./tv/regular_tv_appearance/actor;/m/01nd6v;;;;;;;;;;0.9774188995361328;0.9706765413284302;1;1
/m/01ggbx;/people/person/profession;/m/02jknp;/m/04ztj;/people/marriage_union_type/unions_of_this_type./people/marriage/spouse;/m/01ggbx;;;;;;;;;;0.9324411749839783;0.9160088300704956;1;1
/m/046qq;/people/person/spouse_s./people/marriage/type_of_union;/m/04ztj;/m/01rzqj;/base/popstra/celebrity/friendship./base/popstra/friendship/participant;/m/046qq;;;;;;;;;;0.9984357953071594;0.9969227910041809;1;1
/m/0dgd_;/people/profession/people_with_this_profession;/m/07xr3w;/m/05sbv3;/award/award_winning_work/awards_won./award/award_honor/award_winner;/m/07xr3w;;;;;;;;;;0.8465365767478943;0.7843661904335022;1;1
/m/046fz5;/soccer/football_team/current_roster./sports/sports_team_roster/position;/m/02sdk9v;/m/0356lc;/soccer/football_league/teams./soccer/football_league_participation/team;/m/046fz5;;;;;;;;;;0.9502758979797363;0.9666026830673218;1;1
/m/02g_6x;/sports/sports_position/players./american_football/football_roster_position/team;/m/070xg;/m/023wyl;/sports/sports_position/players./american_football/football_roster_position/team;/m/070xg;;;;;;;;;;0.9586308002471924;0.950736403465271;1;1
/m/01y3v;/sports/sports_team/roster./american_football/football_historical_roster_position/player;/m/019y64;/m/019y64;/american_football/football_player/former_teams./american_football/football_historical_roster_position/team;/m/01y3v;;;;;;;;;;0.7558310627937317;0.5975719690322876;1;1
/m/084l5;/sports/sports_team/roster./american_football/football_historical_roster_position/position_s;/m/06b1q;/m/02g_6x;/sports/sports_position/players./sports/sports_team_roster/team;/m/084l5;;;;;;;;;;0.9303288459777832;0.9370883703231812;1;1
/m/019mdt;/sports/sports_team/roster./soccer/football_roster_position/position;/m/02sdk9v;/m/02nzb8;/sports/sports_position/players./sports/sports_team_roster/team;/m/019mdt;;;;;;;;;;0.9864288568496704;0.9852675199508667;1;1
/m/06pqy_;/sports/sports_team/roster./sports/sports_team_roster/position;/m/02sdk9v;/m/08gwzt;/soccer/football_player/current_team./sports/sports_team_roster/team;/m/06pqy_;;;;;;;;;;0.926794171333313;0.9529433846473694;1;1
