/m/09qs08;/award/award_category/category_of;/m/0gcf2r;/m/09qs08;/award/award_category/winners./award/award_honor/ceremony;/m/0hn821n;;;;;;;;;;0.9748955965042114;0.9832079410552979;1;1
/m/047byns;/award/award_category/category_of;/m/0gcf2r;/m/0c9c0;/award/award_nominee/award_nominations./award/award_nomination/award;/m/047byns;;;;;;;;;;0.91880202293396;0.9223991632461548;1;1
/m/02x1dht;/award/award_category/nominees./award/award_nomination/nominated_for;/m/02rv_dz;/m/02x1dht;/award/award_category/nominees./award/award_nomination/nominated_for;/m/02d49z;;;;;;;;;;0.972633957862854;0.9416008591651917;1;4
/m/01dpdh;/award/award_category/winners./award/award_honor/ceremony;/m/01mhwk;/m/01dpdh;/award/award_category/winners./award/award_honor/ceremony;/m/01mh_q;;;;;;;;;;0.8193919658660889;0.3826107978820801;1;3
/m/0257w4;/award/award_category/winners./award/award_honor/ceremony;/m/05pd94v;/m/0257w4;/award/award_category/winners./award/award_honor/ceremony;/m/019bk0;;;;;;;;;;0.8782909512519836;0.9687636494636536;1;1
/m/03ncb2;/award/award_category/winners./award/award_honor/ceremony;/m/01c6qp;/m/03ncb2;/award/award_category/winners./award/award_honor/ceremony;/m/01xqqp;;;;;;;;;;0.9176283478736877;0.9472363591194153;1;2
/m/01c99j;/award/award_category/winners./award/award_honor/ceremony;/m/056878;/m/0197tq;/award/award_nominee/award_nominations./award/award_nomination/award;/m/01c99j;;;;;;;;;;0.9755122065544128;0.9536949992179871;1;1
/m/09gkdln;/award/award_ceremony/awards_presented./award/award_honor/honored_for;/m/02pqs8l;/m/09gkdln;/award/award_ceremony/awards_presented./award/award_honor/award_winner;/m/08s_lw;;;;;;;;;;0.8073395490646362;0.739940881729126;1;1
/m/01j5x6;/award/award_nominee/award_nominations./award/award_nomination/award;/m/0ck27z;/m/01j5x6;/film/actor/film./film/performance/film;/m/0fsd9t;;;;;;;;;;0.9254614114761353;0.8071553111076355;1;1
/m/0738y5;/award/award_nominee/award_nominations./award/award_nomination/award;/m/0b6k___;/m/0738y5;/people/person/nationality;/m/03rk0;;;;;;;;;;0.8017374873161316;0.6335127353668213;1;1
/m/0b05xm;/award/award_nominee/award_nominations./award/award_nomination/award;/m/0fbtbt;/m/02q5xsx;/award/award_nominee/award_nominations./award/award_nomination/award_nominee;/m/0b05xm;;;;;;;;;;0.8879655599594116;0.861568808555603;1;1
/m/016vg8;/award/award_nominee/award_nominations./award/award_nomination/award;/m/09sb52;/m/016vg8;/award/award_nominee/award_nominations./award/award_nomination/award_nominee;/m/0hvb2;;;;;;;;;;0.7697542905807495;0.7073141932487488;1;1
/m/04qz6n;/award/award_nominee/award_nominations./award/award_nomination/nominated_for;/m/0g60z;/m/04qz6n;/award/award_nominee/award_nominations./award/award_nomination/nominated_for;/m/0180mw;;;;;;;;;;0.11329716444015503;0.1690751612186432;1;3
/m/03_r3;/base/aareas/schema/administrative_area/administrative_area_type;/m/0hzc9wc;/m/03_r3;/olympics/olympic_participating_country/medals_won./olympics/olympic_medal_honor/olympics;/m/0blg2;;;;;;;;;;0.9920690059661865;0.9964691400527954;1;1
/m/071vr;/base/biblioness/bibs_location/state;/m/01n7q;/m/071vr;/location/location/contains;/m/07vjm;;;;;;;;;;0.6015862822532654;0.5935412049293518;1;1
/m/0cv3w;/base/petbreeds/city_with_dogs/top_breeds./base/petbreeds/dog_city_relationship/dog_breed;/m/01_gx_;/m/0cv3w;/base/petbreeds/city_with_dogs/top_breeds./base/petbreeds/dog_city_relationship/dog_breed;/m/0km5c;;;;;;;;;;0.9129810929298401;0.8073682188987732;1;1
/m/018mxj;/base/schemastaging/organization_extra/phone_number./base/schemastaging/phone_sandbox/service_language;/m/04306rv;/m/018mxj;/base/schemastaging/organization_extra/phone_number./base/schemastaging/phone_sandbox/service_location;/m/07ssc;;;;;;;;;;0.508802056312561;0.3864794671535492;1;1
/m/02d02;/baseball/baseball_team/team_stats./baseball/baseball_team_stats/season;/m/025ygws;/m/02d02;/baseball/baseball_team/team_stats./baseball/baseball_team_stats/season;/m/027mvrc;;;;;;;;;;0.9831559658050537;0.9219867587089539;1;1
/m/016t_3;/education/educational_degree/people_with_this_degree./education/education/institution;/m/09kvv;/m/016t_3;/education/educational_degree/people_with_this_degree./education/education/student;/m/03gkn5;;;;;;;;;;0.9789552688598633;0.936756432056427;1;6
/m/0bjrnt;/education/educational_degree/people_with_this_degree./education/education/major_field_of_study;/m/062z7;/m/0bjrnt;/education/educational_degree/people_with_this_degree./education/education/institution;/m/08815;;;;;;;;;;0.7512504458427429;0.9101657271385193;1;1
/m/01pcj4;/education/educational_institution/school_type;/m/01rs41;/m/01pcj4;/education/university/local_tuition./measurement_unit/dated_money_value/currency;/m/09nqf;;;;;;;;;;0.2941185534000397;0.7219107747077942;1;1
/m/07t90;/education/educational_institution/students_graduates./education/education/major_field_of_study;/m/03g3w;/m/07t90;/education/educational_institution/students_graduates./education/education/major_field_of_study;/m/02lp1;;;;;;;;;;0.5562199354171753;0.49622124433517456;1;7
/m/07c52;/education/field_of_study/students_majoring./education/education/student;/m/012x2b;/m/07c52;/media_common/netflix_genre/titles;/m/030p35;;;;;;;;;;0.2723284661769867;0.07363656163215637;1;29
/m/02ln0f;/education/university/fraternities_and_sororities;/m/035tlh;/m/02ln0f;/education/educational_institution/campuses;/m/02ln0f;;;;;;;;;;0.9437949657440186;0.9276608824729919;1;1
/m/024y8p;/education/university/fraternities_and_sororities;/m/0325pb;/m/024y8p;/education/educational_institution/school_type;/m/05jxkf;;;;;;;;;;0.9451202154159546;0.912564754486084;1;1
/m/0ywqc;/film/actor/film./film/performance/film;/m/02qr3k8;/m/0ywqc;/film/actor/film./film/performance/film;/m/02_qt;;;;;;;;;;0.29383158683776855;0.09150499105453491;1;21
/m/0392kz;/film/actor/film./film/performance/film;/m/0cks1m;/m/08cl7s;/tv/tv_program/regular_cast./tv/regular_tv_appearance/actor;/m/0392kz;;;;;;;;;;0.2223922312259674;0.10353795439004898;1;3
/m/05567m;/film/film/distributors./film/film_film_distributor_relationship/film_distribution_medium;/m/0735l;/m/05q5t0b;/award/award_category/nominees./award/award_nomination/nominated_for;/m/05567m;;;;;;;;;;0.901373565196991;0.9616512656211853;1;1
/m/01cz7r;/film/film/film_format;/m/07fb8_;/m/03m6pk;/award/award_nominee/award_nominations./award/award_nomination/nominated_for;/m/01cz7r;;;;;;;;;;0.67586350440979;0.8072981238365173;1;1
/m/0cnztc4;/film/film/genre;/m/03bxz7;/m/0cnztc4;/common/topic/webpage./common/webpage/category;/m/08mbj5d;;;;;;;;;;0.3991727828979492;0.27357327938079834;1;6
/m/032016;/film/film/genre;/m/02kdv5l;/m/0tc7;/film/actor/film./film/performance/film;/m/032016;;;;;;;;;;0.6649982929229736;0.8730354309082031;1;1
/m/025twgf;/film/film/genre;/m/02kdv5l;/m/025twgf;/film/film/language;/m/064_8sq;;;;;;;;;;0.5460532307624817;0.8938645124435425;1;1
/m/01l2b3;/film/film/genre;/m/01t_vv;/m/01l2b3;/film/film/country;/m/09c7w0;;;;;;;;;;0.6317593455314636;0.3607620596885681;1;2
/m/033f8n;/film/film/other_crew./film/film_crew_gig/film_crew_role;/m/0ch6mp2;/m/033f8n;/film/film/release_date_s./film/film_regional_release_date/film_release_region;/m/09c7w0;;;;;;;;;;0.9550712704658508;0.9293866753578186;1;1
/m/04ynx7;/film/film/other_crew./film/film_crew_gig/film_crew_role;/m/09zzb8;/m/04ynx7;/film/film/other_crew./film/film_crew_gig/film_crew_role;/m/0ch6mp2;;;;;;;;;;0.9558484554290771;0.972650408744812;1;1
/m/05pdd86;/film/film/other_crew./film/film_crew_gig/film_crew_role;/m/015h31;/m/05pdd86;/film/film/genre;/m/01hmnh;;;;;;;;;;0.9135255217552185;0.8822126388549805;1;2
/m/0ndsl1x;/film/film/other_crew./film/film_crew_gig/film_crew_role;/m/09vw2b7;/m/01q_ph;/film/actor/film./film/performance/film;/m/0ndsl1x;;;;;;;;;;0.8787168264389038;0.7472643256187439;1;1
/m/0dmn0x;/film/film/other_crew./film/film_crew_gig/film_crew_role;/m/0ch6mp2;/m/09ly2r6;/award/award_category/nominees./award/award_nomination/nominated_for;/m/0dmn0x;;;;;;;;;;0.9234169125556946;0.909486711025238;1;1
/m/024lff;/film/film/other_crew./film/film_crew_gig/film_crew_role;/m/09zzb8;/m/024lff;/film/film/other_crew./film/film_crew_gig/film_crew_role;/m/0ch6mp2;;;;;;;;;;0.9644231200218201;0.9731489419937134;1;1
/m/01qvz8;/film/film/other_crew./film/film_crew_gig/film_crew_role;/m/09zzb8;/m/01qvz8;/film/film/estimated_budget./measurement_unit/dated_money_value/currency;/m/09nqf;;;;;;;;;;0.9586411118507385;0.9924575090408325;1;1
/m/04165w;/film/film/other_crew./film/film_crew_gig/film_crew_role;/m/02r96rf;/m/0jfx1;/film/actor/film./film/performance/film;/m/04165w;;;;;;;;;;0.6167360544204712;0.8806467652320862;1;1
/m/09gq0x5;/film/film/other_crew./film/film_crew_gig/film_crew_role;/m/0ch6mp2;/m/0gs96;/award/award_category/nominees./award/award_nomination/nominated_for;/m/09gq0x5;;;;;;;;;;0.9081291556358337;0.9094151258468628;1;1
/m/0cc5mcj;/film/film/other_crew./film/film_crew_gig/film_crew_role;/m/01vx2h;/m/0cc5mcj;/film/film/release_date_s./film/film_regional_release_date/film_release_region;/m/05v8c;;;;;;;;;;0.695450484752655;0.7978432178497314;1;3
/m/0bm2nq;/film/film/other_crew./film/film_crew_gig/film_crew_role;/m/02r96rf;/m/0bm2nq;/film/film/other_crew./film/film_crew_gig/film_crew_role;/m/09vw2b7;;;;;;;;;;0.968357503414154;0.9157183170318604;1;1
/m/05dss7;/film/film/release_date_s./film/film_regional_release_date/film_release_region;/m/03rjj;/m/05dss7;/film/film/release_date_s./film/film_regional_release_date/film_release_region;/m/09c7w0;;;;;;;;;;0.9864466190338135;0.9512943625450134;1;1
/m/0gyfp9c;/film/film/release_date_s./film/film_regional_release_date/film_release_region;/m/077qn;/m/0gyfp9c;/film/film/release_date_s./film/film_regional_release_date/film_release_region;/m/0b90_r;;;;;;;;;;0.9381434917449951;0.8589163422584534;1;6
/m/0kv238;/film/film/release_date_s./film/film_regional_release_date/film_release_region;/m/03gj2;/m/03npn;/media_common/netflix_genre/titles;/m/0kv238;;;;;;;;;;0.9812094569206238;0.9619814157485962;1;1
/m/0c8tkt;/film/film/release_date_s./film/film_regional_release_date/film_release_region;/m/02vzc;/m/0c8tkt;/film/film/other_crew./film/film_crew_gig/film_crew_role;/m/0dxtw;;;;;;;;;;0.8926848769187927;0.8338400721549988;1;2
/m/0gkz3nz;/film/film/release_date_s./film/film_regional_release_date/film_release_region;/m/03h64;/m/0gkz3nz;/film/film/other_crew./film/film_crew_gig/film_crew_role;/m/0ch6mp2;;;;;;;;;;0.9601560831069946;0.9113917350769043;1;1
/m/0ds6bmk;/film/film/release_date_s./film/film_regional_release_date/film_release_region;/m/05r4w;/m/0ds6bmk;/film/film/release_date_s./film/film_regional_release_date/film_release_region;/m/02vzc;;;;;;;;;;0.9735876321792603;0.951195240020752;1;1
/m/026lgs;/film/film/release_date_s./film/film_regional_release_date/film_release_region;/m/0345h;/m/026lgs;/film/film/release_date_s./film/film_regional_release_date/film_release_region;/m/0ctw_b;;;;;;;;;;0.9822814464569092;0.9905030727386475;1;1
/m/017jd9;/film/film/release_date_s./film/film_regional_release_date/film_release_region;/m/07ylj;/m/017jd9;/film/film/release_date_s./film/film_regional_release_date/film_release_region;/m/05qhw;;;;;;;;;;0.9309272766113281;0.922096848487854;1;1
/m/03hxsv;/film/film/story_by;/m/042xh;/m/03177r;/award/award_nominated_work/award_nominations./award/award_nomination/nominated_for;/m/03hxsv;;;;;;;;;;0.30982011556625366;0.10880479961633682;1;1
/m/09728;/food/food/nutrients./food/nutrition_fact/nutrient;/m/0fzjh;/m/09728;/food/food/nutrients./food/nutrition_fact/nutrient;/m/025s0s0;;;;;;;;;;0.9197317957878113;0.9380223155021667;1;3
/m/034_7s;/government/legislative_session/members./government/government_position_held/district_represented;/m/059ts;/m/034_7s;/government/legislative_session/members./government/government_position_held/district_represented;/m/06nrt;;;;;;;;;;0.3195572793483734;0.3428857922554016;1;1
/m/07hyk;/government/politician/government_positions_held./government/government_position_held/basic_title;/m/060c4;/m/02yy8;/influence/influence_node/influenced_by;/m/07hyk;;;;;;;;;;0.8282762765884399;0.8274226188659668;1;1
/m/046lt;/influence/influence_node/influenced_by;/m/0ph2w;/m/046lt;/people/person/gender;/m/05zppz;;;;;;;;;;0.3818795680999756;0.450156033039093;1;3
/m/06qd3;/location/country/form_of_government;/m/01fpfn;/m/06qd3;/olympics/olympic_participating_country/medals_won./olympics/olympic_medal_honor/olympics;/m/0swbd;;;;;;;;;;0.9118286967277527;0.5398647785186768;1;1
/m/0mkc3;/location/hud_foreclosure_area/estimated_number_of_mortgages./measurement_unit/dated_integer/source;/m/0jbk9;/m/09c7w0;/location/country/second_level_divisions;/m/0mkc3;;;;;;;;;;0.9943298101425171;0.9978809952735901;1;1
/m/0f2tj;/location/hud_foreclosure_area/estimated_number_of_mortgages./measurement_unit/dated_integer/source;/m/0jbk9;/m/014dq7;/people/person/place_of_birth;/m/0f2tj;;;;;;;;;;0.9691688418388367;0.9875888228416443;1;1
/m/01n4w;/location/location/time_zones;/m/02hczc;/m/01n4w;/location/location/contains;/m/0p01x;;;;;;;;;;0.9442227482795715;0.9764490127563477;1;1
/m/0fr61;/location/location/time_zones;/m/02hcv8;/m/0fr61;/location/location/adjoin_s./location/adjoining_relationship/adjoins;/m/0mnz0;;;;;;;;;;0.8578487038612366;0.9002509117126465;1;1
/m/0154j;/location/location/time_zones;/m/02llzg;/m/0154j;/location/location/adjoin_s./location/adjoining_relationship/adjoins;/m/0f8l9c;;;;;;;;;;0.8682427406311035;0.8009588122367859;1;1
/m/0136pk;/music/artist/track_contributions./music/track_contribution/role;/m/01vdm0;/m/016jny;/music/genre/artists;/m/0136pk;;;;;;;;;;0.4995819330215454;0.5406867861747742;1;2
/m/0glt670;/music/genre/artists;/m/01vxlbm;/m/0glt670;/music/genre/artists;/m/01vzx45;;;;;;;;;;0.8891456127166748;0.9641053080558777;1;1
/m/019n8z;/olympics/olympic_games/medals_awarded./olympics/olympic_medal_honor/medal;/m/02lq67;/m/09c7w0;/olympics/olympic_participating_country/medals_won./olympics/olympic_medal_honor/olympics;/m/019n8z;;;;;;;;;;0.9187142252922058;0.9463589191436768;1;1
/m/07f1x;/olympics/olympic_participating_country/medals_won./olympics/olympic_medal_honor/medal;/m/02lpp7;/m/0ctw_b;/military/military_combatant/military_conflicts./military/military_combatant_group/combatants;/m/07f1x;;;;;;;;;;0.9067397117614746;0.9145570397377014;1;1
/m/019tzd;/olympics/olympic_sport/athletes./olympics/olympic_athlete_affiliation/country;/m/03_3d;/m/019tzd;/olympics/olympic_sport/athletes./olympics/olympic_athlete_affiliation/olympics;/m/0kbvb;;;;;;;;;;0.9329418540000916;0.9157676100730896;1;1
/m/0bynt;/olympics/olympic_sport/athletes./olympics/olympic_athlete_affiliation/country;/m/04wlh;/m/0bynt;/olympics/olympic_sport/athletes./olympics/olympic_athlete_affiliation/country;/m/059j2;;;;;;;;;;0.9433714747428894;0.9842959642410278;1;1
/m/03_8r;/olympics/olympic_sport/athletes./olympics/olympic_athlete_affiliation/country;/m/077qn;/m/03_8r;/olympics/olympic_sport/athletes./olympics/olympic_athlete_affiliation/country;/m/01699;;;;;;;;;;0.9624380469322205;0.949786365032196;1;2
/m/01jzyx;/organization/non_profit_organization/registered_with./organization/non_profit_registration/registering_agency;/m/03z19;/m/01jzyx;/business/business_operation/operating_income./measurement_unit/dated_money_value/currency;/m/09nqf;;;;;;;;;;0.9873692393302917;0.9893651008605957;1;1
/m/02bjhv;/organization/non_profit_organization/registered_with./organization/non_profit_registration/registering_agency;/m/03z19;/m/02bjhv;/organization/organization/headquarters./location/mailing_address/state_province_region;/m/05kkh;;;;;;;;;;0.9873049855232239;0.9741367101669312;1;1
/m/0165v;/organization/organization_member/member_of./organization/organization_membership/organization;/m/04k4l;/m/0165v;/location/location/adjoin_s./location/adjoining_relationship/adjoins;/m/015fr;;;;;;;;;;0.6379276514053345;0.6482014060020447;1;1
/m/05qkp;/organization/organization_member/member_of./organization/organization_membership/organization;/m/0_2v;/m/05nrg;/location/location/contains;/m/05qkp;;;;;;;;;;0.6151256561279297;0.49198758602142334;1;1
/m/0k8y7;/people/person/languages;/m/06b_j;/m/0k8y7;/people/person/languages;/m/02h40lc;;;;;;;;;;0.1415756493806839;0.12145337462425232;1;3
/m/082xp;/people/person/nationality;/m/02jx1;/m/082xp;/people/person/nationality;/m/07ssc;;;;;;;;;;0.420102059841156;0.6390073299407959;1;2
/m/03q43g;/people/person/place_of_birth;/m/0h7h6;/m/03q43g;/film/actor/film./film/performance/film;/m/03bx2lk;;;;;;;;;;0.14161348342895508;0.09008828550577164;1;2
/m/0146pg;/people/person/profession;/m/01c72t;/m/0146pg;/award/award_winner/awards_won./award/award_honor/award_winner;/m/016szr;;;;;;;;;;0.6856335997581482;0.7754279971122742;1;1
/m/0362q0;/people/person/profession;/m/01d_h8;/m/0362q0;/people/person/profession;/m/0dxtg;;;;;;;;;;0.5285478830337524;0.13222631812095642;1;5
/m/0187y5;/people/person/profession;/m/01d_h8;/m/02nrdp;/celebrities/celebrity/celebrity_friends./celebrities/friendship/friend;/m/0187y5;;;;;;;;;;0.8043160438537598;0.9212334156036377;1;1
/m/03wh8kl;/people/person/profession;/m/03gjzk;/m/03wh8kl;/award/award_nominee/award_nominations./award/award_nomination/award_nominee;/m/04cl1;;;;;;;;;;0.5554439425468445;0.7245224118232727;1;1
/m/04l3_z;/people/person/profession;/m/018gz8;/m/04l3_z;/people/person/places_lived./people/place_lived/location;/m/0gx1l;;;;;;;;;;0.6008217930793762;0.5978460311889648;1;1
/m/05hj_k;/people/person/profession;/m/01d_h8;/m/03thw4;/award/award_nominee/award_nominations./award/award_nomination/award_nominee;/m/05hj_k;;;;;;;;;;0.9377267360687256;0.9756007194519043;1;1
/m/02lj6p;/people/person/profession;/m/03gjzk;/m/014zcr;/award/award_nominee/award_nominations./award/award_nomination/award_nominee;/m/02lj6p;;;;;;;;;;0.8246121406555176;0.8960491418838501;1;1
/m/03h502k;/people/person/profession;/m/0dz3r;/m/03h502k;/people/person/profession;/m/01c72t;;;;;;;;;;0.9148072600364685;0.7747534513473511;1;1
/m/019g40;/people/person/profession;/m/0dz3r;/m/021_z5;/music/genre/artists;/m/019g40;;;;;;;;;;0.7570098638534546;0.8077468872070312;1;2
/m/01pw2f1;/people/person/profession;/m/01d_h8;/m/09yrh;/base/popstra/celebrity/friendship./base/popstra/friendship/participant;/m/01pw2f1;;;;;;;;;;0.5349278450012207;0.2661294937133789;1;5
/m/07zl1;/people/person/profession;/m/0kyk;/m/07zl1;/award/award_nominee/award_nominations./award/award_nomination/award;/m/0262x6;;;;;;;;;;0.43782928586006165;0.654437780380249;1;1
/m/05prs8;/people/person/profession;/m/0dxtg;/m/0435vm;/film/film/produced_by;/m/05prs8;;;;;;;;;;0.8391984701156616;0.812393844127655;1;1
/m/050z2;/people/person/profession;/m/0dz3r;/m/050z2;/music/artist/contribution./music/recording_contribution/performance_role;/m/013y1f;;;;;;;;;;0.9334089756011963;0.7726300358772278;1;1
/m/05z775;/people/person/profession;/m/0np9r;/m/09g_31;/tv/tv_program/regular_cast./tv/regular_tv_appearance/actor;/m/05z775;;;;;;;;;;0.5681177973747253;0.7573587894439697;1;1
/m/026l37;/people/person/profession;/m/0dxtg;/m/026l37;/award/award_nominee/award_nominations./award/award_nomination/award_nominee;/m/0c3p7;;;;;;;;;;0.5656272768974304;0.5571809411048889;1;3
/m/03sww;/people/person/profession;/m/03gjzk;/m/03sww;/base/schemastaging/person_extra/net_worth./measurement_unit/dated_money_value/currency;/m/09nqf;;;;;;;;;;0.4300776720046997;0.418509840965271;1;2
/m/025vry;/people/person/religion;/m/03_gx;/m/0gnkb;/film/film/music;/m/025vry;;;;;;;;;;0.7056039571762085;0.9328431487083435;1;1
/m/02d02;/sports/professional_sports_team/draft_picks./sports/sports_league_draft_pick/draft;/m/02pq_rp;/m/02d02;/sports/professional_sports_team/draft_picks./sports/sports_league_draft_pick/school;/m/02pptm;;;;;;;;;;0.9027699828147888;0.9014636874198914;1;1
/m/04v9wn;/sports/sports_team/colors;/m/083jv;/m/04v9wn;/soccer/football_team/current_roster./soccer/football_roster_position/position;/m/02_j1w;;;;;;;;;;0.4878784120082855;0.4564296007156372;1;1
/m/0cv3w;/travel/travel_destination/climate./travel/travel_destination_monthly_climate/month;/m/0ll3;/m/0cv3w;/travel/travel_destination/climate./travel/travel_destination_monthly_climate/month;/m/03_ly;;;;;;;;;;0.9647259712219238;0.9086822867393494;1;2
/m/030p35;/tv/tv_program/genre;/m/01t_vv;/m/030p35;/award/award_winning_work/awards_won./award/award_honor/award;/m/0cqh6z;;;;;;;;;;0.27585768699645996;0.26737770438194275;1;3
/m/043qqt5;/tv/tv_program/tv_producer./tv/tv_producer_term/producer_type;/m/0ckd1;/m/05gnf;/tv/tv_network/programs./tv/tv_network_duration/program;/m/043qqt5;;;;;;;;;;0.9957470297813416;0.995155930519104;1;1
/m/02rxj;/user/tsegaran/random/taxonomy_subject/entry./user/tsegaran/random/taxonomy_entry/taxonomy;/m/04n6k;/m/05hks;/people/person/religion;/m/02rxj;;;;;;;;;;0.9976556301116943;0.9962002635002136;1;1
