/m/09qs08;/award/award_category/category_of;/m/0gcf2r;/m/053y4h;/award/award_nominee/award_nominations./award/award_nomination/award;/m/09qs08;;;;;;;;;;0.9748955965042114;0.9907371401786804;1;1
/m/047byns;/award/award_category/category_of;/m/0gcf2r;/m/06msq2;/award/award_nominee/award_nominations./award/award_nomination/award;/m/047byns;;;;;;;;;;0.91880202293396;0.9649559259414673;1;1
/m/02x1dht;/award/award_category/nominees./award/award_nomination/nominated_for;/m/02rv_dz;/m/02x1dht;/award/award_category/nominees./award/award_nomination/nominated_for;/m/0170z3;;;;;;;;;;0.972633957862854;0.7969720959663391;1;3
/m/01dpdh;/award/award_category/winners./award/award_honor/ceremony;/m/01mhwk;/m/01dpdh;/award/award_category/winners./award/award_honor/award_winner;/m/03gr7w;;;;;;;;;;0.8193919658660889;0.7446930408477783;1;1
/m/0257w4;/award/award_category/winners./award/award_honor/ceremony;/m/05pd94v;/m/0257w4;/award/award_category/winners./award/award_honor/award_winner;/m/01m3x5p;;;;;;;;;;0.8782909512519836;0.8639780282974243;1;1
/m/03ncb2;/award/award_category/winners./award/award_honor/ceremony;/m/01c6qp;/m/03ncb2;/award/award_category/winners./award/award_honor/award_winner;/m/02lbrd;;;;;;;;;;0.9176283478736877;0.9202908873558044;1;1
/m/01c99j;/award/award_category/winners./award/award_honor/ceremony;/m/056878;/m/044k8;/award/award_nominee/award_nominations./award/award_nomination/award;/m/01c99j;;;;;;;;;;0.9755122065544128;0.935067892074585;1;1
/m/09gkdln;/award/award_ceremony/awards_presented./award/award_honor/honored_for;/m/02pqs8l;/m/09gkdln;/award/award_ceremony/awards_presented./award/award_honor/award_winner;/m/08s_lw;;;;;;;;;;0.8073395490646362;0.4742752015590668;1;1
/m/01j5x6;/award/award_nominee/award_nominations./award/award_nomination/award;/m/0ck27z;/m/01j5x6;/award/award_nominee/award_nominations./award/award_nomination/award_nominee;/m/0382m4;;;;;;;;;;0.9254614114761353;0.8899403214454651;1;1
/m/0738y5;/award/award_nominee/award_nominations./award/award_nomination/award;/m/0b6k___;/m/03w1lf;/education/educational_institution/students_graduates./education/education/student;/m/0738y5;;;;;;;;;;0.8017374873161316;0.6848512887954712;1;1
/m/0b05xm;/award/award_nominee/award_nominations./award/award_nomination/award;/m/0fbtbt;/m/0b05xm;/award/award_nominee/award_nominations./award/award_nomination/award_nominee;/m/07lwsz;;;;;;;;;;0.8879655599594116;0.7669163942337036;1;1
/m/016vg8;/award/award_nominee/award_nominations./award/award_nomination/award;/m/09sb52;/m/016vg8;/award/award_nominee/award_nominations./award/award_nomination/award_nominee;/m/02wgln;;;;;;;;;;0.7697542905807495;0.9118955135345459;1;1
/m/04qz6n;/award/award_nominee/award_nominations./award/award_nomination/nominated_for;/m/0g60z;/m/0ck27z;/award/award_category/winners./award/award_honor/award_winner;/m/04qz6n;;;;;;;;;;0.11329716444015503;0.15027888119220734;1;2
/m/03_r3;/base/aareas/schema/administrative_area/administrative_area_type;/m/0hzc9wc;/m/09n48;/olympics/olympic_games/participating_countries;/m/03_r3;;;;;;;;;;0.9920690059661865;0.9972694516181946;1;1
/m/071vr;/base/biblioness/bibs_location/state;/m/01n7q;/m/071vr;/location/location/contains;/m/07vjm;;;;;;;;;;0.6015862822532654;0.2740345001220703;1;1
/m/0cv3w;/base/petbreeds/city_with_dogs/top_breeds./base/petbreeds/dog_city_relationship/dog_breed;/m/01_gx_;/m/0cv3w;/base/popstra/location/vacationers./base/popstra/vacation_choice/vacationer;/m/04xrx;;;;;;;;;;0.9129810929298401;0.6365645527839661;1;1
/m/018mxj;/base/schemastaging/organization_extra/phone_number./base/schemastaging/phone_sandbox/service_language;/m/04306rv;/m/018mxj;/base/schemastaging/organization_extra/phone_number./base/schemastaging/phone_sandbox/service_language;/m/02bjrlw;;;;;;;;;;0.508802056312561;0.4058631956577301;1;2
/m/02d02;/baseball/baseball_team/team_stats./baseball/baseball_team_stats/season;/m/025ygws;/m/02d02;/baseball/baseball_team/team_stats./baseball/baseball_team_stats/season;/m/03c6s24;;;;;;;;;;0.9831559658050537;0.9701140522956848;1;1
/m/016t_3;/education/educational_degree/people_with_this_degree./education/education/institution;/m/09kvv;/m/016t_3;/education/educational_degree/people_with_this_degree./education/education/student;/m/017yfz;;;;;;;;;;0.9789552688598633;0.8236463069915771;1;16
/m/0bjrnt;/education/educational_degree/people_with_this_degree./education/education/major_field_of_study;/m/062z7;/m/0bjrnt;/education/educational_degree/people_with_this_degree./education/education/major_field_of_study;/m/0fdys;;;;;;;;;;0.7512504458427429;0.9301490783691406;1;1
/m/01pcj4;/education/educational_institution/school_type;/m/01rs41;/m/060c4;/business/job_title/people_with_this_title./business/employment_tenure/company;/m/01pcj4;;;;;;;;;;0.2941185534000397;0.7549465298652649;1;1
/m/07t90;/education/educational_institution/students_graduates./education/education/major_field_of_study;/m/03g3w;/m/07t90;/education/educational_institution/students_graduates./education/education/major_field_of_study;/m/04sh3;;;;;;;;;;0.5562199354171753;0.35880351066589355;1;11
/m/07c52;/education/field_of_study/students_majoring./education/education/student;/m/012x2b;/m/0gk7z;/education/educational_institution/students_graduates./education/education/major_field_of_study;/m/07c52;;;;;;;;;;0.2723284661769867;0.00508763175457716;1;374
/m/02ln0f;/education/university/fraternities_and_sororities;/m/035tlh;/m/02ln0f;/organization/organization/headquarters./location/mailing_address/state_province_region;/m/05kkh;;;;;;;;;;0.9437949657440186;0.9504006505012512;1;1
/m/024y8p;/education/university/fraternities_and_sororities;/m/0325pb;/m/024y8p;/organization/organization/place_founded;/m/0fsb8;;;;;;;;;;0.9451202154159546;0.8969559073448181;1;1
/m/0ywqc;/film/actor/film./film/performance/film;/m/02qr3k8;/m/0ywqc;/film/actor/film./film/performance/film;/m/0j_tw;;;;;;;;;;0.29383158683776855;0.07462497800588608;1;12
/m/0392kz;/film/actor/film./film/performance/film;/m/0cks1m;/m/0392kz;/film/actor/film./film/performance/film;/m/0ckrgs;;;;;;;;;;0.2223922312259674;0.14398989081382751;1;4
/m/05567m;/film/film/distributors./film/film_film_distributor_relationship/film_distribution_medium;/m/0735l;/m/05567m;/film/film/film_format;/m/0cj16;;;;;;;;;;0.901373565196991;0.7348086833953857;1;1
/m/01cz7r;/film/film/film_format;/m/07fb8_;/m/016tw3;/award/award_nominee/award_nominations./award/award_nomination/nominated_for;/m/01cz7r;;;;;;;;;;0.67586350440979;0.7489116191864014;1;2
/m/0cnztc4;/film/film/genre;/m/03bxz7;/m/0cnztc4;/film/film/genre;/m/03q4nz;;;;;;;;;;0.3991727828979492;0.5290881991386414;1;1
/m/032016;/film/film/genre;/m/02kdv5l;/m/032016;/film/film/executive_produced_by;/m/0tc7;;;;;;;;;;0.6649982929229736;0.7015620470046997;1;1
/m/025twgf;/film/film/genre;/m/02kdv5l;/m/025twgf;/film/film/genre;/m/01jfsb;;;;;;;;;;0.5460532307624817;0.7256236672401428;1;2
/m/01l2b3;/film/film/genre;/m/01t_vv;/m/01l2b3;/film/film/genre;/m/01j1n2;;;;;;;;;;0.6317593455314636;0.375473290681839;1;2
/m/033f8n;/film/film/other_crew./film/film_crew_gig/film_crew_role;/m/0ch6mp2;/m/086k8;/award/award_nominee/award_nominations./award/award_nomination/nominated_for;/m/033f8n;;;;;;;;;;0.9550712704658508;0.9665324687957764;1;1
/m/04ynx7;/film/film/other_crew./film/film_crew_gig/film_crew_role;/m/09zzb8;/m/04ynx7;/film/film/other_crew./film/film_crew_gig/film_crew_role;/m/01pvkk;;;;;;;;;;0.9558484554290771;0.967143177986145;1;1
/m/05pdd86;/film/film/other_crew./film/film_crew_gig/film_crew_role;/m/015h31;/m/05pdd86;/film/film/other_crew./film/film_crew_gig/film_crew_role;/m/020xn5;;;;;;;;;;0.9135255217552185;0.757328987121582;1;3
/m/0ndsl1x;/film/film/other_crew./film/film_crew_gig/film_crew_role;/m/09vw2b7;/m/01q_ph;/film/actor/film./film/performance/film;/m/0ndsl1x;;;;;;;;;;0.8787168264389038;0.8446006178855896;1;1
/m/0dmn0x;/film/film/other_crew./film/film_crew_gig/film_crew_role;/m/0ch6mp2;/m/03xsby;/film/film_distributor/films_distributed./film/film_film_distributor_relationship/film;/m/0dmn0x;;;;;;;;;;0.9234169125556946;0.8991665244102478;1;2
/m/024lff;/film/film/other_crew./film/film_crew_gig/film_crew_role;/m/09zzb8;/m/024lff;/film/film/prequel;/m/0ct2tf5;;;;;;;;;;0.9644231200218201;0.9652283787727356;1;1
/m/01qvz8;/film/film/other_crew./film/film_crew_gig/film_crew_role;/m/09zzb8;/m/01qvz8;/film/film/other_crew./film/film_crew_gig/film_crew_role;/m/0dxtw;;;;;;;;;;0.9586411118507385;0.9717122316360474;1;1
/m/04165w;/film/film/other_crew./film/film_crew_gig/film_crew_role;/m/02r96rf;/m/04165w;/film/film/executive_produced_by;/m/06q8hf;;;;;;;;;;0.6167360544204712;0.7464569211006165;1;1
/m/09gq0x5;/film/film/other_crew./film/film_crew_gig/film_crew_role;/m/0ch6mp2;/m/017fp;/media_common/netflix_genre/titles;/m/09gq0x5;;;;;;;;;;0.9081291556358337;0.9486607909202576;1;1
/m/0cc5mcj;/film/film/other_crew./film/film_crew_gig/film_crew_role;/m/01vx2h;/m/0cc5mcj;/film/film/release_date_s./film/film_regional_release_date/film_release_region;/m/09pmkv;;;;;;;;;;0.695450484752655;0.79276442527771;1;2
/m/0bm2nq;/film/film/other_crew./film/film_crew_gig/film_crew_role;/m/02r96rf;/m/0bm2nq;/film/film/other_crew./film/film_crew_gig/film_crew_role;/m/01vx2h;;;;;;;;;;0.968357503414154;0.92600017786026;1;1
/m/05dss7;/film/film/release_date_s./film/film_regional_release_date/film_release_region;/m/03rjj;/m/05dss7;/film/film/release_date_s./film/film_regional_release_date/film_release_region;/m/06mzp;;;;;;;;;;0.9864466190338135;0.9841017127037048;1;1
/m/0gyfp9c;/film/film/release_date_s./film/film_regional_release_date/film_release_region;/m/077qn;/m/0gyfp9c;/film/film/release_date_s./film/film_regional_release_date/film_release_region;/m/0bjv6;;;;;;;;;;0.9381434917449951;0.6002485752105713;1;16
/m/0kv238;/film/film/release_date_s./film/film_regional_release_date/film_release_region;/m/03gj2;/m/0kv238;/film/film/release_date_s./film/film_regional_release_date/film_release_region;/m/06t8v;;;;;;;;;;0.9812094569206238;0.9768503904342651;1;1
/m/0c8tkt;/film/film/release_date_s./film/film_regional_release_date/film_release_region;/m/02vzc;/m/0c8tkt;/film/film/release_date_s./film/film_regional_release_date/film_release_region;/m/01znc_;;;;;;;;;;0.8926848769187927;0.9853611588478088;1;1
/m/0gkz3nz;/film/film/release_date_s./film/film_regional_release_date/film_release_region;/m/03h64;/m/0gkz3nz;/film/film/release_date_s./film/film_regional_release_date/film_release_region;/m/07ssc;;;;;;;;;;0.9601560831069946;0.9851694107055664;1;1
/m/0ds6bmk;/film/film/release_date_s./film/film_regional_release_date/film_release_region;/m/05r4w;/m/0ds6bmk;/film/film/release_date_s./film/film_regional_release_date/film_release_region;/m/06t8v;;;;;;;;;;0.9735876321792603;0.9380699396133423;1;1
/m/026lgs;/film/film/release_date_s./film/film_regional_release_date/film_release_region;/m/0345h;/m/026lgs;/film/film/release_date_s./film/film_regional_release_date/film_release_region;/m/0hzlz;;;;;;;;;;0.9822814464569092;0.9921145439147949;1;1
/m/017jd9;/film/film/release_date_s./film/film_regional_release_date/film_release_region;/m/07ylj;/m/017jd9;/film/film/release_date_s./film/film_regional_release_date/film_release_region;/m/06mzp;;;;;;;;;;0.9309272766113281;0.8994448184967041;1;2
/m/03hxsv;/film/film/story_by;/m/042xh;/m/03hxsv;/film/film/prequel;/m/031hcx;;;;;;;;;;0.30982011556625366;0.1115594208240509;1;2
/m/09728;/food/food/nutrients./food/nutrition_fact/nutrient;/m/0fzjh;/m/09728;/food/food/nutrients./food/nutrition_fact/nutrient;/m/0g5gq;;;;;;;;;;0.9197317957878113;0.9231006503105164;1;1
/m/034_7s;/government/legislative_session/members./government/government_position_held/district_represented;/m/059ts;/m/034_7s;/government/legislative_session/members./government/government_position_held/district_represented;/m/04s7y;;;;;;;;;;0.3195572793483734;0.247683584690094;1;3
/m/07hyk;/government/politician/government_positions_held./government/government_position_held/basic_title;/m/060c4;/m/05f3q;/award/award_category/winners./award/award_honor/award_winner;/m/07hyk;;;;;;;;;;0.8282762765884399;0.8120035529136658;1;1
/m/046lt;/influence/influence_node/influenced_by;/m/0ph2w;/m/046lt;/influence/influence_node/influenced_by;/m/029_3;;;;;;;;;;0.3818795680999756;0.587972104549408;1;1
/m/06qd3;/location/country/form_of_government;/m/01fpfn;/m/06tw8;/location/statistical_region/places_exported_to./location/imports_and_exports/exported_to;/m/06qd3;;;;;;;;;;0.9118286967277527;0.8687165975570679;1;1
/m/0mkc3;/location/hud_foreclosure_area/estimated_number_of_mortgages./measurement_unit/dated_integer/source;/m/0jbk9;/m/09c7w0;/location/country/second_level_divisions;/m/0mkc3;;;;;;;;;;0.9943298101425171;0.9927316308021545;1;1
/m/0f2tj;/location/hud_foreclosure_area/estimated_number_of_mortgages./measurement_unit/dated_integer/source;/m/0jbk9;/m/0f2tj;/location/hud_county_place/place;/m/0f2tj;;;;;;;;;;0.9691688418388367;0.9905226826667786;1;1
/m/01n4w;/location/location/time_zones;/m/02hczc;/m/07srw;/location/location/adjoin_s./location/adjoining_relationship/adjoins;/m/01n4w;;;;;;;;;;0.9442227482795715;0.9646938443183899;1;1
/m/0fr61;/location/location/time_zones;/m/02hcv8;/m/0mnz0;/location/location/adjoin_s./location/adjoining_relationship/adjoins;/m/0fr61;;;;;;;;;;0.8578487038612366;0.8358263969421387;1;1
/m/0154j;/location/location/time_zones;/m/02llzg;/m/0154j;/location/location/adjoin_s./location/adjoining_relationship/adjoins;/m/0345h;;;;;;;;;;0.8682427406311035;0.9789830446243286;1;1
/m/0136pk;/music/artist/track_contributions./music/track_contribution/role;/m/01vdm0;/m/0136pk;/award/award_nominee/award_nominations./award/award_nomination/award;/m/02ddq4;;;;;;;;;;0.4995819330215454;0.7186864018440247;1;1
/m/0glt670;/music/genre/artists;/m/01vxlbm;/m/0glt670;/music/genre/artists;/m/0x3n;;;;;;;;;;0.8891456127166748;0.9595080018043518;1;1
/m/019n8z;/olympics/olympic_games/medals_awarded./olympics/olympic_medal_honor/medal;/m/02lq67;/m/05vz3zq;/olympics/olympic_participating_country/medals_won./olympics/olympic_medal_honor/olympics;/m/019n8z;;;;;;;;;;0.9187142252922058;0.908518373966217;1;1
/m/07f1x;/olympics/olympic_participating_country/medals_won./olympics/olympic_medal_honor/medal;/m/02lpp7;/m/09c7w0;/military/military_combatant/military_conflicts./military/military_combatant_group/combatants;/m/07f1x;;;;;;;;;;0.9067397117614746;0.8901402950286865;1;1
/m/019tzd;/olympics/olympic_sport/athletes./olympics/olympic_athlete_affiliation/country;/m/03_3d;/m/019tzd;/olympics/olympic_sport/athletes./olympics/olympic_athlete_affiliation/country;/m/0d05w3;;;;;;;;;;0.9329418540000916;0.8902645111083984;1;2
/m/0bynt;/olympics/olympic_sport/athletes./olympics/olympic_athlete_affiliation/country;/m/04wlh;/m/0bynt;/olympics/olympic_sport/athletes./olympics/olympic_athlete_affiliation/country;/m/04tr1;;;;;;;;;;0.9433714747428894;0.960386335849762;1;1
/m/03_8r;/olympics/olympic_sport/athletes./olympics/olympic_athlete_affiliation/country;/m/077qn;/m/03_8r;/olympics/olympic_sport/athletes./olympics/olympic_athlete_affiliation/country;/m/0jdx;;;;;;;;;;0.9624380469322205;0.9114892482757568;1;4
/m/01jzyx;/organization/non_profit_organization/registered_with./organization/non_profit_registration/registering_agency;/m/03z19;/m/01ypc;/sports/professional_sports_team/draft_picks./sports/sports_league_draft_pick/school;/m/01jzyx;;;;;;;;;;0.9873692393302917;0.997099757194519;1;1
/m/02bjhv;/organization/non_profit_organization/registered_with./organization/non_profit_registration/registering_agency;/m/03z19;/m/02bjhv;/education/educational_institution/school_type;/m/05pcjw;;;;;;;;;;0.9873049855232239;0.9924617409706116;1;1
/m/0165v;/organization/organization_member/member_of./organization/organization_membership/organization;/m/04k4l;/m/02vxq9m;/film/film/release_date_s./film/film_regional_release_date/film_release_region;/m/0165v;;;;;;;;;;0.6379276514053345;0.7591679096221924;1;1
/m/05qkp;/organization/organization_member/member_of./organization/organization_membership/organization;/m/0_2v;/m/01cgz;/olympics/olympic_sport/athletes./olympics/olympic_athlete_affiliation/country;/m/05qkp;;;;;;;;;;0.6151256561279297;0.5779243111610413;1;1
/m/0k8y7;/people/person/languages;/m/06b_j;/m/0g6ff;/people/ethnicity/people;/m/0k8y7;;;;;;;;;;0.1415756493806839;0.0055027673952281475;1;23
/m/082xp;/people/person/nationality;/m/02jx1;/m/019vsw;/education/educational_institution/students_graduates./education/education/student;/m/082xp;;;;;;;;;;0.420102059841156;0.33292460441589355;1;2
/m/03q43g;/people/person/place_of_birth;/m/0h7h6;/m/03q43g;/people/person/nationality;/m/0d060g;;;;;;;;;;0.14161348342895508;0.0027703619562089443;1;65
/m/0146pg;/people/person/profession;/m/01c72t;/m/0146pg;/award/award_winner/awards_won./award/award_honor/award_winner;/m/016szr;;;;;;;;;;0.6856335997581482;0.9166268706321716;1;1
/m/0362q0;/people/person/profession;/m/01d_h8;/m/0362q0;/people/person/profession;/m/0dxtg;;;;;;;;;;0.5285478830337524;0.3252929747104645;1;4
/m/0187y5;/people/person/profession;/m/01d_h8;/m/0187y5;/award/award_nominee/award_nominations./award/award_nomination/award_nominee;/m/019pm_;;;;;;;;;;0.8043160438537598;0.8398089408874512;1;1
/m/03wh8kl;/people/person/profession;/m/03gjzk;/m/03wh8kl;/award/award_winner/awards_won./award/award_honor/award_winner;/m/0d4fqn;;;;;;;;;;0.5554439425468445;0.7766531109809875;1;1
/m/04l3_z;/people/person/profession;/m/018gz8;/m/0d87hc;/film/film/written_by;/m/04l3_z;;;;;;;;;;0.6008217930793762;0.5503482818603516;1;1
/m/05hj_k;/people/person/profession;/m/01d_h8;/m/05hj_k;/award/award_nominee/award_nominations./award/award_nomination/award_nominee;/m/03v1xb;;;;;;;;;;0.9377267360687256;0.9371594786643982;1;1
/m/02lj6p;/people/person/profession;/m/03gjzk;/m/02lj6p;/people/person/profession;/m/0dxtg;;;;;;;;;;0.8246121406555176;0.6597192287445068;1;2
/m/03h502k;/people/person/profession;/m/0dz3r;/m/018vs;/music/instrument/instrumentalists;/m/03h502k;;;;;;;;;;0.9148072600364685;0.8732171654701233;1;1
/m/019g40;/people/person/profession;/m/0dz3r;/m/073tm9;/music/record_label/artist;/m/019g40;;;;;;;;;;0.7570098638534546;0.5866674780845642;1;3
/m/01pw2f1;/people/person/profession;/m/01d_h8;/m/09yrh;/base/popstra/celebrity/friendship./base/popstra/friendship/participant;/m/01pw2f1;;;;;;;;;;0.5349278450012207;0.3716302812099457;1;3
/m/07zl1;/people/person/profession;/m/0kyk;/m/040vk98;/award/award_category/winners./award/award_honor/award_winner;/m/07zl1;;;;;;;;;;0.43782928586006165;0.46583855152130127;1;1
/m/05prs8;/people/person/profession;/m/0dxtg;/m/05prs8;/award/award_nominee/award_nominations./award/award_nomination/award;/m/0gq9h;;;;;;;;;;0.8391984701156616;0.6202289462089539;1;1
/m/050z2;/people/person/profession;/m/0dz3r;/m/02bh8z;/music/record_label/artist;/m/050z2;;;;;;;;;;0.9334089756011963;0.9511347413063049;1;1
/m/05z775;/people/person/profession;/m/0np9r;/m/09g_31;/tv/tv_program/regular_cast./tv/regular_tv_appearance/actor;/m/05z775;;;;;;;;;;0.5681177973747253;0.8041461110115051;1;1
/m/026l37;/people/person/profession;/m/0dxtg;/m/026l37;/film/actor/film./film/performance/film;/m/0407yj_;;;;;;;;;;0.5656272768974304;0.4122488498687744;1;1
/m/03sww;/people/person/profession;/m/03gjzk;/m/03sww;/music/artist/origin;/m/030qb3t;;;;;;;;;;0.4300776720046997;0.5793598294258118;1;1
/m/025vry;/people/person/religion;/m/03_gx;/m/041rx;/people/ethnicity/people;/m/025vry;;;;;;;;;;0.7056039571762085;0.5247946977615356;1;2
/m/02d02;/sports/professional_sports_team/draft_picks./sports/sports_league_draft_pick/draft;/m/02pq_rp;/m/02d02;/sports/professional_sports_team/draft_picks./sports/sports_league_draft_pick/school;/m/01jq4b;;;;;;;;;;0.9027699828147888;0.7918863892555237;1;1
/m/04v9wn;/sports/sports_team/colors;/m/083jv;/m/0dgrmp;/sports/sports_position/players./sports/sports_team_roster/team;/m/04v9wn;;;;;;;;;;0.4878784120082855;0.3737213611602783;1;1
/m/0cv3w;/travel/travel_destination/climate./travel/travel_destination_monthly_climate/month;/m/0ll3;/m/0cv3w;/base/popstra/location/vacationers./base/popstra/vacation_choice/vacationer;/m/026c1;;;;;;;;;;0.9647259712219238;0.9483342170715332;1;1
/m/030p35;/tv/tv_program/genre;/m/01t_vv;/m/030p35;/tv/tv_program/genre;/m/05p553;;;;;;;;;;0.27585768699645996;0.16432978212833405;1;4
/m/043qqt5;/tv/tv_program/tv_producer./tv/tv_producer_term/producer_type;/m/0ckd1;/m/05gnf;/tv/tv_network/programs./tv/tv_network_duration/program;/m/043qqt5;;;;;;;;;;0.9957470297813416;0.9832881093025208;1;1
/m/02rxj;/user/tsegaran/random/taxonomy_subject/entry./user/tsegaran/random/taxonomy_entry/taxonomy;/m/04n6k;/m/032l1;/people/person/religion;/m/02rxj;;;;;;;;;;0.9976556301116943;0.9891722202301025;1;1
