rekha;haswonprize;filmfare_awards;rekha;actedin;vijeta;rekha;hasgender;female;rekha;actedin;umrao_jaan;rekha;wasbornin;chennai;9.7157755;1;13.705448;1;11.556524;1;0.8955681741400308;3.3712472915649414
rekha;haswonprize;filmfare_awards;rekha;hasgender;female;rekha;actedin;khoon_pasina;rekha;actedin;umrao_jaan;rekha;wasbornin;chennai;9.7157755;1;13.705448;1;11.596567;1;0.8917633727458559;3.380225419998169
rekha;haswonprize;filmfare_awards;rekha;hasgender;female;rekha;actedin;umrao_jaan;rekha;actedin;dil_hai_tumhaara;rekha;wasbornin;chennai;9.7157755;1;13.705448;1;11.605202;1;0.8909271281342271;3.3782715797424316
rekha;haswonprize;filmfare_awards;rekha;actedin;nagin_(1976_film);rekha;hasgender;female;rekha;actedin;umrao_jaan;rekha;wasbornin;chennai;9.7157755;1;13.705448;1;11.607753;1;0.8906789772080431;3.376467227935791
rekha;haswonprize;filmfare_awards;rekha;actedin;lajja_(film);rekha;hasgender;female;rekha;actedin;umrao_jaan;rekha;wasbornin;chennai;9.7157755;1;13.705448;1;11.581818;1;0.8931788140809552;3.3657357692718506
rekha;haswonprize;filmfare_awards;rekha;actedin;vijeta;rekha;hasgender;female;rekha;actedin;khoon_pasina;rekha;wasbornin;chennai;9.7157755;1;13.705448;1;11.741788;1;0.8769285287464909;3.3656625747680664
rekha;haswonprize;filmfare_awards;rekha;actedin;immaan_dharam;rekha;hasgender;female;rekha;actedin;umrao_jaan;rekha;wasbornin;chennai;9.7157755;1;13.705448;1;11.720167;1;0.8792429938923809;3.3620388507843018
rekha;haswonprize;filmfare_awards;rekha;actedin;vijeta;rekha;hasgender;female;rekha;actedin;dil_hai_tumhaara;rekha;wasbornin;chennai;9.7157755;1;13.705448;1;11.778711;1;0.8728877963853524;3.362719774246216
rekha;haswonprize;filmfare_awards;rekha;actedin;silsila_(film);rekha;hasgender;female;rekha;actedin;umrao_jaan;rekha;wasbornin;chennai;9.7157755;1;13.705448;1;11.72032;1;0.8792267919734598;3.3627703189849854
rekha;haswonprize;filmfare_awards;rekha;actedin;jaani_dushman;rekha;hasgender;female;rekha;actedin;umrao_jaan;rekha;wasbornin;chennai;9.7157755;1;13.705448;1;11.732287;1;0.877950203179207;3.3679988384246826
rekha;haswonprize;filmfare_awards;rekha;actedin;ram_balram;rekha;hasgender;female;rekha;actedin;umrao_jaan;rekha;wasbornin;chennai;9.7157755;1;13.705448;1;11.7462;1;0.8764516045155265;3.3673787117004395
rekha;haswonprize;filmfare_awards;rekha;hasgender;female;rekha;actedin;khoon_pasina;rekha;actedin;dil_hai_tumhaara;rekha;wasbornin;chennai;9.7157755;1;13.705448;1;11.756642;1;0.8753163690512393;3.368098497390747
rekha;haswonprize;filmfare_awards;rekha;actedin;vijeta;rekha;actedin;nagin_(1976_film);rekha;hasgender;female;rekha;wasbornin;chennai;9.7157755;1;13.705448;1;11.760209;1;0.8749265819353694;3.367506742477417
rekha;haswonprize;filmfare_awards;rekha;actedin;suhaag_(1979_film);rekha;hasgender;female;rekha;actedin;umrao_jaan;rekha;wasbornin;chennai;9.7157755;1;13.705448;1;11.76949;1;0.8739074050588749;3.36700177192688
rekha;haswonprize;filmfare_awards;rekha;actedin;alaap;rekha;hasgender;female;rekha;actedin;umrao_jaan;rekha;wasbornin;chennai;9.7157755;1;13.705448;1;11.748514;1;0.8762007549838093;3.3662707805633545
rekha;haswonprize;filmfare_awards;rekha;actedin;lajja_(film);rekha;actedin;vijeta;rekha;hasgender;female;rekha;wasbornin;chennai;9.7157755;1;13.705448;1;11.688013;1;0.8826155297184031;3.368077278137207
rekha;haswonprize;filmfare_awards;rekha;actedin;nagin_(1976_film);rekha;hasgender;female;rekha;actedin;khoon_pasina;rekha;wasbornin;chennai;9.7157755;1;13.705448;1;11.736098;1;0.8775412647165627;3.3644652366638184
rekha;haswonprize;filmfare_awards;rekha;actedin;muqaddar_ka_sikandar;rekha;hasgender;female;rekha;actedin;umrao_jaan;rekha;wasbornin;chennai;9.7157755;1;13.705448;1;11.812752;1;0.8690626645789293;3.3677895069122314
rekha;haswonprize;filmfare_awards;rekha;actedin;lajja_(film);rekha;hasgender;female;rekha;actedin;khoon_pasina;rekha;wasbornin;chennai;9.7157755;1;13.705448;1;11.680809;1;0.8833598536244596;3.3786427974700928
rekha;haswonprize;filmfare_awards;rekha;hasgender;female;rekha;actedin;zubeidaa;rekha;actedin;umrao_jaan;rekha;wasbornin;chennai;9.7157755;1;13.705448;1;11.725239;1;0.8787034772324562;3.3690528869628906
rekha;haswonprize;filmfare_awards;rekha;actedin;mujhe_insaaf_chahiye;rekha;hasgender;female;rekha;actedin;umrao_jaan;rekha;wasbornin;chennai;9.7157755;1;13.705448;1;11.821327;1;0.8680837496002833;3.3636200428009033
rekha;haswonprize;filmfare_awards;rekha;actedin;utsav;rekha;hasgender;female;rekha;actedin;umrao_jaan;rekha;wasbornin;chennai;9.7157755;1;13.705448;1;11.82361;1;0.8678220825187957;3.363426923751831
rekha;haswonprize;filmfare_awards;rekha;actedin;nagin_(1976_film);rekha;hasgender;female;rekha;actedin;dil_hai_tumhaara;rekha;wasbornin;chennai;9.7157755;1;13.705448;1;11.761482;1;0.8747871939698458;3.371086597442627
rekha;haswonprize;filmfare_awards;rekha;actedin;immaan_dharam;rekha;actedin;vijeta;rekha;hasgender;female;rekha;wasbornin;chennai;9.7157755;1;13.705448;1;11.821822;1;0.8680270595959916;3.3720321655273438
rekha;haswonprize;filmfare_awards;rekha;actedin;lajja_(film);rekha;hasgender;female;rekha;actedin;dil_hai_tumhaara;rekha;wasbornin;chennai;9.7157755;1;13.705448;1;11.648336;1;0.8866642504840097;3.3756229877471924
rekha;haswonprize;filmfare_awards;rekha;actedin;silsila_(film);rekha;actedin;vijeta;rekha;hasgender;female;rekha;wasbornin;chennai;9.7157755;1;13.705448;1;11.860941;1;0.8634808965723825;3.382683515548706
rekha;haswonprize;filmfare_awards;rekha;actedin;jaani_dushman;rekha;actedin;vijeta;rekha;hasgender;female;rekha;wasbornin;chennai;9.7157755;1;13.705448;1;11.871291;1;0.862256198303465;3.380913734436035
rekha;haswonprize;filmfare_awards;rekha;actedin;immaan_dharam;rekha;hasgender;female;rekha;actedin;khoon_pasina;rekha;wasbornin;chennai;9.7157755;1;13.705448;1;11.845097;1;0.8653379202567106;3.3837687969207764
rekha;haswonprize;filmfare_awards;rekha;actedin;vijeta;rekha;actedin;ram_balram;rekha;hasgender;female;rekha;wasbornin;chennai;9.7157755;1;13.705448;1;11.93135;1;0.8549666065939897;3.3706905841827393
rekha;haswonprize;filmfare_awards;rekha;actedin;lajja_(film);rekha;actedin;nagin_(1976_film);rekha;hasgender;female;rekha;wasbornin;chennai;9.7157755;1;13.705448;1;11.696811;1;0.8817009739115997;3.362806558609009
rekha;haswonprize;filmfare_awards;rekha;actedin;silsila_(film);rekha;hasgender;female;rekha;actedin;khoon_pasina;rekha;wasbornin;chennai;9.7157755;1;13.705448;1;11.872257;1;0.862141417330127;3.361974000930786
rekha;haswonprize;filmfare_awards;rekha;actedin;jaani_dushman;rekha;hasgender;female;rekha;actedin;khoon_pasina;rekha;wasbornin;chennai;9.7157755;1;13.705448;1;11.855936;1;0.8640698077910629;3.364396333694458
rekha;haswonprize;filmfare_awards;rekha;actedin;suhaag_(1979_film);rekha;actedin;vijeta;rekha;hasgender;female;rekha;wasbornin;chennai;9.7157755;1;13.705448;1;11.896185;1;0.859272805293869;3.3715178966522217
rekha;haswonprize;filmfare_awards;rekha;actedin;alaap;rekha;actedin;vijeta;rekha;hasgender;female;rekha;wasbornin;chennai;9.7157755;1;13.705448;1;11.895296;1;0.8593802503425095;3.3750083446502686
rekha;haswonprize;filmfare_awards;rekha;actedin;ram_balram;rekha;hasgender;female;rekha;actedin;khoon_pasina;rekha;wasbornin;chennai;9.7157755;1;13.705448;1;11.86442;1;0.8630702670459107;3.365077257156372
rekha;haswonprize;filmfare_awards;rekha;actedin;namak_haraam;rekha;hasgender;female;rekha;actedin;umrao_jaan;rekha;wasbornin;chennai;9.7157755;1;13.705448;1;11.88096;1;0.8611037429583532;3.367072105407715
rekha;haswonprize;filmfare_awards;rekha;actedin;suhaag_(1979_film);rekha;hasgender;female;rekha;actedin;khoon_pasina;rekha;wasbornin;chennai;9.7157755;1;13.705448;1;11.854049;1;0.8642913274147169;3.3660240173339844
rekha;haswonprize;filmfare_awards;rekha;actedin;alaap;rekha;hasgender;female;rekha;actedin;khoon_pasina;rekha;wasbornin;chennai;9.7157755;1;13.705448;1;11.874096;1;0.8619227375697183;3.364034652709961
rekha;haswonprize;filmfare_awards;rekha;actedin;muqaddar_ka_sikandar;rekha;actedin;vijeta;rekha;hasgender;female;rekha;wasbornin;chennai;9.7157755;1;13.705448;1;11.9820385;1;0.8485675000204871;3.3722949028015137
rekha;haswonprize;filmfare_awards;rekha;actedin;vijeta;rekha;hasgender;female;rekha;actedin;zubeidaa;rekha;wasbornin;chennai;9.7157755;1;13.705448;1;11.930551;1;0.8550656756578076;3.3701579570770264
rekha;haswonprize;filmfare_awards;rekha;actedin;immaan_dharam;rekha;hasgender;female;rekha;actedin;dil_hai_tumhaara;rekha;wasbornin;chennai;9.7157755;1;13.705448;1;11.868977;1;0.8625308701016865;3.368349075317383
rekha;haswonprize;filmfare_awards;rekha;actedin;muqaddar_ka_sikandar;rekha;hasgender;female;rekha;actedin;khoon_pasina;rekha;wasbornin;chennai;9.7157755;1;13.705448;1;11.918064;1;0.8566062517929979;3.36928391456604
rekha;haswonprize;filmfare_awards;rekha;actedin;mujhe_insaaf_chahiye;rekha;actedin;vijeta;rekha;hasgender;female;rekha;wasbornin;chennai;9.7157755;1;13.705448;1;11.98327;1;0.8484092228857114;3.3797478675842285
rekha;haswonprize;filmfare_awards;rekha;actedin;silsila_(film);rekha;hasgender;female;rekha;actedin;dil_hai_tumhaara;rekha;wasbornin;chennai;9.7157755;1;13.705448;1;11.890395;1;0.8599714651143526;3.3746299743652344
rekha;haswonprize;filmfare_awards;rekha;actedin;jaani_dushman;rekha;hasgender;female;rekha;actedin;dil_hai_tumhaara;rekha;wasbornin;chennai;9.7157755;1;13.705448;1;11.901158;1;0.8586703299241867;3.375148057937622
rekha;haswonprize;filmfare_awards;rekha;hasgender;female;rekha;actedin;khoon_pasina;rekha;actedin;zubeidaa;rekha;wasbornin;chennai;9.7157755;1;13.705448;1;11.886194;1;0.8604765794521759;3.3691561222076416
jürgen_habermas;isinterestedin;political_philosophy;john_rawls;influences;jürgen_habermas;jürgen_habermas;hasgender;male;karl_marx;influences;jürgen_habermas;carl_schmitt;influences;jürgen_habermas;11.660895;1;15.138239;1;13.338055;2;1.8581713622355953;3.467365026473999
i̇skender_alın;wasbornin;istanbul;i̇skender_alın;isaffiliatedto;i̇stanbul_büyükşehir_belediyespor_(football);i̇skender_alın;isaffiliatedto;fenerbahçe_s.k._(football);i̇skender_alın;hasgender;male;i̇skender_alın;playsfor;fenerbahçe_s.k.;9.546732;1;17.92249;1;14.993855;1;0.9492438867340501;3.176469326019287
i̇skender_alın;wasbornin;istanbul;i̇skender_alın;isaffiliatedto;bakırköyspor;i̇skender_alın;isaffiliatedto;i̇stanbul_büyükşehir_belediyespor_(football);i̇skender_alın;hasgender;male;i̇skender_alın;playsfor;fenerbahçe_s.k.;9.546732;1;17.92249;1;15.359402;1;0.92844783701181;3.18641996383667
i̇skender_alın;wasbornin;istanbul;i̇skender_alın;isaffiliatedto;i̇stanbul_büyükşehir_belediyespor_(football);i̇skender_alın;hasgender;male;i̇skender_alın;playsfor;i̇stanbulspor_a.ş.;i̇skender_alın;playsfor;fenerbahçe_s.k.;9.546732;1;17.92249;1;15.480196;1;0.9199960352067347;3.173733711242676
i̇skender_alın;wasbornin;istanbul;i̇skender_alın;isaffiliatedto;i̇stanbul_büyükşehir_belediyespor_(football);i̇skender_alın;hasgender;male;i̇skender_alın;playsfor;fenerbahçe_s.k.;i̇skender_alın;playsfor;kartal_s.k.;9.546732;1;17.92249;1;15.550743;1;0.9146472703292103;3.1857094764709473
i̇skender_alın;wasbornin;istanbul;i̇skender_alın;isaffiliatedto;i̇stanbul_büyükşehir_belediyespor_(football);i̇skender_alın;hasgender;male;i̇skender_alın;playsfor;fenerbahçe_s.k.;i̇skender_alın;playsfor;boluspor;9.546732;1;17.92249;1;15.538692;1;0.91558334581129;3.1786885261535645
i̇skender_alın;wasbornin;istanbul;i̇skender_alın;isaffiliatedto;i̇stanbul_büyükşehir_belediyespor_(football);i̇skender_alın;hasgender;male;i̇skender_alın;playsfor;fenerbahçe_s.k.;i̇skender_alın;isaffiliatedto;boluspor;9.546732;1;17.92249;1;15.56428;1;0.9135845627591989;3.1803629398345947
i̇skender_alın;wasbornin;istanbul;i̇skender_alın;isaffiliatedto;i̇stanbul_büyükşehir_belediyespor_(football);i̇skender_alın;hasgender;male;i̇skender_alın;isaffiliatedto;i̇stanbulspor_a.ş.;i̇skender_alın;playsfor;fenerbahçe_s.k.;9.546732;1;17.92249;1;15.634485;1;0.9078786438826408;3.191554307937622
i̇skender_alın;wasbornin;istanbul;i̇skender_alın;isaffiliatedto;i̇stanbul_büyükşehir_belediyespor_(football);i̇skender_alın;playsfor;bakırköyspor;i̇skender_alın;hasgender;male;i̇skender_alın;playsfor;fenerbahçe_s.k.;9.546732;1;17.92249;1;15.700338;1;0.9022210998216965;3.1855337619781494
i̇skender_alın;wasbornin;istanbul;i̇skender_alın;isaffiliatedto;i̇stanbul_büyükşehir_belediyespor_(football);i̇skender_alın;playsfor;i̇stanbul_başakşehir_f.k.;i̇skender_alın;hasgender;male;i̇skender_alın;playsfor;fenerbahçe_s.k.;9.546732;1;17.92249;1;14.81694;1;0.9571210506436322;3.1756603717803955
i̇skender_alın;wasbornin;istanbul;i̇skender_alın;isaffiliatedto;bakırköyspor;i̇skender_alın;isaffiliatedto;i̇stanbul_büyükşehir_belediyespor_(football);i̇skender_alın;isaffiliatedto;fenerbahçe_s.k._(football);i̇skender_alın;hasgender;male;9.546732;1;17.92249;1;15.298692;1;0.9323775257871506;3.174499988555908
i̇skender_alın;wasbornin;istanbul;i̇skender_alın;isaffiliatedto;i̇stanbul_büyükşehir_belediyespor_(football);i̇skender_alın;isaffiliatedto;fenerbahçe_s.k._(football);i̇skender_alın;hasgender;male;i̇skender_alın;playsfor;i̇stanbulspor_a.ş.;9.546732;1;17.92249;1;15.600164;1;0.9107091654581239;3.1607651710510254
i̇skender_alın;wasbornin;istanbul;i̇skender_alın;isaffiliatedto;i̇stanbul_büyükşehir_belediyespor_(football);i̇skender_alın;isaffiliatedto;kartal_s.k.;i̇skender_alın;hasgender;male;i̇skender_alın;playsfor;fenerbahçe_s.k.;9.546732;1;17.92249;1;15.817109;1;0.8914249933042715;3.1693782806396484
i̇skender_alın;wasbornin;istanbul;i̇skender_alın;isaffiliatedto;i̇stanbul_büyükşehir_belediyespor_(football);i̇skender_alın;hasgender;male;i̇skender_alın;playsfor;fenerbahçe_s.k.;i̇skender_alın;playsfor;yimpaş_yozgatspor;9.546732;1;17.92249;1;15.790289;1;0.8939937037176207;3.1837337017059326
i̇skender_alın;wasbornin;istanbul;i̇skender_alın;isaffiliatedto;i̇stanbul_büyükşehir_belediyespor_(football);i̇skender_alın;isaffiliatedto;fenerbahçe_s.k._(football);i̇skender_alın;hasgender;male;i̇skender_alın;playsfor;kartal_s.k.;9.546732;1;17.92249;1;15.647458;1;0.9067879047717853;3.1783254146575928
i̇skender_alın;wasbornin;istanbul;i̇skender_alın;isaffiliatedto;i̇stanbul_büyükşehir_belediyespor_(football);i̇skender_alın;isaffiliatedto;fenerbahçe_s.k._(football);i̇skender_alın;hasgender;male;i̇skender_alın;playsfor;boluspor;9.546732;1;17.92249;1;15.598947;1;0.9108081483981241;3.1960670948028564
i̇skender_alın;wasbornin;istanbul;i̇skender_alın;isaffiliatedto;bakırköyspor;i̇skender_alın;isaffiliatedto;i̇stanbul_büyükşehir_belediyespor_(football);i̇skender_alın;hasgender;male;i̇skender_alın;playsfor;i̇stanbulspor_a.ş.;9.546732;1;17.92249;1;15.597994;1;0.9108855139603603;3.1891701221466064
i̇skender_alın;wasbornin;istanbul;i̇skender_alın;isaffiliatedto;bakırköyspor;i̇skender_alın;isaffiliatedto;i̇stanbul_büyükşehir_belediyespor_(football);i̇skender_alın;hasgender;male;i̇skender_alın;playsfor;kartal_s.k.;9.546732;1;17.92249;1;15.575131;1;0.9127239781826849;3.175992965698242
i̇skender_alın;wasbornin;istanbul;i̇skender_alın;isaffiliatedto;i̇stanbul_büyükşehir_belediyespor_(football);i̇skender_alın;isaffiliatedto;fenerbahçe_s.k._(football);i̇skender_alın;hasgender;male;i̇skender_alın;isaffiliatedto;boluspor;9.546732;1;17.92249;1;15.648857;1;0.9066695855372464;3.184852123260498
i̇skender_alın;wasbornin;istanbul;i̇skender_alın;isaffiliatedto;bakırköyspor;i̇skender_alın;isaffiliatedto;i̇stanbul_büyükşehir_belediyespor_(football);i̇skender_alın;hasgender;male;i̇skender_alın;playsfor;boluspor;9.546732;1;17.92249;1;15.613516;1;0.9096174831863637;3.173820972442627
i̇skender_alın;wasbornin;istanbul;i̇skender_alın;isaffiliatedto;i̇stanbul_büyükşehir_belediyespor_(football);i̇skender_alın;hasgender;male;i̇skender_alın;playsfor;i̇stanbulspor_a.ş.;i̇skender_alın;playsfor;kartal_s.k.;9.546732;1;17.92249;1;15.700493;1;0.9022074696848443;3.1841092109680176
i̇skender_alın;wasbornin;istanbul;i̇skender_alın;isaffiliatedto;bakırköyspor;i̇skender_alın;isaffiliatedto;fenerbahçe_s.k._(football);i̇skender_alın;hasgender;male;i̇skender_alın;playsfor;fenerbahçe_s.k.;9.546732;1;17.92249;1;15.369603;1;0.9277671602155793;3.1696152687072754
