rekha;haswonprize;filmfare_awards;rekha;hasgender;female;rekha;actedin;umrao_jaan;rekha;wasbornin;chennai;9.7157755;1;13.705448;1;11.77306;1;0.873513533615716;3.3709628582000732
rekha;haswonprize;filmfare_awards;rekha;actedin;vijeta;rekha;hasgender;female;rekha;wasbornin;chennai;9.7157755;1;13.705448;1;11.924113;1;0.8558616179249366;3.3691608905792236
rekha;haswonprize;filmfare_awards;rekha;hasgender;female;rekha;actedin;khoon_pasina;rekha;wasbornin;chennai;9.7157755;1;13.705448;1;11.902615;1;0.8584935122198444;3.3693621158599854
rekha;haswonprize;filmfare_awards;rekha;hasgender;female;rekha;actedin;dil_hai_tumhaara;rekha;wasbornin;chennai;9.7157755;1;13.705448;1;11.942648;1;0.8535600207983981;3.370180368423462
rekha;haswonprize;filmfare_awards;rekha;actedin;nagin_(1976_film);rekha;hasgender;female;rekha;wasbornin;chennai;9.7157755;1;13.705448;1;11.907777;1;0.8578652296961666;3.372990846633911
rekha;haswonprize;filmfare_awards;rekha;actedin;lajja_(film);rekha;hasgender;female;rekha;wasbornin;chennai;9.7157755;1;13.705448;1;11.879839;1;0.8612378271367491;3.3709654808044434
rekha;haswonprize;filmfare_awards;rekha;actedin;immaan_dharam;rekha;hasgender;female;rekha;wasbornin;chennai;9.7157755;1;13.705448;1;12.019761;1;0.8436561245509118;3.372305154800415
rekha;haswonprize;filmfare_awards;rekha;actedin;silsila_(film);rekha;hasgender;female;rekha;wasbornin;chennai;9.7157755;1;13.705448;1;12.039587;1;0.8410232218719335;3.3665482997894287
rekha;haswonprize;filmfare_awards;rekha;actedin;jaani_dushman;rekha;hasgender;female;rekha;wasbornin;chennai;9.7157755;1;13.705448;1;12.031002;1;0.8421677026379768;3.3719165325164795
rekha;haswonprize;filmfare_awards;rekha;actedin;ram_balram;rekha;hasgender;female;rekha;wasbornin;chennai;9.7157755;1;13.705448;1;12.0601845;1;0.8382498942299136;3.3654980659484863
rekha;haswonprize;filmfare_awards;rekha;actedin;suhaag_(1979_film);rekha;hasgender;female;rekha;wasbornin;chennai;9.7157755;1;13.705448;1;12.078599;1;0.8357375499572256;3.3706867694854736
rekha;haswonprize;filmfare_awards;rekha;actedin;alaap;rekha;hasgender;female;rekha;wasbornin;chennai;9.7157755;1;13.705448;1;12.062104;1;0.837989432505668;3.371492385864258
rekha;haswonprize;filmfare_awards;rekha;actedin;muqaddar_ka_sikandar;rekha;hasgender;female;rekha;wasbornin;chennai;9.7157755;1;13.705448;1;12.135339;1;0.8277991988905559;3.3664138317108154
rekha;haswonprize;filmfare_awards;rekha;hasgender;female;rekha;actedin;zubeidaa;rekha;wasbornin;chennai;9.7157755;1;13.705448;1;12.085618;1;0.8347717015391694;3.3637185096740723
rekha;haswonprize;filmfare_awards;rekha;actedin;mujhe_insaaf_chahiye;rekha;hasgender;female;rekha;wasbornin;chennai;9.7157755;1;13.705448;1;12.138683;1;0.8273219202372869;3.368727207183838
rekha;haswonprize;filmfare_awards;rekha;actedin;utsav;rekha;hasgender;female;rekha;wasbornin;chennai;9.7157755;1;13.705448;1;12.146559;1;0.8261939297723384;3.3689308166503906
rekha;haswonprize;filmfare_awards;rekha;actedin;namak_haraam;rekha;hasgender;female;rekha;wasbornin;chennai;9.7157755;1;13.705448;1;12.188301;1;0.8201179870515973;3.3684985637664795
rekha;haswonprize;filmfare_awards;rekha;actedin;vijeta;rekha;hasgender;female;rekha;actedin;umrao_jaan;9.7157755;1;13.705448;1;12.335799;1;0.7973234275581946;3.36796498298645
rekha;haswonprize;filmfare_awards;rekha;hasgender;female;rekha;actedin;khoon_pasina;rekha;actedin;umrao_jaan;9.7157755;1;13.705448;1;12.407933;1;0.7854164503064464;3.365877151489258
rekha;haswonprize;filmfare_awards;rekha;actedin;ganga_ki_saugandh;rekha;hasgender;female;rekha;wasbornin;chennai;9.7157755;1;13.705448;1;12.296345;1;0.803624486743031;3.369288206100464
rekha;haswonprize;filmfare_awards;rekha;hasgender;female;rekha;actedin;umrao_jaan;rekha;actedin;dil_hai_tumhaara;9.7157755;1;13.705448;1;12.379554;1;0.7901607021481959;3.3703713417053223
rekha;haswonprize;filmfare_awards;rekha;actedin;nagin_(1976_film);rekha;hasgender;female;rekha;actedin;umrao_jaan;9.7157755;1;13.705448;1;12.47031;1;0.7747165685112858;3.367058277130127
rekha;haswonprize;filmfare_awards;rekha;actedin;lajja_(film);rekha;hasgender;female;rekha;actedin;umrao_jaan;9.7157755;1;13.705448;1;12.458863;1;0.7767081298793527;3.370401620864868
rekha;haswonprize;filmfare_awards;rekha;actedin;vijeta;rekha;actedin;umrao_jaan;rekha;wasbornin;chennai;9.7157755;1;13.705448;1;12.50361;1;0.7688516797700804;3.3638734817504883
rekha;haswonprize;filmfare_awards;rekha;actedin;vijeta;rekha;hasgender;female;rekha;actedin;khoon_pasina;9.7157755;1;13.705448;1;12.548058;1;0.7608582489797677;3.3621020317077637
rekha;haswonprize;filmfare_awards;rekha;actedin;khoon_pasina;rekha;actedin;umrao_jaan;rekha;wasbornin;chennai;9.7157755;1;13.705448;1;12.560141;1;0.7586527767085747;3.369056224822998
rekha;haswonprize;filmfare_awards;rekha;actedin;immaan_dharam;rekha;hasgender;female;rekha;actedin;umrao_jaan;9.7157755;1;13.705448;1;12.536984;1;0.762867211287307;3.3726418018341064
rekha;haswonprize;filmfare_awards;rekha;actedin;vijeta;rekha;hasgender;female;rekha;actedin;dil_hai_tumhaara;9.7157755;1;13.705448;1;12.54197;1;0.7619640924839156;3.3806464672088623
jürgen_habermas;isinterestedin;political_philosophy;john_rawls;influences;jürgen_habermas;jürgen_habermas;hasgender;male;karl_marx;influences;jürgen_habermas;11.660895;1;15.138239;1;13.589674;1;0.8247063637285208;3.4874181747436523
jürgen_habermas;isinterestedin;political_philosophy;john_rawls;influences;jürgen_habermas;jürgen_habermas;hasgender;male;carl_schmitt;influences;jürgen_habermas;11.660895;1;15.138239;1;13.716834;1;0.8055585563088716;3.461446762084961
jürgen_habermas;isinterestedin;political_philosophy;john_rawls;influences;jürgen_habermas;jürgen_habermas;hasgender;male;immanuel_kant;influences;jürgen_habermas;11.660895;1;15.138239;1;13.675881;1;0.8118929866886285;3.4647579193115234
jürgen_habermas;isinterestedin;political_philosophy;jürgen_habermas;hasgender;male;karl_marx;influences;jürgen_habermas;carl_schmitt;influences;jürgen_habermas;11.660895;1;15.138239;1;13.686703;1;0.8102347407822016;3.4579620361328125
jürgen_habermas;isinterestedin;political_philosophy;john_rawls;influences;jürgen_habermas;jürgen_habermas;hasgender;male;john_dewey;influences;jürgen_habermas;11.660895;1;15.138239;1;13.70974;1;0.8066673694312929;3.461735486984253
jürgen_habermas;isinterestedin;political_philosophy;jürgen_habermas;hasgender;male;immanuel_kant;influences;jürgen_habermas;karl_marx;influences;jürgen_habermas;11.660895;1;15.138239;1;13.72922;1;0.803611091771964;3.4723987579345703
jürgen_habermas;isinterestedin;political_philosophy;john_rawls;influences;jürgen_habermas;georg_wilhelm_friedrich_hegel;influences;jürgen_habermas;jürgen_habermas;hasgender;male;11.660895;1;15.138239;1;13.755682;1;0.7994013381230954;3.472210168838501
jürgen_habermas;isinterestedin;political_philosophy;jürgen_habermas;hasgender;male;immanuel_kant;influences;jürgen_habermas;carl_schmitt;influences;jürgen_habermas;11.660895;1;15.138239;1;13.782814;1;0.7950151147786936;3.473747491836548
jürgen_habermas;isinterestedin;political_philosophy;jürgen_habermas;hasgender;male;karl_marx;influences;jürgen_habermas;john_dewey;influences;jürgen_habermas;11.660895;1;15.138239;1;13.754278;1;0.7996263566262698;3.463789701461792
jürgen_habermas;isinterestedin;political_philosophy;georg_wilhelm_friedrich_hegel;influences;jürgen_habermas;jürgen_habermas;hasgender;male;karl_marx;influences;jürgen_habermas;11.660895;1;15.138239;1;13.7085495;1;0.8068529172212754;3.464670419692993
jürgen_habermas;isinterestedin;political_philosophy;jürgen_habermas;hasgender;male;john_dewey;influences;jürgen_habermas;carl_schmitt;influences;jürgen_habermas;11.660895;1;15.138239;1;13.832455;1;0.7868068491872874;3.471644878387451
jürgen_habermas;isinterestedin;political_philosophy;georg_wilhelm_friedrich_hegel;influences;jürgen_habermas;jürgen_habermas;hasgender;male;carl_schmitt;influences;jürgen_habermas;11.660895;1;15.138239;1;13.836707;1;0.7860926681999614;3.4607341289520264
jürgen_habermas;isinterestedin;political_philosophy;john_rawls;influences;jürgen_habermas;jürgen_habermas;hasgender;male;j._l._austin;influences;jürgen_habermas;11.660895;1;15.138239;1;13.8223;1;0.7885052600851711;3.454680919647217
jürgen_habermas;isinterestedin;political_philosophy;john_rawls;influences;jürgen_habermas;jürgen_habermas;hasgender;male;györgy_márkus;influences;jürgen_habermas;11.660895;1;15.138239;1;13.82899;1;0.7873874465872832;3.4683568477630615
jürgen_habermas;isinterestedin;political_philosophy;jürgen_habermas;hasgender;male;immanuel_kant;influences;jürgen_habermas;john_dewey;influences;jürgen_habermas;11.660895;1;15.138239;1;13.826231;1;0.7878489569115232;3.467747211456299
jürgen_habermas;isinterestedin;political_philosophy;john_rawls;influences;jürgen_habermas;jürgen_habermas;influences;axel_honneth;jürgen_habermas;hasgender;male;11.660895;1;15.138239;1;13.857817;1;0.782521637453293;3.4753613471984863
jürgen_habermas;isinterestedin;political_philosophy;georg_wilhelm_friedrich_hegel;influences;jürgen_habermas;jürgen_habermas;hasgender;male;immanuel_kant;influences;jürgen_habermas;11.660895;1;15.138239;1;13.758016;1;0.7990268566754828;3.466935634613037
jürgen_habermas;isinterestedin;political_philosophy;jürgen_habermas;hasgender;male;karl_marx;influences;jürgen_habermas;j._l._austin;influences;jürgen_habermas;11.660895;1;15.138239;1;13.837668;1;0.7859309795784211;3.4659206867218018
jürgen_habermas;isinterestedin;political_philosophy;jürgen_habermas;hasgender;male;karl_marx;influences;jürgen_habermas;györgy_márkus;influences;jürgen_habermas;11.660895;1;15.138239;1;13.846473;1;0.7844459811862066;3.466398000717163
jürgen_habermas;isinterestedin;political_philosophy;jürgen_habermas;hasgender;male;j._l._austin;influences;jürgen_habermas;carl_schmitt;influences;jürgen_habermas;11.660895;1;15.138239;1;13.918936;1;0.7719408901949693;3.460834264755249
jürgen_habermas;isinterestedin;political_philosophy;jürgen_habermas;hasgender;male;györgy_márkus;influences;jürgen_habermas;carl_schmitt;influences;jürgen_habermas;11.660895;1;15.138239;1;13.913362;1;0.772920734605057;3.465613603591919
jürgen_habermas;isinterestedin;political_philosophy;jürgen_habermas;influences;axel_honneth;jürgen_habermas;hasgender;male;karl_marx;influences;jürgen_habermas;11.660895;1;15.138239;1;13.840815;1;0.78540118057706;3.4698147773742676
jürgen_habermas;isinterestedin;political_philosophy;georg_wilhelm_friedrich_hegel;influences;jürgen_habermas;jürgen_habermas;hasgender;male;john_dewey;influences;jürgen_habermas;11.660895;1;15.138239;1;13.879704;1;0.7787737151504976;3.4610064029693604
jürgen_habermas;isinterestedin;political_philosophy;john_rawls;influences;jürgen_habermas;jürgen_habermas;hasgender;male;max_weber;influences;jürgen_habermas;11.660895;1;15.138239;1;13.90394;1;0.7745700626604891;3.4483754634857178
jürgen_habermas;isinterestedin;political_philosophy;john_rawls;influences;jürgen_habermas;jürgen_habermas;hasgender;male;hans-georg_gadamer;influences;jürgen_habermas;11.660895;1;15.138239;1;13.922118;1;0.7713801477758384;3.4633796215057373
i̇skender_alın;wasbornin;istanbul;i̇skender_alın;isaffiliatedto;i̇stanbul_büyükşehir_belediyespor_(football);i̇skender_alın;hasgender;male;i̇skender_alın;playsfor;fenerbahçe_s.k.;9.546732;1;17.92249;1;15.65412;1;0.9062232491502139;3.1861932277679443
i̇skender_alın;wasbornin;istanbul;i̇skender_alın;isaffiliatedto;i̇stanbul_büyükşehir_belediyespor_(football);i̇skender_alın;isaffiliatedto;fenerbahçe_s.k._(football);i̇skender_alın;hasgender;male;9.546732;1;17.92249;1;15.713541;1;0.901050183440738;3.1808078289031982
i̇skender_alın;wasbornin;istanbul;i̇skender_alın;isaffiliatedto;bakırköyspor;i̇skender_alın;isaffiliatedto;i̇stanbul_büyükşehir_belediyespor_(football);i̇skender_alın;hasgender;male;9.546732;1;17.92249;1;15.673346;1;0.9045766382333911;3.1771960258483887
i̇skender_alın;wasbornin;istanbul;i̇skender_alın;isaffiliatedto;i̇stanbul_büyükşehir_belediyespor_(football);i̇skender_alın;hasgender;male;i̇skender_alın;playsfor;i̇stanbulspor_a.ş.;9.546732;1;17.92249;1;15.837624;1;0.8894234664775594;3.174194812774658
i̇skender_alın;wasbornin;istanbul;i̇skender_alın;isaffiliatedto;i̇stanbul_büyükşehir_belediyespor_(football);i̇skender_alın;hasgender;male;i̇skender_alın;playsfor;kartal_s.k.;9.546732;1;17.92249;1;15.894773;1;0.8836765713341154;3.1802897453308105
i̇skender_alın;wasbornin;istanbul;i̇skender_alın;isaffiliatedto;i̇stanbul_büyükşehir_belediyespor_(football);i̇skender_alın;hasgender;male;i̇skender_alın;playsfor;boluspor;9.546732;1;17.92249;1;15.911753;1;0.8819197372994112;3.174254894256592
i̇skender_alın;wasbornin;istanbul;i̇skender_alın;isaffiliatedto;fenerbahçe_s.k._(football);i̇skender_alın;hasgender;male;i̇skender_alın;playsfor;fenerbahçe_s.k.;9.546732;1;17.92249;1;15.645434;1;0.9069588141665308;3.1692445278167725
i̇skender_alın;wasbornin;istanbul;i̇skender_alın;isaffiliatedto;i̇stanbul_büyükşehir_belediyespor_(football);i̇skender_alın;hasgender;male;i̇skender_alın;isaffiliatedto;boluspor;9.546732;1;17.92249;1;15.94149;1;0.8787876150504296;3.1772663593292236
i̇skender_alın;wasbornin;istanbul;i̇skender_alın;isaffiliatedto;bakırköyspor;i̇skender_alın;hasgender;male;i̇skender_alın;playsfor;fenerbahçe_s.k.;9.546732;1;17.92249;1;16.04025;1;0.8678680208266729;3.1710731983184814
i̇skender_alın;wasbornin;istanbul;i̇skender_alın;isaffiliatedto;i̇stanbul_büyükşehir_belediyespor_(football);i̇skender_alın;hasgender;male;i̇skender_alın;isaffiliatedto;i̇stanbulspor_a.ş.;9.546732;1;17.92249;1;15.980588;1;0.8745608623685804;3.169374465942383
i̇skender_alın;wasbornin;istanbul;i̇skender_alın;isaffiliatedto;i̇stanbul_büyükşehir_belediyespor_(football);i̇skender_alın;playsfor;bakırköyspor;i̇skender_alın;hasgender;male;9.546732;1;17.92249;1;16.010542;1;0.8712377532866596;3.1770131587982178
i̇skender_alın;wasbornin;istanbul;i̇skender_alın;isaffiliatedto;i̇stanbul_büyükşehir_belediyespor_(football);i̇skender_alın;playsfor;i̇stanbul_başakşehir_f.k.;i̇skender_alın;hasgender;male;9.546732;1;17.92249;1;15.231307;1;0.936504312497431;3.1856911182403564
i̇skender_alın;wasbornin;istanbul;i̇skender_alın;hasgender;male;i̇skender_alın;playsfor;i̇stanbulspor_a.ş.;i̇skender_alın;playsfor;fenerbahçe_s.k.;9.546732;1;17.92249;1;16.08566;1;0.8625731559806777;3.1842892169952393
