/m/06rny;/american_football/football_team/current_roster./american_football/football_roster_position/position;/m/023wyl;/m/06rny;/sports/sports_team/roster./sports/sports_team_roster/position;/m/023wyl;;;;;;;;;;3.6041594;3.2156556;1;1
/m/02q1tc5;/award/award_category/winners./award/award_honor/award_winner;/m/026dg51;/m/02q1tc5;/award/award_category/nominees./award/award_nomination/award_nominee;/m/05qsxy;;;;;;;;;;3.6493516;3.829212;1;1
/m/02wkmx;/award/award_category/winners./award/award_honor/award_winner;/m/049l7;/m/02wkmx;/award/award_category/winners./award/award_honor/award_winner;/m/02bxjp;;;;;;;;;;4.966344;5.097586;1;1
/m/011ycb;/award/award_nominated_work/award_nominations./award/award_nomination/award;/m/04dn09n;/m/011ycb;/film/film/starring./film/performance/actor;/m/04vq3h;;;;;;;;;;4.728533;4.475659;1;1
/m/04ddm4;/award/award_nominated_work/award_nominations./award/award_nomination/award;/m/05b1610;/m/04ddm4;/film/film/written_by;/m/06d6y;;;;;;;;;;5.998086;6.198368;1;1
/m/03np63f;/award/award_nominated_work/award_nominations./award/award_nomination/award;/m/02y_rq5;/m/03np63f;/film/film/other_crew./film/film_crew_gig/film_crew_role;/m/02vxfw_;;;;;;;;;;6.5439577;6.390344;1;2
/m/072192;/award/award_nominated_work/award_nominations./award/award_nomination/award;/m/0k611;/m/0k611;/award/award_category/winners./award/award_honor/honored_for;/m/072192;;;;;;;;;;4.7252483;5.1512175;1;2
/m/011yl_;/award/award_nominated_work/award_nominations./award/award_nomination/award;/m/099c8n;/m/02x1dht;/award/award_category/nominees./award/award_nomination/nominated_for;/m/011yl_;;;;;;;;;;4.832713;4.9783096;1;1
/m/0m313;/award/award_nominated_work/award_nominations./award/award_nomination/award_nominee;/m/0m31m;/m/0m313;/film/film/starring./film/performance/actor;/m/016xk5;;;;;;;;;;4.2430344;4.3488865;1;1
/m/06yykb;/award/award_nominated_work/award_nominations./award/award_nomination/award_nominee;/m/01vvb4m;/m/06yykb;/award/award_nominated_work/award_nominations./award/award_nomination/nominated_for;/m/09wnnb;;;;;;;;;;5.5594177;5.493724;1;1
/m/07bx6;/award/award_nominated_work/award_nominations./award/award_nomination/award_nominee;/m/0284n42;/m/07bx6;/film/film/genre;/m/01jfsb;;;;;;;;;;5.103866;5.372533;1;2
/m/04qp06;/award/award_nominee/award_nominations./award/award_nomination/award;/m/0b6k___;/m/04qp06;/people/person/profession;/m/0dxtg;;;;;;;;;;5.321658;5.403988;1;1
/m/027r8p;/award/award_nominee/award_nominations./award/award_nomination/award;/m/0ck27z;/m/027r8p;/award/award_nominee/award_nominations./award/award_nomination/award_nominee;/m/033m23;;;;;;;;;;6.062486;5.537038;1;1
/m/0lpjn;/award/award_nominee/award_nominations./award/award_nomination/award;/m/09td7p;/m/021y7yw;/award/award_nominated_work/award_nominations./award/award_nomination/award_nominee;/m/0lpjn;;;;;;;;;;4.319978;4.3418264;1;1
/m/04ls53;/award/award_nominee/award_nominations./award/award_nomination/award;/m/054krc;/m/025m8y;/award/award_category/nominees./award/award_nomination/award_nominee;/m/04ls53;;;;;;;;;;5.081643;5.117317;1;1
/m/0721cy;/award/award_nominee/award_nominations./award/award_nomination/nominated_for;/m/01s81;/m/01s81;/tv/tv_program/tv_producer./tv/tv_producer_term/producer;/m/0721cy;;;;;;;;;;5.431574;5.4917703;1;1
/m/02qfhb;/award/award_nominee/award_nominations./award/award_nomination/nominated_for;/m/0gkz3nz;/m/02825cv;/film/film/starring./film/performance/actor;/m/02qfhb;;;;;;;;;;5.0343738;5.41512;1;1
/m/022_lg;/award/award_winner/awards_won./award/award_honor/award;/m/0gs9p;/m/0gs9p;/award/award_category/winners./award/award_honor/award_winner;/m/022_lg;;;;;;;;;;5.1502876;5.1483088;1;2
/m/01q415;/award/award_winner/awards_won./award/award_honor/award;/m/0gr4k;/m/01q415;/film/producer/films_executive_produced;/m/05hjnw;;;;;;;;;;5.085732;5.2632637;1;1
/m/04rcl7;/award/award_winner/awards_won./award/award_honor/award;/m/02x1z2s;/m/015ynm;/film/film/production_companies;/m/04rcl7;;;;;;;;;;5.1586423;5.2466526;1;1
/m/046m59;/award/award_winner/awards_won./award/award_honor/award;/m/0bdwft;/m/046m59;/award/award_nominee/award_nominations./award/award_nomination/award_nominee;/m/02x7vq;;;;;;;;;;5.5282288;5.7995872;1;2
/m/03cws8h;/award/award_winner/awards_won./award/award_honor/ceremony;/m/0gvstc3;/m/02wk_43;/award/award_winner/awards_won./award/award_honor/award_winner;/m/03cws8h;;;;;;;;;;5.4957447;5.3803606;1;2
/m/0jfx1;/award/award_winner/awards_won./award/award_honor/honored_for;/m/01vksx;/m/05zvj3m;/award/award_category/winners./award/award_honor/award_winner;/m/0jfx1;;;;;;;;;;4.401366;4.276647;1;1
/m/01p3ty;/award/award_winning_work/awards_won./award/award_honor/award;/m/0b6jkkg;/m/01chg;/film/film_genre/films_in_this_genre;/m/01p3ty;;;;;;;;;;5.850465;5.8678837;1;1
/m/0kfv9;/award/award_winning_work/awards_won./award/award_honor/award_winner;/m/0521rl1;/m/0kfv9;/award/award_winning_work/awards_won./award/award_honor/award_winner;/m/021_rm;;;;;;;;;;4.731134;4.7675586;1;2
/m/0kfv9;/award/award_winning_work/awards_won./award/award_honor/award_winner;/m/01z7_f;/m/0kfv9;/award/award_winning_work/awards_won./award/award_honor/award_winner;/m/021_rm;;;;;;;;;;4.63973;4.1479473;1;2
/m/011ywj;/award/award_winning_work/awards_won./award/award_honor/ceremony;/m/02yvhx;/m/0gs9p;/award/award_category/nominees./award/award_nomination/nominated_for;/m/011ywj;;;;;;;;;;5.150386;5.560524;1;1
/m/025l5;/award/hall_of_fame_inductee/hall_of_fame_inductions./award/hall_of_fame_induction/hall_of_fame;/m/0g2c8;/m/01dcqj;/people/cause_of_death/people;/m/025l5;;;;;;;;;;5.9440374;5.8878694;1;1
/m/07y2s;/base/schemastaging/organization_extra/phone_number./base/schemastaging/phone_sandbox/contact_category;/m/014dgf;/m/07y2s;/base/schemastaging/organization_extra/phone_number./base/schemastaging/phone_sandbox/contact_category;/m/03w5xm;;;;;;;;;;6.1189966;6.4066396;1;3
/m/03558l;/basketball/basketball_position/player_roster_position./basketball/basketball_roster_position/team;/m/0jm9w;/m/03558l;/sports/sports_position/players./sports/sports_team_roster/team;/m/0jm9w;;;;;;;;;;3.4701834;4.1701746;1;2
/m/01r4k;/education/field_of_study/students_majoring./education/education/degree;/m/019v9k;/m/01jsn5;/education/educational_institution/students_graduates./education/education/major_field_of_study;/m/01r4k;;;;;;;;;;5.1027765;5.078951;1;2
/m/02j62;/education/field_of_study/students_majoring./education/education/degree;/m/019v9k;/m/02j62;/education/field_of_study/students_majoring./education/education/institution;/m/02fgdx;;;;;;;;;;3.92804;3.73193;1;1
/m/01mkq;/education/field_of_study/students_majoring./education/education/institution;/m/07t90;/m/019v9k;/education/educational_degree/people_with_this_degree./education/education/major_field_of_study;/m/01mkq;;;;;;;;;;3.9866624;3.9710758;1;1
/m/03vrv9;/film/actor/film./film/performance/film;/m/02ntb8;/m/01d_h8;/people/profession/people_with_this_profession;/m/03vrv9;;;;;;;;;;6.5726414;6.690095;1;1
/m/06qgvf;/film/actor/film./film/performance/film;/m/0cz_ym;/m/0cz_ym;/film/film/starring./film/performance/actor;/m/06qgvf;;;;;;;;;;4.6249256;4.465475;1;1
/m/06g2d1;/film/actor/film./film/performance/film;/m/05sy_5;/m/06g2d1;/award/award_winner/awards_won./award/award_honor/ceremony;/m/09qvms;;;;;;;;;;4.9185715;4.441119;1;1
/m/011_3s;/film/actor/film./film/performance/film;/m/06q8qh;/m/02k21g;/award/award_nominee/award_nominations./award/award_nomination/award_nominee;/m/011_3s;;;;;;;;;;4.6174664;5.077198;1;1
/m/0gv40;/film/director/film;/m/04v8x9;/m/0gv40;/award/award_winner/awards_won./award/award_honor/ceremony;/m/0c6vcj;;;;;;;;;;4.224133;4.362672;1;1
/m/0k4p0;/film/film/directed_by;/m/029m83;/m/0k4p0;/film/film/starring./film/performance/actor;/m/029m83;;;;;;;;;;3.9744906;4.2788057;1;2
/m/0fpv_3_;/film/film/distributors./film/film_film_distributor_relationship/distributor;/m/016tt2;/m/0gr42;/award/award_category/winners./award/award_honor/honored_for;/m/0fpv_3_;;;;;;;;;;5.311786;5.8180017;1;3
/m/01ry_x;/film/film/distributors./film/film_film_distributor_relationship/distributor;/m/01795t;/m/01ry_x;/film/film/written_by;/m/02fgp0;;;;;;;;;;5.588468;5.2140617;1;1
/m/02wypbh;/film/film/film_festivals;/m/05f5rsr;/m/02wypbh;/award/award_category/winners./award/award_honor/award_winner;/m/01q4qv;;;;;;;;;;6.1850295;5.9061127;1;1
/m/047bynf;/film/film/genre;/m/04xvlr;/m/01gq0b;/film/actor/film./film/performance/film;/m/047bynf;;;;;;;;;;6.4190307;6.832324;1;2
/m/07024;/film/film/other_crew./film/film_crew_gig/crewmember;/m/0c94fn;/m/0c94fn;/film/film_crewmember/films_crewed./film/film_crew_gig/film;/m/07024;;;;;;;;;;4.723261;4.7493806;1;1
/m/01hvjx;/film/film/other_crew./film/film_crew_gig/film_crew_role;/m/01vx2h;/m/01vx2h;/film/film_job/films_with_this_crew_job./film/film_crew_gig/film;/m/01hvjx;;;;;;;;;;7.39118;7.277854;1;2
/m/02nx2k;/film/film/other_crew./film/film_crew_gig/film_crew_role;/m/02ynfr;/m/02nx2k;/film/film/other_crew./film/film_crew_gig/film_crew_role;/m/01vx2h;;;;;;;;;;5.919008;5.786851;1;2
/m/01h7bb;/film/film/other_crew./film/film_crew_gig/film_crew_role;/m/0dxtw;/m/0ch6mp2;/film/film_job/films_with_this_crew_job./film/film_crew_gig/film;/m/01h7bb;;;;;;;;;;5.627263;5.732776;1;1
/m/0dt8xq;/film/film/produced_by;/m/0c9c0;/m/0dt8xq;/award/award_winning_work/awards_won./award/award_honor/award_winner;/m/0c9c0;;;;;;;;;;4.6968083;4.797652;1;2
/m/03ntbmw;/film/film/production_companies;/m/0jz9f;/m/0jz9f;/film/production_company/films;/m/03ntbmw;;;;;;;;;;5.6969757;5.4919786;1;1
/m/053rxgm;/film/film/release_date_s./film/film_regional_release_date/film_release_region;/m/06t2t;/m/053rxgm;/film/film/starring./film/performance/actor;/m/0451j;;;;;;;;;;6.224277;6.626672;1;2
/m/04n52p6;/film/film/release_date_s./film/film_regional_release_date/film_release_region;/m/0k6nt;/m/04n52p6;/film/film/release_date_s./film/film_regional_release_date/film_release_region;/m/015fr;;;;;;;;;;6.8541355;6.805872;1;1
/m/0bt3j9;/film/film/release_date_s./film/film_regional_release_date/film_release_region;/m/03gj2;/m/0bt3j9;/film/film/release_date_s./film/film_regional_release_date/film_release_region;/m/06t2t;;;;;;;;;;6.957892;7.4201508;1;3
/m/02ylg6;/film/film/release_date_s./film/film_regional_release_date/film_release_region;/m/035qy;/m/02ylg6;/film/film/release_date_s./film/film_regional_release_date/film_release_region;/m/05b4w;;;;;;;;;;6.542058;6.88332;1;1
/m/049xgc;/film/film/starring./film/performance/actor;/m/0dvmd;/m/016fnb;/film/actor/film./film/performance/film;/m/049xgc;;;;;;;;;;3.7274137;3.9288437;1;1
/m/0p9tm;/film/film/written_by;/m/085pr;/m/0gr51;/award/award_category/winners./award/award_honor/honored_for;/m/0p9tm;;;;;;;;;;4.9177074;4.73017;1;1
/m/0jxy;/film/film_genre/films_in_this_genre;/m/02q3fdr;/m/0jxy;/film/film_genre/films_in_this_genre;/m/0436yk;;;;;;;;;;5.9819193;6.0632915;1;2
/m/01l3k6;/film/film_location/featured_in_films;/m/0ywrc;/m/0ywrc;/film/film/featured_film_locations;/m/01l3k6;;;;;;;;;;7.0002146;8.35302;1;63
/m/028rk;/film/person_or_entity_appearing_in_film/films./film/personal_film_appearance/film;/m/05t54s;/m/028rk;/government/political_appointer/appointees./government/government_position_held/governmental_body;/m/07x_h;;;;;;;;;;5.2284746;5.51759;1;1
/m/030pr;/film/producer/film;/m/0gcpc;/m/030pr;/film/producer/film;/m/0gt14;;;;;;;;;;5.155266;4.949731;1;1
/m/01gb54;/film/production_company/films;/m/011xg5;/m/01gb54;/common/topic/webpage./common/webpage/category;/m/08mbj5d;;;;;;;;;;4.6304016;4.5625486;1;1
/m/02kxbwx;/film/writer/film;/m/0b73_1d;/m/02kxbwx;/award/award_nominee/award_nominations./award/award_nomination/nominated_for;/m/0b73_1d;;;;;;;;;;3.8418674;3.682283;1;1
/m/0184dt;/film/writer/film;/m/0bpm4yw;/m/0184dt;/film/writer/film;/m/0btpm6;;;;;;;;;;3.9958854;3.7999456;1;2
/m/061_f;/food/food/nutrients./food/nutrition_fact/nutrient;/m/025rsfk;/m/061_f;/food/food/nutrients./food/nutrition_fact/nutrient;/m/0hqw8p_;;;;;;;;;;5.6077003;5.605601;1;1
/m/081mh;/government/political_district/representatives./government/government_position_held/legislative_sessions;/m/02bp37;/m/081mh;/government/political_district/representatives./government/government_position_held/legislative_sessions;/m/024tkd;;;;;;;;;;4.327524;4.635877;1;2
/m/059f4;/government/political_district/representatives./government/government_position_held/legislative_sessions;/m/01gsvb;/m/01gssz;/government/legislative_session/members./government/government_position_held/district_represented;/m/059f4;;;;;;;;;;5.050709;5.1181693;1;8
/m/0dc95;/location/location/people_born_here;/m/01wgfp6;/m/0dc95;/common/topic/webpage./common/webpage/category;/m/08mbj5d;;;;;;;;;;5.9336805;5.599622;1;3
/m/0jrxx;/location/location/time_zones;/m/02hcv8;/m/0jrxx;/location/administrative_division/second_level_division_of;/m/09c7w0;;;;;;;;;;6.208149;7.1512375;1;1
/m/01fscv;/location/location/time_zones;/m/02fqwt;/m/02fqwt;/time/time_zone/locations_in_this_time_zone;/m/01fscv;;;;;;;;;;7.0435724;8.464767;1;3
/m/0d0x8;/location/statistical_region/religions./location/religion_percentage/religion;/m/019cr;/m/0d0x8;/government/political_district/representatives./government/government_position_held/legislative_sessions;/m/024tcq;;;;;;;;;;5.8328934;5.988544;1;1
/m/043870;/military/military_combatant/military_conflicts./military/military_combatant_group/conflict;/m/0dr7s;/m/043870;/military/military_combatant/military_conflicts./military/military_combatant_group/conflict;/m/09r3f;;;;;;;;;;6.0896053;6.485104;1;2
/m/0flry;/military/military_conflict/combatants./military/military_combatant_group/combatants;/m/024pcx;/m/025ndl;/military/military_combatant/military_conflicts./military/military_combatant_group/conflict;/m/0flry;;;;;;;;;;5.9674115;5.97103;1;1
/m/01vrt_c;/music/artist/genre;/m/0gywn;/m/018n6m;/award/award_nominee/award_nominations./award/award_nomination/award_nominee;/m/01vrt_c;;;;;;;;;;3.9490182;4.104978;1;1
/m/01gx5f;/music/artist/track_contributions./music/track_contribution/role;/m/026t6;/m/01gx5f;/music/artist/track_contributions./music/track_contribution/role;/m/05r5c;;;;;;;;;;3.9579363;3.9484327;1;1
/m/02khs;/olympics/olympic_participating_country/athletes./olympics/olympic_athlete_affiliation/olympics;/m/06sks6;/m/03hr1p;/olympics/olympic_sport/athletes./olympics/olympic_athlete_affiliation/country;/m/02khs;;;;;;;;;;5.0644045;5.264534;1;1
/m/04w4s;/olympics/olympic_participating_country/athletes./olympics/olympic_athlete_affiliation/olympics;/m/018ctl;/m/09f6b;/olympics/olympic_sport/athletes./olympics/olympic_athlete_affiliation/country;/m/04w4s;;;;;;;;;;4.9227867;5.048688;1;2
/m/096f8;/olympics/olympic_sport/olympic_games_contested;/m/0jdk_;/m/096f8;/olympics/olympic_sport/athletes./olympics/olympic_athlete_affiliation/country;/m/03__y;;;;;;;;;;3.4445972;3.4493575;1;1
/m/07tds;/organization/organization/headquarters./location/mailing_address/state_province_region;/m/05tbn;/m/07tds;/education/educational_institution/subsidiary_or_constituent_schools;/m/01jtp7;;;;;;;;;;5.475751;5.759288;1;5
/m/04hhv;/organization/organization_member/member_of./organization/organization_membership/organization;/m/02vk52z;/m/04hhv;/location/statistical_region/places_imported_from./location/imports_and_exports/imported_from;/m/01crd5;;;;;;;;;;5.4490566;5.2953095;1;1
/m/03yf4d;/people/person/education./education/education/institution;/m/015zyd;/m/015zyd;/education/educational_institution/students_graduates./education/education/student;/m/03yf4d;;;;;;;;;;6.444136;7.9451203;1;16
/m/036qs_;/people/person/ethnicity;/m/0x67;/m/02hrh1q;/people/profession/people_with_this_profession;/m/036qs_;;;;;;;;;;6.783022;7.1065373;1;3
/m/0f2c8g;/people/person/nationality;/m/03rk0;/m/02h4rq6;/education/educational_degree/people_with_this_degree./education/education/student;/m/0f2c8g;;;;;;;;;;7.337797;7.4832287;1;1
/m/04b19t;/people/person/nationality;/m/03rk0;/m/04b19t;/people/person/profession;/m/02jknp;;;;;;;;;;7.0688896;7.1975965;1;1
/m/044n3h;/people/person/place_of_birth;/m/0hsqf;/m/0hsqf;/location/location/people_born_here;/m/044n3h;;;;;;;;;;6.8427916;8.6582775;1;170
/m/0163kf;/people/person/places_lived./people/place_lived/location;/m/013yq;/m/0163kf;/people/person/ethnicity;/m/0x67;;;;;;;;;;5.685937;6.0218053;1;1
/m/049dyj;/people/person/places_lived./people/place_lived/location;/m/06wxw;/m/02hrh1q;/people/profession/people_with_this_profession;/m/049dyj;;;;;;;;;;6.127217;5.8803573;1;1
/m/02lmk;/people/person/spouse_s./people/marriage/type_of_union;/m/01g63y;/m/02lmk;/people/person/spouse_s./people/marriage/type_of_union;/m/04ztj;;;;;;;;;;8.367524;8.647881;1;2
/m/0ct_yc;/soccer/football_player/current_team./soccer/football_roster_position/team;/m/01kckd;/m/0ct_yc;/soccer/football_player/current_team./soccer/football_roster_position/team;/m/01xmxj;;;;;;;;;;4.4391365;4.318425;1;1
/m/0djvzd;/soccer/football_player/current_team./soccer/football_roster_position/team;/m/02279c;/m/0djvzd;/soccer/football_player/current_team./soccer/football_roster_position/position;/m/02sdk9v;;;;;;;;;;4.225775;4.3400526;1;1
/m/01z9v6;/sports/sports_position/players./baseball/baseball_roster_position/team;/m/05xvj;/m/04b5l3;/baseball/baseball_team/current_roster./sports/sports_team_roster/position;/m/01z9v6;;;;;;;;;;3.457635;3.6129205;1;1
/m/02lyr4;/sports/sports_position/players./baseball/baseball_roster_position/team;/m/07147;/m/02lyr4;/sports/sports_position/players./sports/sports_team_roster/team;/m/051vz;;;;;;;;;;3.6790757;3.4137716;1;1
/m/02g_6j;/sports/sports_position/players./sports/sports_team_roster/team;/m/026cmdc;/m/02g_6j;/sports/sports_position/players./american_football/football_historical_roster_position/position_s;/m/05b3ts;;;;;;;;;;4.918223;4.634895;1;1
/m/01r3hr;/sports/sports_position/players./sports/sports_team_roster/team;/m/026bt_h;/m/06b1q;/sports/sports_position/players./american_football/football_historical_roster_position/position_s;/m/01r3hr;;;;;;;;;;4.930989;5.6084433;1;1
/m/03zrhb;/sports/sports_team/roster./soccer/football_roster_position/player;/m/02zbjhq;/m/07vfqj;/sports/pro_athlete/teams./soccer/football_roster_position/team;/m/03zrhb;;;;;;;;;;4.061389;3.9670997;1;1
/m/02qhlm;/sports/sports_team/roster./soccer/football_roster_position/player;/m/0487c3;/m/02qhlm;/sports/sports_team/roster./sports/sports_team_roster/position;/m/02sdk9v;;;;;;;;;;4.60441;4.5018234;1;2
/m/01ypc;/sports/sports_team/roster./sports/sports_team_roster/position;/m/028c_8;/m/01ypc;/sports/sports_team/roster./baseball/baseball_roster_position/position;/m/02dwn9;;;;;;;;;;4.8317814;4.889139;1;1
/m/0d9jr;/travel/travel_destination/climate./travel/travel_destination_monthly_climate/month;/m/040fv;/m/0d9jr;/travel/travel_destination/climate./travel/travel_destination_monthly_climate/month;/m/06vkl;;;;;;;;;;6.7690144;6.158503;1;1
/m/0c01c;/tv/tv_actor/starring_roles./tv/regular_tv_appearance/series;/m/07zhjj;/m/07zhjj;/award/award_nominated_work/award_nominations./award/award_nomination/award_nominee;/m/0c01c;;;;;;;;;;5.8777943;5.368881;1;1
/m/01tszq;/tv/tv_actor/starring_roles./tv/regular_tv_appearance/series;/m/019g8j;/m/01tszq;/people/person/spouse_s./people/marriage/type_of_union;/m/04ztj;;;;;;;;;;5.6964846;5.627685;1;1
/m/063ykwt;/tv/tv_program/tv_producer./tv/tv_producer_term/producer;/m/02tn0_;/m/06chf;/tv/tv_producer/programs_produced./tv/tv_producer_term/program;/m/063ykwt;;;;;;;;;;5.0275745;5.392666;1;2
/m/0bvg70;/tv/tv_program_creator/programs_created;/m/05fgr_;/m/05fgr_;/award/award_nominated_work/award_nominations./award/award_nomination/award_nominee;/m/0bvg70;;;;;;;;;;4.7679243;5.1154823;1;2
