/m/09qs08;/award/award_category/category_of;/m/0gcf2r;/m/09qs08;/award/award_category/winners./award/award_honor/ceremony;/m/03nnm4t;/m/09qs08;/award/award_category/winners./award/award_honor/ceremony;/m/0hn821n;/m/09qs08;/award/award_category/nominees./award/award_nomination/nominated_for;/m/0124k9;;;;0.9748955965042114;0.9443584680557251;1;1
/m/047byns;/award/award_category/category_of;/m/0gcf2r;/m/047byns;/award/award_category/winners./award/award_honor/ceremony;/m/03nnm4t;;;;;;;;;;0.91880202293396;0.8679642677307129;1;1
/m/02x1dht;/award/award_category/nominees./award/award_nomination/nominated_for;/m/02rv_dz;/m/0gpprt;/award/award_nominee/award_nominations./award/award_nomination/award;/m/02x1dht;;;;;;;;;;0.972633957862854;0.8380475044250488;1;4
/m/01dpdh;/award/award_category/winners./award/award_honor/ceremony;/m/01mhwk;/m/01dpdh;/award/award_category/category_of;/m/0c4ys;/m/01dpdh;/award/award_category/winners./award/award_honor/ceremony;/m/0jzphpx;/m/01k_r5b;/award/award_nominee/award_nominations./award/award_nomination/award;/m/01dpdh;/m/01dpdh;/award/award_category/winners./award/award_honor/ceremony;/m/01c6qp;0.8193919658660889;0.45386406779289246;1;3
/m/0257w4;/award/award_category/winners./award/award_honor/ceremony;/m/05pd94v;/m/0257w4;/award/award_category/winners./award/award_honor/ceremony;/m/01mhwk;/m/0257w4;/award/award_category/winners./award/award_honor/ceremony;/m/02cg41;/m/0257w4;/award/award_category/winners./award/award_honor/ceremony;/m/09n4nb;/m/0257w4;/award/award_category/winners./award/award_honor/ceremony;/m/0gpjbt;0.8782909512519836;0.8749948740005493;1;2
/m/03ncb2;/award/award_category/winners./award/award_honor/ceremony;/m/01c6qp;/m/03ncb2;/award/award_category/winners./award/award_honor/ceremony;/m/01xqqp;/m/03ncb2;/award/award_category/winners./award/award_honor/ceremony;/m/019bk0;/m/03ncb2;/award/award_category/winners./award/award_honor/ceremony;/m/09n4nb;/m/03ncb2;/award/award_category/winners./award/award_honor/ceremony;/m/0466p0j;0.9176283478736877;0.9282561540603638;1;2
/m/01c99j;/award/award_category/winners./award/award_honor/ceremony;/m/056878;/m/0197tq;/award/award_nominee/award_nominations./award/award_nomination/award;/m/01c99j;/m/0pyg6;/award/award_nominee/award_nominations./award/award_nomination/award;/m/01c99j;/m/02h9_l;/award/award_nominee/award_nominations./award/award_nomination/award;/m/01c99j;;;;0.9755122065544128;0.9834217429161072;1;1
/m/09gkdln;/award/award_ceremony/awards_presented./award/award_honor/honored_for;/m/02pqs8l;/m/09gkdln;/award/award_ceremony/awards_presented./award/award_honor/award_winner;/m/0b9dmk;;;;;;;;;;0.8073395490646362;0.755656361579895;1;1
/m/01j5x6;/award/award_nominee/award_nominations./award/award_nomination/award;/m/0ck27z;/m/01j5x6;/award/award_nominee/award_nominations./award/award_nomination/award_nominee;/m/05mlqj;;;;;;;;;;0.9254614114761353;0.1942048966884613;1;5
/m/0738y5;/award/award_nominee/award_nominations./award/award_nomination/award;/m/0b6k___;/m/0738y5;/people/person/place_of_birth;/m/0fk98;;;;;;;;;;0.8017374873161316;0.18130606412887573;1;4
/m/0b05xm;/award/award_nominee/award_nominations./award/award_nomination/award;/m/0fbtbt;/m/025y9fn;/award/award_nominee/award_nominations./award/award_nomination/award_nominee;/m/0b05xm;/m/0b05xm;/award/award_nominee/award_nominations./award/award_nomination/nominated_for;/m/07g9f;;;;;;;0.8879655599594116;0.6625398397445679;1;1
/m/016vg8;/award/award_nominee/award_nominations./award/award_nomination/award;/m/09sb52;/m/06151l;/award/award_nominee/award_nominations./award/award_nomination/award_nominee;/m/016vg8;/m/0hvb2;/award/award_nominee/award_nominations./award/award_nomination/award_nominee;/m/016vg8;;;;;;;0.7697542905807495;0.6909807920455933;1;3
/m/04qz6n;/award/award_nominee/award_nominations./award/award_nomination/nominated_for;/m/0g60z;/m/0350l7;/award/award_nominee/award_nominations./award/award_nomination/award_nominee;/m/04qz6n;;;;;;;;;;0.11329716444015503;0.10280752182006836;1;2
/m/03_r3;/base/aareas/schema/administrative_area/administrative_area_type;/m/0hzc9wc;/m/01fmys;/film/film/release_date_s./film/film_regional_release_date/film_release_region;/m/03_r3;/m/0kbws;/olympics/olympic_games/participating_countries;/m/03_r3;;;;;;;0.9920690059661865;0.9954984188079834;1;1
/m/071vr;/base/biblioness/bibs_location/state;/m/01n7q;/m/0l2rj;/location/us_county/county_seat;/m/071vr;;;;;;;;;;0.6015862822532654;0.48926106095314026;1;1
/m/0cv3w;/base/petbreeds/city_with_dogs/top_breeds./base/petbreeds/dog_city_relationship/dog_breed;/m/01_gx_;/m/0cv3w;/travel/travel_destination/climate./travel/travel_destination_monthly_climate/month;/m/028kb;/m/0cv3w;/base/petbreeds/city_with_dogs/top_breeds./base/petbreeds/dog_city_relationship/dog_breed;/m/0km5c;/m/0cv3w;/travel/travel_destination/climate./travel/travel_destination_monthly_climate/month;/m/02xx5;;;;0.9129810929298401;0.682619571685791;1;2
/m/018mxj;/base/schemastaging/organization_extra/phone_number./base/schemastaging/phone_sandbox/service_language;/m/04306rv;/m/018mxj;/base/schemastaging/organization_extra/phone_number./base/schemastaging/phone_sandbox/service_language;/m/02bjrlw;/m/018mxj;/base/schemastaging/organization_extra/phone_number./base/schemastaging/phone_sandbox/service_language;/m/064_8sq;/m/018mxj;/base/schemastaging/organization_extra/phone_number./base/schemastaging/phone_sandbox/service_language;/m/02h40lc;/m/018mxj;/base/schemastaging/organization_extra/phone_number./base/schemastaging/phone_sandbox/service_location;/m/05qhw;0.508802056312561;0.0928305983543396;1;3
/m/02d02;/baseball/baseball_team/team_stats./baseball/baseball_team_stats/season;/m/025ygws;/m/02wszf;/sports/sports_position/players./sports/sports_team_roster/team;/m/02d02;/m/02d02;/baseball/baseball_team/team_stats./baseball/baseball_team_stats/season;/m/0285r5d;/m/02d02;/sports/professional_sports_team/draft_picks./sports/sports_league_draft_pick/school;/m/07szy;;;;0.9831559658050537;0.9025688171386719;1;1
/m/016t_3;/education/educational_degree/people_with_this_degree./education/education/institution;/m/09kvv;/m/016t_3;/education/educational_degree/people_with_this_degree./education/education/institution;/m/025v3k;;;;;;;;;;0.9789552688598633;0.8761938214302063;1;4
/m/0bjrnt;/education/educational_degree/people_with_this_degree./education/education/major_field_of_study;/m/062z7;/m/0bjrnt;/education/educational_degree/people_with_this_degree./education/education/institution;/m/07tgn;;;;;;;;;;0.7512504458427429;0.6969401240348816;1;3
/m/01pcj4;/education/educational_institution/school_type;/m/01rs41;/m/01pcj4;/organization/endowed_organization/endowment./measurement_unit/dated_money_value/currency;/m/09nqf;/m/09c7w0;/location/location/contains;/m/01pcj4;/m/02_xgp2;/education/educational_degree/people_with_this_degree./education/education/institution;/m/01pcj4;/m/01pcj4;/education/educational_institution/school_type;/m/05pcjw;0.2941185534000397;0.8496829271316528;1;1
/m/07t90;/education/educational_institution/students_graduates./education/education/major_field_of_study;/m/03g3w;/m/07t90;/education/educational_institution/students_graduates./education/education/major_field_of_study;/m/06ms6;/m/07t90;/organization/endowed_organization/endowment./measurement_unit/dated_money_value/currency;/m/09nqf;;;;;;;0.5562199354171753;0.3332347571849823;1;12
/m/07c52;/education/field_of_study/students_majoring./education/education/student;/m/012x2b;/m/07c52;/media_common/netflix_genre/titles;/m/01b9w3;/m/07c52;/media_common/netflix_genre/titles;/m/0jq2r;/m/07c52;/media_common/netflix_genre/titles;/m/0b005;;;;0.2723284661769867;0.17913557589054108;1;7
/m/02ln0f;/education/university/fraternities_and_sororities;/m/035tlh;/m/02h4rq6;/education/educational_degree/people_with_this_degree./education/education/institution;/m/02ln0f;/m/02ln0f;/education/educational_institution/colors;/m/06fvc;;;;;;;0.9437949657440186;0.8995631337165833;1;1
/m/024y8p;/education/university/fraternities_and_sororities;/m/0325pb;/m/024y8p;/education/educational_institution/colors;/m/038hg;/m/019v9k;/education/educational_degree/people_with_this_degree./education/education/institution;/m/024y8p;/m/024y8p;/education/educational_institution/students_graduates./education/education/major_field_of_study;/m/0g26h;/m/024y8p;/organization/organization/place_founded;/m/0fsb8;0.9451202154159546;0.9256628751754761;1;1
/m/0ywqc;/film/actor/film./film/performance/film;/m/02qr3k8;/m/02h4rq6;/education/educational_degree/people_with_this_degree./education/education/student;/m/0ywqc;;;;;;;;;;0.29383158683776855;0.01866910047829151;1;115
/m/0392kz;/film/actor/film./film/performance/film;/m/0cks1m;/m/02v5xg;/tv/tv_program/regular_cast./tv/regular_tv_appearance/actor;/m/0392kz;;;;;;;;;;0.2223922312259674;0.0474875308573246;1;9
/m/05567m;/film/film/distributors./film/film_film_distributor_relationship/film_distribution_medium;/m/0735l;/m/0372j5;/award/award_nominated_work/award_nominations./award/award_nomination/nominated_for;/m/05567m;/m/05567m;/award/award_winning_work/awards_won./award/award_honor/award_winner;/m/0lx2l;/m/05q5t0b;/award/award_category/nominees./award/award_nomination/nominated_for;/m/05567m;;;;0.901373565196991;0.937156081199646;1;1
/m/01cz7r;/film/film/film_format;/m/07fb8_;/m/016xh5;/film/actor/film./film/performance/film;/m/01cz7r;/m/03m6pk;/film/actor/film./film/performance/film;/m/01cz7r;;;;;;;0.67586350440979;0.9562941193580627;1;1
/m/0cnztc4;/film/film/genre;/m/03bxz7;/m/0cnztc4;/film/film/genre;/m/07s9rl0;/m/0cnztc4;/film/film/release_date_s./film/film_regional_release_date/film_release_region;/m/06bnz;;;;;;;0.3991727828979492;0.1509125530719757;1;6
/m/032016;/film/film/genre;/m/02kdv5l;/m/032016;/film/film/music;/m/01ycfv;;;;;;;;;;0.6649982929229736;0.8522142171859741;1;1
/m/025twgf;/film/film/genre;/m/02kdv5l;/m/025twgf;/film/film/genre;/m/03k9fj;;;;;;;;;;0.5460532307624817;0.5251060724258423;1;2
/m/01l2b3;/film/film/genre;/m/01t_vv;/m/01l2b3;/film/film/language;/m/02h40lc;;;;;;;;;;0.6317593455314636;0.4552652835845947;1;1
/m/033f8n;/film/film/other_crew./film/film_crew_gig/film_crew_role;/m/0ch6mp2;/m/095z4q;/award/award_nominated_work/award_nominations./award/award_nomination/nominated_for;/m/033f8n;/m/020l9r;/film/actor/film./film/performance/film;/m/033f8n;/m/033f8n;/film/film/other_crew./film/film_crew_gig/film_crew_role;/m/09vw2b7;/m/01z4y;/media_common/netflix_genre/titles;/m/033f8n;0.9550712704658508;0.8758513331413269;1;1
/m/04ynx7;/film/film/other_crew./film/film_crew_gig/film_crew_role;/m/09zzb8;/m/04xvlr;/media_common/netflix_genre/titles;/m/04ynx7;/m/04ynx7;/film/film/genre;/m/0hfjk;/m/04ynx7;/film/film/other_crew./film/film_crew_gig/film_crew_role;/m/02r96rf;/m/04ynx7;/film/film/release_date_s./film/film_regional_release_date/film_release_distribution_medium;/m/029j_;0.9558484554290771;0.9177034497261047;1;1
/m/05pdd86;/film/film/other_crew./film/film_crew_gig/film_crew_role;/m/015h31;/m/05pdd86;/film/film/genre;/m/01hmnh;/m/05pdd86;/film/film/other_crew./film/film_crew_gig/film_crew_role;/m/01xy5l_;;;;;;;0.9135255217552185;0.909326434135437;1;2
/m/0ndsl1x;/film/film/other_crew./film/film_crew_gig/film_crew_role;/m/09vw2b7;/m/0ndsl1x;/film/film/release_date_s./film/film_regional_release_date/film_release_region;/m/02k54;/m/0ndsl1x;/film/film/release_date_s./film/film_regional_release_date/film_release_distribution_medium;/m/029j_;;;;;;;0.8787168264389038;0.8012335300445557;1;1
/m/0dmn0x;/film/film/other_crew./film/film_crew_gig/film_crew_role;/m/0ch6mp2;/m/0dmn0x;/film/film/release_date_s./film/film_regional_release_date/film_release_region;/m/09c7w0;/m/0dmn0x;/film/film/genre;/m/01jfsb;;;;;;;0.9234169125556946;0.9256014823913574;1;1
/m/024lff;/film/film/other_crew./film/film_crew_gig/film_crew_role;/m/09zzb8;/m/08c6k9;/film/film/prequel;/m/024lff;/m/024lff;/film/film/music;/m/02g1jh;/m/01vw37m;/award/award_nominee/award_nominations./award/award_nomination/nominated_for;/m/024lff;/m/024lff;/film/film/other_crew./film/film_crew_gig/film_crew_role;/m/0ch6mp2;0.9644231200218201;0.9323031306266785;1;2
/m/01qvz8;/film/film/other_crew./film/film_crew_gig/film_crew_role;/m/09zzb8;/m/01qvz8;/award/award_winning_work/awards_won./award/award_honor/honored_for;/m/048vhl;/m/01qvz8;/award/award_winning_work/awards_won./award/award_honor/award_winner;/m/0151w_;/m/01qvz8;/award/award_winning_work/awards_won./award/award_honor/award_winner;/m/017s11;;;;0.9586411118507385;0.9561635255813599;1;1
/m/04165w;/film/film/other_crew./film/film_crew_gig/film_crew_role;/m/02r96rf;/m/04165w;/film/film/country;/m/07ssc;/m/04165w;/film/film/executive_produced_by;/m/06q8hf;/m/04165w;/film/film/other_crew./film/film_crew_gig/film_crew_role;/m/0ch6mp2;;;;0.6167360544204712;0.6606868505477905;1;3
/m/09gq0x5;/film/film/other_crew./film/film_crew_gig/film_crew_role;/m/0ch6mp2;/m/016gr2;/award/award_nominee/award_nominations./award/award_nomination/nominated_for;/m/09gq0x5;/m/015rkw;/film/actor/film./film/performance/film;/m/09gq0x5;/m/099jhq;/award/award_category/nominees./award/award_nomination/nominated_for;/m/09gq0x5;/m/0l8z1;/award/award_category/nominees./award/award_nomination/nominated_for;/m/09gq0x5;0.9081291556358337;0.9567957520484924;1;1
/m/0cc5mcj;/film/film/other_crew./film/film_crew_gig/film_crew_role;/m/01vx2h;/m/0cc5mcj;/film/film/release_date_s./film/film_regional_release_date/film_release_region;/m/07t21;/m/0cc5mcj;/film/film/release_date_s./film/film_regional_release_date/film_release_region;/m/0f8l9c;/m/0cc5mcj;/film/film/other_crew./film/film_crew_gig/film_crew_role;/m/09vw2b7;;;;0.695450484752655;0.84670490026474;1;2
/m/0bm2nq;/film/film/other_crew./film/film_crew_gig/film_crew_role;/m/02r96rf;/m/0bm2nq;/film/film/other_crew./film/film_crew_gig/film_crew_role;/m/09vw2b7;/m/0bm2nq;/film/film/other_crew./film/film_crew_gig/film_crew_role;/m/0ch6mp2;/m/0bm2nq;/film/film/other_crew./film/film_crew_gig/film_crew_role;/m/09zzb8;;;;0.968357503414154;0.9479072093963623;1;2
/m/05dss7;/film/film/release_date_s./film/film_regional_release_date/film_release_region;/m/03rjj;/m/05dss7;/film/film/release_date_s./film/film_regional_release_date/film_release_region;/m/0345h;/m/05dss7;/film/film/release_date_s./film/film_regional_release_date/film_release_region;/m/0jgd;;;;;;;0.9864466190338135;0.921440601348877;1;2
/m/0gyfp9c;/film/film/release_date_s./film/film_regional_release_date/film_release_region;/m/077qn;/m/0gyfp9c;/film/film/release_date_s./film/film_regional_release_date/film_release_region;/m/0jgd;;;;;;;;;;0.9381434917449951;0.8027753829956055;1;5
/m/0kv238;/film/film/release_date_s./film/film_regional_release_date/film_release_region;/m/03gj2;/m/0kv238;/film/film/release_date_s./film/film_regional_release_date/film_release_region;/m/09c7w0;/m/0kv238;/film/film/release_date_s./film/film_regional_release_date/film_release_region;/m/03_3d;/m/0kv238;/film/film/release_date_s./film/film_regional_release_date/film_release_region;/m/0jgd;/m/0kv238;/film/film/release_date_s./film/film_regional_release_date/film_release_region;/m/059j2;0.9812094569206238;0.9750403165817261;1;1
/m/0c8tkt;/film/film/release_date_s./film/film_regional_release_date/film_release_region;/m/02vzc;/m/0c8tkt;/film/film/release_date_s./film/film_regional_release_date/film_release_region;/m/05b4w;/m/0c8tkt;/film/film/release_date_s./film/film_regional_release_date/film_release_region;/m/05r4w;/m/0c8tkt;/film/film/release_date_s./film/film_regional_release_date/film_release_region;/m/0f8l9c;;;;0.8926848769187927;0.8897337317466736;1;1
/m/0gkz3nz;/film/film/release_date_s./film/film_regional_release_date/film_release_region;/m/03h64;/m/0gkz3nz;/film/film/other_crew./film/film_crew_gig/film_crew_role;/m/0dxtw;/m/0gkz3nz;/film/film/release_date_s./film/film_regional_release_date/film_release_region;/m/0f8l9c;/m/0gkz3nz;/film/film/release_date_s./film/film_regional_release_date/film_release_region;/m/015fr;/m/0gkz3nz;/film/film/other_crew./film/film_crew_gig/film_crew_role;/m/0ch6mp2;0.9601560831069946;0.8803057670593262;1;3
/m/0ds6bmk;/film/film/release_date_s./film/film_regional_release_date/film_release_region;/m/05r4w;/m/0ds6bmk;/film/film/release_date_s./film/film_regional_release_date/film_release_region;/m/0jgd;/m/0ds6bmk;/film/film/film_festivals;/m/0fpkxfd;/m/0ds6bmk;/film/film/release_date_s./film/film_regional_release_date/film_regional_debut_venue;/m/07751;/m/0ds6bmk;/film/film/release_date_s./film/film_regional_release_date/film_release_region;/m/02vzc;0.9735876321792603;0.8635683655738831;1;3
/m/026lgs;/film/film/release_date_s./film/film_regional_release_date/film_release_region;/m/0345h;/m/026lgs;/film/film/release_date_s./film/film_regional_release_date/film_release_region;/m/09c7w0;/m/026lgs;/film/film/release_date_s./film/film_regional_release_date/film_release_region;/m/0k6nt;/m/026lgs;/film/film/release_date_s./film/film_regional_release_date/film_release_region;/m/0hzlz;/m/0262s1;/award/award_category/nominees./award/award_nomination/nominated_for;/m/026lgs;0.9822814464569092;0.9715082049369812;1;3
/m/017jd9;/film/film/release_date_s./film/film_regional_release_date/film_release_region;/m/07ylj;/m/017jd9;/film/film/release_date_s./film/film_regional_release_date/film_release_region;/m/01ls2;/m/017jd9;/film/film/release_date_s./film/film_regional_release_date/film_release_region;/m/06mzp;/m/017jd9;/film/film/release_date_s./film/film_regional_release_date/film_release_region;/m/0ctw_b;;;;0.9309272766113281;0.7113623023033142;1;5
/m/03hxsv;/film/film/story_by;/m/042xh;/m/03hxsv;/film/film/distributors./film/film_film_distributor_relationship/film_distribution_medium;/m/02nxhr;;;;;;;;;;0.30982011556625366;0.6068710684776306;1;1
/m/09728;/food/food/nutrients./food/nutrition_fact/nutrient;/m/0fzjh;/m/09728;/food/food/nutrients./food/nutrition_fact/nutrient;/m/09pbb;/m/09728;/food/food/nutrients./food/nutrition_fact/nutrient;/m/025s0zp;/m/09728;/food/food/nutrients./food/nutrition_fact/nutrient;/m/02kcv4x;/m/09728;/food/food/nutrients./food/nutrition_fact/nutrient;/m/0h1_c;0.9197317957878113;0.918138861656189;1;3
/m/034_7s;/government/legislative_session/members./government/government_position_held/district_represented;/m/059ts;/m/034_7s;/government/legislative_session/members./government/government_position_held/legislative_sessions;/m/04fhps;/m/034_7s;/government/legislative_session/members./government/government_position_held/district_represented;/m/04s7y;/m/01gvxh;/government/legislative_session/members./government/government_position_held/legislative_sessions;/m/034_7s;/m/034_7s;/government/legislative_session/members./government/government_position_held/legislative_sessions;/m/01gvxh;0.3195572793483734;0.14963485300540924;1;5
/m/07hyk;/government/politician/government_positions_held./government/government_position_held/basic_title;/m/060c4;/m/07hyk;/people/person/place_of_birth;/m/02_286;;;;;;;;;;0.8282762765884399;0.8276309967041016;1;1
/m/046lt;/influence/influence_node/influenced_by;/m/0ph2w;/m/046lt;/film/actor/film./film/performance/film;/m/01633c;;;;;;;;;;0.3818795680999756;0.37052422761917114;1;5
/m/06qd3;/location/country/form_of_government;/m/01fpfn;/m/06tw8;/location/statistical_region/places_exported_to./location/imports_and_exports/exported_to;/m/06qd3;;;;;;;;;;0.9118286967277527;0.7470434904098511;1;1
/m/0mkc3;/location/hud_foreclosure_area/estimated_number_of_mortgages./measurement_unit/dated_integer/source;/m/0jbk9;/m/09c7w0;/location/country/second_level_divisions;/m/0mkc3;/m/0mkc3;/location/statistical_region/rent50_2./measurement_unit/dated_money_value/currency;/m/09nqf;/m/0824r;/location/location/contains;/m/0mkc3;;;;0.9943298101425171;0.9948286414146423;1;1
/m/0f2tj;/location/hud_foreclosure_area/estimated_number_of_mortgages./measurement_unit/dated_integer/source;/m/0jbk9;/m/0f2tj;/location/location/contains;/m/035ktt;/m/0160nk;/organization/organization/headquarters./location/mailing_address/citytown;/m/0f2tj;/m/0g5pvv;/film/film/featured_film_locations;/m/0f2tj;/m/0f2tj;/base/biblioness/bibs_location/state;/m/04ly1;0.9691688418388367;0.9850467443466187;1;1
/m/01n4w;/location/location/time_zones;/m/02hczc;/m/01vsl;/base/biblioness/bibs_location/state;/m/01n4w;;;;;;;;;;0.9442227482795715;0.9788752794265747;1;1
/m/0fr61;/location/location/time_zones;/m/02hcv8;/m/0fr61;/location/location/adjoin_s./location/adjoining_relationship/adjoins;/m/0mn78;/m/04rrd;/location/location/contains;/m/0fr61;;;;;;;0.8578487038612366;0.9556371569633484;1;1
/m/0154j;/location/location/time_zones;/m/02llzg;/m/0f8l9c;/military/military_combatant/military_conflicts./military/military_combatant_group/combatants;/m/0154j;/m/0154j;/location/location/adjoin_s./location/adjoining_relationship/adjoins;/m/04g61;;;;;;;0.8682427406311035;0.6577174067497253;1;1
/m/0136pk;/music/artist/track_contributions./music/track_contribution/role;/m/01vdm0;/m/0136pk;/music/artist/track_contributions./music/track_contribution/role;/m/0342h;;;;;;;;;;0.4995819330215454;0.4353448152542114;1;5
/m/0glt670;/music/genre/artists;/m/01vxlbm;/m/0glt670;/music/genre/artists;/m/0770cd;/m/0glt670;/music/genre/artists;/m/01vzx45;;;;;;;0.8891456127166748;0.9421576261520386;1;2
/m/019n8z;/olympics/olympic_games/medals_awarded./olympics/olympic_medal_honor/medal;/m/02lq67;/m/019n8z;/olympics/olympic_games/participating_countries;/m/07ssc;/m/019n8z;/olympics/olympic_games/sports;/m/09wz9;/m/019n8z;/olympics/olympic_games/medals_awarded./olympics/olympic_medal_honor/medal;/m/02lpp7;;;;0.9187142252922058;0.9320170283317566;1;1
/m/07f1x;/olympics/olympic_participating_country/medals_won./olympics/olympic_medal_honor/medal;/m/02lpp7;/m/07f1x;/military/military_combatant/military_conflicts./military/military_combatant_group/combatants;/m/02vzc;/m/03gj2;/military/military_combatant/military_conflicts./military/military_combatant_group/combatants;/m/07f1x;/m/0lgxj;/olympics/olympic_games/participating_countries;/m/07f1x;;;;0.9067397117614746;0.7718393802642822;1;1
/m/019tzd;/olympics/olympic_sport/athletes./olympics/olympic_athlete_affiliation/country;/m/03_3d;/m/019tzd;/olympics/olympic_sport/athletes./olympics/olympic_athlete_affiliation/olympics;/m/0kbvb;/m/019tzd;/olympics/olympic_sport/athletes./olympics/olympic_athlete_affiliation/olympics;/m/06sks6;;;;;;;0.9329418540000916;0.9245386123657227;1;2
/m/0bynt;/olympics/olympic_sport/athletes./olympics/olympic_athlete_affiliation/country;/m/04wlh;/m/0bynt;/olympics/olympic_sport/athletes./olympics/olympic_athlete_affiliation/country;/m/05r4w;/m/0bynt;/olympics/olympic_sport/athletes./olympics/olympic_athlete_affiliation/country;/m/059j2;/m/0bynt;/olympics/olympic_sport/athletes./olympics/olympic_athlete_affiliation/country;/m/0hzlz;/m/0bynt;/olympics/olympic_sport/athletes./olympics/olympic_athlete_affiliation/olympics;/m/0jhn7;0.9433714747428894;0.9728989601135254;1;3
/m/03_8r;/olympics/olympic_sport/athletes./olympics/olympic_athlete_affiliation/country;/m/077qn;/m/03_8r;/olympics/olympic_sport/athletes./olympics/olympic_athlete_affiliation/country;/m/06c1y;/m/03_8r;/olympics/olympic_sport/athletes./olympics/olympic_athlete_affiliation/country;/m/035qy;/m/03_8r;/olympics/olympic_sport/athletes./olympics/olympic_athlete_affiliation/country;/m/01znc_;;;;0.9624380469322205;0.8969398140907288;1;5
/m/01jzyx;/organization/non_profit_organization/registered_with./organization/non_profit_registration/registering_agency;/m/03z19;/m/059rby;/location/location/contains;/m/01jzyx;;;;;;;;;;0.9873692393302917;0.9857136011123657;1;1
/m/02bjhv;/organization/non_profit_organization/registered_with./organization/non_profit_registration/registering_agency;/m/03z19;/m/02bjhv;/education/educational_institution/students_graduates./education/education/major_field_of_study;/m/02_7t;;;;;;;;;;0.9873049855232239;0.9895568490028381;1;1
/m/0165v;/organization/organization_member/member_of./organization/organization_membership/organization;/m/04k4l;/m/015fr;/location/location/adjoin_s./location/adjoining_relationship/adjoins;/m/0165v;/m/0kbws;/olympics/olympic_games/participating_countries;/m/0165v;/m/060c4;/government/government_office_category/officeholders./government/government_position_held/jurisdiction_of_office;/m/0165v;;;;0.6379276514053345;0.8035035729408264;1;1
/m/05qkp;/organization/organization_member/member_of./organization/organization_membership/organization;/m/0_2v;/m/02h40lc;/language/human_language/countries_spoken_in;/m/05qkp;/m/05qkp;/olympics/olympic_participating_country/athletes./olympics/olympic_athlete_affiliation/olympics;/m/06sks6;;;;;;;0.6151256561279297;0.7715668678283691;1;1
/m/0k8y7;/people/person/languages;/m/06b_j;/m/09kr66;/people/ethnicity/people;/m/0k8y7;/m/0k8y7;/people/person/languages;/m/02h40lc;/m/0k8y7;/base/popstra/celebrity/dated./base/popstra/dated/participant;/m/016fjj;;;;0.1415756493806839;0.015758290886878967;1;11
/m/082xp;/people/person/nationality;/m/02jx1;/m/082xp;/people/person/nationality;/m/07ssc;/m/082xp;/people/person/spouse_s./people/marriage/type_of_union;/m/04ztj;/m/01dnnt;/education/educational_institution/students_graduates./education/education/student;/m/082xp;;;;0.420102059841156;0.6463717222213745;1;1
/m/03q43g;/people/person/place_of_birth;/m/0h7h6;/m/03q43g;/people/person/spouse_s./people/marriage/type_of_union;/m/04ztj;/m/03q43g;/influence/influence_node/influenced_by;/m/0p_jc;;;;;;;0.14161348342895508;0.015646571293473244;1;20
/m/0146pg;/people/person/profession;/m/01c72t;/m/0146pg;/award/award_winner/awards_won./award/award_honor/award_winner;/m/016szr;;;;;;;;;;0.6856335997581482;0.8839941024780273;1;1
/m/0362q0;/people/person/profession;/m/01d_h8;/m/0362q0;/people/person/profession;/m/02hrh1q;/m/0362q0;/people/person/gender;/m/05zppz;/m/0362q0;/people/person/profession;/m/0dxtg;;;;0.5285478830337524;0.5711124539375305;1;3
/m/0187y5;/people/person/profession;/m/01d_h8;/m/0gy6z9;/award/award_nominee/award_nominations./award/award_nomination/award_nominee;/m/0187y5;/m/03d_zl4;/base/americancomedy/celebrity_impressionist/celebrities_impersonated;/m/0187y5;/m/0187y5;/people/person/profession;/m/03gjzk;;;;0.8043160438537598;0.9019558429718018;1;1
/m/03wh8kl;/people/person/profession;/m/03gjzk;/m/03cws8h;/award/award_winner/awards_won./award/award_honor/award_winner;/m/03wh8kl;/m/03wh8kl;/award/award_winner/awards_won./award/award_honor/award_winner;/m/0crx5w;/m/03wh8kl;/award/award_nominee/award_nominations./award/award_nomination/award_nominee;/m/0crx5w;;;;0.5554439425468445;0.8141745924949646;1;1
/m/04l3_z;/people/person/profession;/m/018gz8;/m/01jft4;/film/film/executive_produced_by;/m/04l3_z;/m/04l3_z;/people/person/places_lived./people/place_lived/location;/m/0gx1l;;;;;;;0.6008217930793762;0.41366899013519287;1;3
/m/05hj_k;/people/person/profession;/m/01d_h8;/m/04cw0j;/award/award_nominee/award_nominations./award/award_nomination/award_nominee;/m/05hj_k;;;;;;;;;;0.9377267360687256;0.9062827229499817;1;1
/m/02lj6p;/people/person/profession;/m/03gjzk;/m/02lj6p;/award/award_nominee/award_nominations./award/award_nomination/award_nominee;/m/014zcr;;;;;;;;;;0.8246121406555176;0.8719765543937683;1;1
/m/03h502k;/people/person/profession;/m/0dz3r;/m/02t8gf;/music/genre/artists;/m/03h502k;/m/03h502k;/people/person/profession;/m/01c72t;/m/03h502k;/people/person/profession;/m/016z4k;/m/0m0jc;/music/genre/artists;/m/03h502k;0.9148072600364685;0.7815670371055603;1;2
/m/019g40;/people/person/profession;/m/0dz3r;/m/019g40;/people/person/profession;/m/0nbcg;/m/019g40;/people/person/profession;/m/02hrh1q;/m/019g40;/music/group_member/membership./music/group_membership/role;/m/03bx0bm;/m/019g40;/music/artist/origin;/m/02xry;0.7570098638534546;0.7821024656295776;1;2
/m/01pw2f1;/people/person/profession;/m/01d_h8;/m/01pw2f1;/film/actor/film./film/performance/film;/m/0fphf3v;/m/01pw2f1;/base/popstra/celebrity/breakup./base/popstra/breakup/participant;/m/0j1yf;;;;;;;0.5349278450012207;0.5418164134025574;1;2
/m/07zl1;/people/person/profession;/m/0kyk;/m/07zl1;/award/award_nominee/award_nominations./award/award_nomination/award;/m/0265vt;/m/07zl1;/people/person/profession;/m/03m3mgq;;;;;;;0.43782928586006165;0.712611734867096;1;1
/m/05prs8;/people/person/profession;/m/0dxtg;/m/05prs8;/award/award_winner/awards_won./award/award_honor/award_winner;/m/05183k;/m/05183k;/award/award_nominee/award_nominations./award/award_nomination/award_nominee;/m/05prs8;/m/05prs8;/award/award_nominee/award_nominations./award/award_nomination/award;/m/0gq9h;/m/03h4fq7;/film/film/produced_by;/m/05prs8;0.8391984701156616;0.5732290148735046;1;3
/m/050z2;/people/person/profession;/m/0dz3r;/m/050z2;/music/artist/track_contributions./music/track_contribution/role;/m/05148p4;/m/0y3_8;/music/genre/artists;/m/050z2;/m/050z2;/music/artist/contribution./music/recording_contribution/performance_role;/m/013y1f;;;;0.9334089756011963;0.8961487412452698;1;1
/m/05z775;/people/person/profession;/m/0np9r;/m/05z775;/people/person/profession;/m/02hrh1q;/m/05z775;/film/actor/film./film/performance/film;/m/06fcqw;/m/07ng9k;/film/film/dubbing_performances./film/dubbing_performance/actor;/m/05z775;;;;0.5681177973747253;0.9041364789009094;1;2
/m/026l37;/people/person/profession;/m/0dxtg;/m/02zfdp;/award/award_nominee/award_nominations./award/award_nomination/award_nominee;/m/026l37;;;;;;;;;;0.5656272768974304;0.6082884669303894;1;1
/m/03sww;/people/person/profession;/m/03gjzk;/m/03sww;/people/person/profession;/m/0nbcg;/m/023vrq;/award/award_category/winners./award/award_honor/award_winner;/m/03sww;/m/04gm7n;/music/record_label/artist;/m/03sww;/m/0glt670;/music/genre/artists;/m/03sww;0.4300776720046997;0.6558396816253662;1;2
/m/025vry;/people/person/religion;/m/03_gx;/m/041rx;/people/ethnicity/people;/m/025vry;/m/025vry;/people/person/nationality;/m/0h7x;/m/0gnkb;/award/award_winning_work/awards_won./award/award_honor/award_winner;/m/025vry;/m/025vry;/people/person/place_of_birth;/m/0fs_s;0.7056039571762085;0.44048717617988586;1;2
/m/02d02;/sports/professional_sports_team/draft_picks./sports/sports_league_draft_pick/draft;/m/02pq_rp;/m/02d02;/sports/professional_sports_team/draft_picks./sports/sports_league_draft_pick/school;/m/065y4w7;/m/02d02;/sports/professional_sports_team/draft_picks./sports/sports_league_draft_pick/draft;/m/04f4z1k;;;;;;;0.9027699828147888;0.83439040184021;1;1
/m/04v9wn;/sports/sports_team/colors;/m/083jv;/m/04v9wn;/soccer/football_team/current_roster./soccer/football_roster_position/position;/m/02sdk9v;/m/04v9wn;/soccer/football_team/current_roster./sports/sports_team_roster/position;/m/02sdk9v;;;;;;;0.4878784120082855;0.7265931963920593;1;1
/m/0cv3w;/travel/travel_destination/climate./travel/travel_destination_monthly_climate/month;/m/0ll3;/m/0cv3w;/travel/travel_destination/climate./travel/travel_destination_monthly_climate/month;/m/040fb;/m/0cv3w;/travel/travel_destination/climate./travel/travel_destination_monthly_climate/month;/m/05cw8;/m/0cv3w;/travel/travel_destination/climate./travel/travel_destination_monthly_climate/month;/m/02xx5;/m/0cv3w;/travel/travel_destination/climate./travel/travel_destination_monthly_climate/month;/m/0lkm;0.9647259712219238;0.8060704469680786;1;6
/m/030p35;/tv/tv_program/genre;/m/01t_vv;/m/030p35;/award/award_winning_work/awards_won./award/award_honor/award;/m/0bp_b2;;;;;;;;;;0.27585768699645996;0.2025502473115921;1;5
/m/043qqt5;/tv/tv_program/tv_producer./tv/tv_producer_term/producer_type;/m/0ckd1;/m/043qqt5;/award/award_winning_work/awards_won./award/award_honor/award_winner;/m/0488g9;/m/0cc8l6d;/award/award_category/nominees./award/award_nomination/nominated_for;/m/043qqt5;;;;;;;0.9957470297813416;0.9665497541427612;1;1
/m/02rxj;/user/tsegaran/random/taxonomy_subject/entry./user/tsegaran/random/taxonomy_entry/taxonomy;/m/04n6k;/m/07t21;/location/statistical_region/religions./location/religion_percentage/religion;/m/02rxj;/m/032l1;/people/person/religion;/m/02rxj;/m/05hks;/people/person/religion;/m/02rxj;;;;0.9976556301116943;0.9971925616264343;1;1
