billy_halop;actedin;hell's_kitchen_(1939_film);billy_halop;actedin;crime_school;;;;;;;;;;11.186914;10.762952;1;3
laotian_civil_war;happenedin;north_vietnam;laotian_civil_war;happenedin;south_vietnam;;;;;;;;;;9.956245;9.620239;1;1
rosalyn_sussman_yalow;haswonprize;albert_lasker_award_for_basic_medical_research;rosalyn_sussman_yalow;haswonprize;national_medal_of_science;;;;;;;;;;9.098927;8.926417;1;2
rekha;haswonprize;filmfare_awards;rekha;hasgender;female;;;;;;;;;;9.715781;9.554658;1;1
juan_povedano_martínez;isaffiliatedto;umf_selfoss;juan_povedano_martínez;playsfor;umf_selfoss;;;;;;;;;;9.208758;-3.1723776;1;105228
gergő_jeremiás;isaffiliatedto;rákospalotai_eac;gergő_jeremiás;playsfor;rákospalotai_eac;;;;;;;;;;9.692066;5.8246026;1;10
anthony_charles;isaffiliatedto;barnet_f.c.;anthony_charles;playsfor;barnet_f.c.;;;;;;;;;;9.982346;6.4834237;1;7
doug_gilmour;isaffiliatedto;toronto_maple_leafs;doug_gilmour;isaffiliatedto;st._louis_blues;;;;;;;;;;7.3466187;7.79563;1;1
davide_succi;isaffiliatedto;a.c._cesena;davide_succi;playsfor;a.c._cesena;;;;;;;;;;9.905563;6.5829806;1;12
petar_borota;isaffiliatedto;f.c._porto;petar_borota;playsfor;f.c._porto;;;;;;;;;;9.646546;6.073271;1;7
paulo_sérgio_betanin;isaffiliatedto;e.c._juventude;paulo_sérgio_betanin;isaffiliatedto;u.s._grosseto_f.c.;;;;;;;;;;6.8070574;6.9340205;1;2
joe_allon;isaffiliatedto;port_vale_f.c.;joe_allon;playsfor;port_vale_f.c.;;;;;;;;;;10.007121;4.5665116;1;67
lorgio_álvarez;isaffiliatedto;bolivia_national_football_team;lorgio_álvarez;isaffiliatedto;club_bolívar;;;;;;;;;;7.527168;7.2071095;1;3
yaroslav_svorak;isaffiliatedto;fc_krymteplytsia_molodizhne;yaroslav_svorak;playsfor;fc_krymteplytsia_molodizhne;;;;;;;;;;9.899031;4.5630393;1;74
manfred_schwabl;isaffiliatedto;1._fc_nuremberg;manfred_schwabl;isaffiliatedto;tsv_1860_münchen;;;;;;;;;;8.36265;8.896001;1;2
gábor_bardi;isaffiliatedto;zalaegerszegi_te;gábor_bardi;playsfor;zalaegerszegi_te;;;;;;;;;;9.410546;4.74373;1;17
imre_deme;isaffiliatedto;hungary_national_under-21_football_team;imre_deme;playsfor;hungary_national_under-21_football_team;;;;;;;;;;9.084056;7.6770067;1;2
kevin_mcleod;isaffiliatedto;swansea_city_a.f.c.;kevin_mcleod;playsfor;swansea_city_a.f.c.;;;;;;;;;;10.128949;5.0886865;1;73
andrea_esposito;isaffiliatedto;u.s._lecce;andrea_esposito;isaffiliatedto;genoa_c.f.c.;;;;;;;;;;9.867696;10.248907;1;1
diego_scotti;isaffiliatedto;club_olimpia;diego_scotti;playsfor;club_olimpia;;;;;;;;;;10.082614;5.647515;1;34
jirès_kembo_ekoko;isaffiliatedto;al_ain_fc;jirès_kembo_ekoko;playsfor;al_ain_fc;;;;;;;;;;9.140924;1.996189;1;339
nicole_barnhart;isaffiliatedto;united_states_women's_national_soccer_team;nicole_barnhart;isaffiliatedto;california_storm;;;;;;;;;;10.029227;9.408222;1;2
ryan_johnson_(soccer);isaffiliatedto;toronto_fc;ryan_johnson_(soccer);isaffiliatedto;toronto_f.c.;;;;;;;;;;8.11527;5.448109;1;36
bobby_campbell_(scottish_footballer);isaffiliatedto;chelsea_f.c.;bobby_campbell_(scottish_footballer);playsfor;chelsea_f.c.;;;;;;;;;;9.461398;4.944658;1;16
héctor_scarone;isaffiliatedto;uruguay_national_football_team;héctor_scarone;isaffiliatedto;u.s._città_di_palermo;;;;;;;;;;8.9994335;8.926223;1;2
raúl_enrique_estévez;isaffiliatedto;unión_española;raúl_enrique_estévez;playsfor;unión_española;;;;;;;;;;9.608419;3.8101714;1;164
attila_polonkai;isaffiliatedto;videoton_fc;attila_polonkai;playsfor;videoton_fc;;;;;;;;;;9.833284;7.40835;1;3
mario_esteban_berríos;isaffiliatedto;coquimbo_unido;mario_esteban_berríos;playsfor;coquimbo_unido;;;;;;;;;;9.640746;4.9496675;1;22
fumaça_(footballer_born_1976);isaffiliatedto;barnsley_f.c.;fumaça_(footballer_born_1976);playsfor;barnsley_f.c.;;;;;;;;;;9.964664;4.372521;1;73
markus_heppke;isaffiliatedto;rot-weiss_essen;markus_heppke;playsfor;rot-weiss_essen;;;;;;;;;;9.501044;7.052074;1;3
steven_n'zonzi;isaffiliatedto;amiens_sc;steven_n'zonzi;playsfor;amiens_sc;;;;;;;;;;9.71572;4.992406;1;59
phil_harrington;isaffiliatedto;chester_city_f.c.;phil_harrington;playsfor;chester_city_f.c.;;;;;;;;;;10.140457;5.6638117;1;20
jürgen_macho;isaffiliatedto;chelsea_f.c.;jürgen_macho;playsfor;chelsea_f.c.;;;;;;;;;;9.630463;2.9121633;1;380
félix_ricardo_torres;isaffiliatedto;club_atlético_platense;félix_ricardo_torres;playsfor;club_atlético_platense;;;;;;;;;;9.947815;4.4794955;1;101
janício_martins;isaffiliatedto;s.c.u._torreense;janício_martins;playsfor;s.c.u._torreense;;;;;;;;;;9.259438;3.5641718;1;67
ahmad_momenzadeh;isaffiliatedto;foolad_f.c.;ahmad_momenzadeh;playsfor;foolad_f.c.;;;;;;;;;;10.091197;5.2268863;1;31
césar_pellegrín;isaffiliatedto;deportivo_maldonado;césar_pellegrín;isaffiliatedto;danubio_f.c.;;;;;;;;;;9.972744;9.981814;1;2
tyrone_marshall;isaffiliatedto;jamaica_national_football_team;tyrone_marshall;playsfor;jamaica_national_football_team;;;;;;;;;;9.91627;6.3489823;1;12
darnell_mee;isaffiliatedto;continental_basketball_association;darnell_mee;isaffiliatedto;lega_basket_serie_a;;;;;;;;;;8.506555;8.726311;1;1
tetsuya_asano;isaffiliatedto;nagoya_grampus;tetsuya_asano;playsfor;nagoya_grampus;;;;;;;;;;9.842428;5.562097;1;8
dado_pršo;isaffiliatedto;nk_pazinka;dado_pršo;isaffiliatedto;a.s._monaco_f.c.;;;;;;;;;;9.456441;9.566585;1;1
alan_sunderland;isaffiliatedto;england_national_football_b_team;alan_sunderland;isaffiliatedto;arsenal_f.c.;;;;;;;;;;9.534369;9.865702;1;2
gérald_passi;isaffiliatedto;montpellier_hsc;gérald_passi;isaffiliatedto;as_monaco_fc;;;;;;;;;;9.810757;10.337269;1;1
thomas_kleine;isaffiliatedto;germany_national_football_b_team;thomas_kleine;playsfor;germany_national_football_b_team;;;;;;;;;;9.051148;4.351551;1;52
santiago_cañizares;isaffiliatedto;spain_national_football_team;santiago_cañizares;isaffiliatedto;spain_national_under-21_football_team;;;;;;;;;;8.723984;8.567405;1;2
mariusz_ujek;isaffiliatedto;zagłębie_sosnowiec;mariusz_ujek;playsfor;zagłębie_sosnowiec;;;;;;;;;;10.11274;7.3570523;1;6
róbert_vittek;isaffiliatedto;1._fc_nuremberg;róbert_vittek;isaffiliatedto;1._fc_nürnberg;;;;;;;;;;8.830595;8.990066;1;2
jordy_clasie;isaffiliatedto;feyenoord;jordy_clasie;playsfor;feyenoord;;;;;;;;;;9.742213;7.365508;1;2
abdikokhor_marifaliev;isaffiliatedto;navbahor_namangan;abdikokhor_marifaliev;playsfor;navbahor_namangan;;;;;;;;;;9.579206;6.9128575;1;4
colorado_springs_airport;isconnectedto;salt_lake_city_international_airport;salt_lake_city_international_airport;isconnectedto;colorado_springs_airport;;;;;;;;;;10.0493765;8.831401;1;2
saint-augustin_airport;isconnectedto;tête-à-la-baleine_airport;saint-augustin_airport;isconnectedto;kegaska_airport;;;;;;;;;;10.340551;10.530557;1;1
jürgen_habermas;isinterestedin;political_philosophy;jürgen_habermas;hasgender;male;;;;;;;;;;11.660901;11.6620245;1;1
maitland_florida;islocatedin;florida;maitland_florida;islocatedin;orange_county_(florida);;;;;;;;;;8.905705;8.657496;1;1
naughty_dog;islocatedin;california;naughty_dog;created;crash_bandicoot;;;;;;;;;;7.941422;7.7310905;1;2
penarth;islocatedin;wales;penarth;islocatedin;south_wales;;;;;;;;;;9.030945;8.970646;1;1
wallace_mccain;livesin;ontario;wallace_mccain;livesin;toronto;;;;;;;;;;8.378553;6.045172;1;4
republic_of_genoa;participatedin;battle_of_crécy;battle_of_crécy;happenedin;republic_of_genoa;;;;;;;;;;11.954094;10.401995;1;21
mauricio_almada;playsfor;deportivo_merlo;mauricio_almada;isaffiliatedto;deportivo_merlo;;;;;;;;;;10.091831;2.620279;1;163
cristian_ianu;playsfor;fc_wohlen;cristian_ianu;isaffiliatedto;fc_wohlen;;;;;;;;;;10.176417;4.952494;1;34
mevlüt_erdinç;playsfor;paris_saint-germain_f.c.;mevlüt_erdinç;isaffiliatedto;paris_saint-germain_f.c.;;;;;;;;;;9.92828;5.848239;1;26
wim_suurbier;playsfor;afc_ajax;wim_suurbier;isaffiliatedto;afc_ajax;;;;;;;;;;10.157594;8.541044;1;4
alan_o'neill_(footballer_born_1957);playsfor;shamrock_rovers_f.c.;alan_o'neill_(footballer_born_1957);isaffiliatedto;shamrock_rovers_f.c.;;;;;;;;;;10.659566;8.136687;1;1
martin_kayongo-mutumba;playsfor;uganda_national_football_team;martin_kayongo-mutumba;isaffiliatedto;uganda_national_football_team;;;;;;;;;;9.590147;-0.8799959;1;6906
yakubu_abubakar_akilu;playsfor;fc_hjørring;yakubu_abubakar_akilu;isaffiliatedto;fc_hjørring;;;;;;;;;;9.597553;4.3680344;1;18
darijan_matič;playsfor;bnei_sakhnin_f.c.;darijan_matič;isaffiliatedto;bnei_sakhnin_f.c.;;;;;;;;;;10.221523;4.27305;1;113
léider_preciado;playsfor;racing_de_santander;léider_preciado;isaffiliatedto;racing_de_santander;;;;;;;;;;10.647223;8.192704;1;3
srdjan_luchin;playsfor;romania_national_football_team;srdjan_luchin;playsfor;pfc_botev_plovdiv;;;;;;;;;;9.221161;9.378452;1;2
jody_morris;playsfor;millwall_f.c.;jody_morris;isaffiliatedto;millwall_f.c.;;;;;;;;;;10.275754;6.103017;1;5
laryea_kingston;playsfor;heart_of_midlothian_f.c.;laryea_kingston;isaffiliatedto;heart_of_midlothian_f.c.;;;;;;;;;;10.243646;3.9551075;1;161
christian_mcclean;playsfor;swansea_city_a.f.c.;christian_mcclean;isaffiliatedto;swansea_city_a.f.c.;;;;;;;;;;10.07344;3.2134578;1;137
ian_bogie;playsfor;bedlington_terriers_f.c.;ian_bogie;playsfor;gateshead_f.c.;;;;;;;;;;9.551779;9.766918;1;2
stu_riddle;playsfor;greenock_morton_f.c.;stu_riddle;isaffiliatedto;greenock_morton_f.c.;;;;;;;;;;10.005321;1.0178847;1;1950
chris_sulley;playsfor;dundee_united_f.c.;chris_sulley;isaffiliatedto;dundee_united_f.c.;;;;;;;;;;9.927814;3.6570284;1;111
dean_gordon;playsfor;crystal_palace_f.c.;dean_gordon;isaffiliatedto;crystal_palace_f.c.;;;;;;;;;;10.391139;7.1275826;1;23
sergey_timofeev;playsfor;fc_kyzylzhar;sergey_timofeev;isaffiliatedto;fc_kyzylzhar;;;;;;;;;;10.048546;6.2040524;1;17
lukáš_magera;playsfor;sk_kladno;lukáš_magera;isaffiliatedto;sk_kladno;;;;;;;;;;10.1834955;4.998526;1;26
andrea_orlandi;playsfor;fc_barcelona;andrea_orlandi;playsfor;fc_barcelona_b;;;;;;;;;;9.749051;9.520114;1;2
chris_turner_(footballer_born_1990);playsfor;burnley_f.c.;chris_turner_(footballer_born_1990);isaffiliatedto;burnley_f.c.;;;;;;;;;;10.17964;5.67249;1;16
mykhaylo_forkash;playsfor;fc_zorya_luhansk;mykhaylo_forkash;isaffiliatedto;fc_zorya_luhansk;;;;;;;;;;9.840891;6.5936847;1;3
grzegorz_podstawek;playsfor;kszo_ostrowiec_świętokrzyski;grzegorz_podstawek;isaffiliatedto;kszo_ostrowiec_świętokrzyski;;;;;;;;;;9.472238;6.0645566;1;19
azar_karadas;playsfor;kasımpaşa_spor_kulübü;azar_karadas;isaffiliatedto;kasımpaşa_spor_kulübü;;;;;;;;;;10.184913;2.3377445;1;456
derek_mcwilliams;playsfor;airdrieonians_f.c._(1878);derek_mcwilliams;isaffiliatedto;airdrieonians_f.c._(1878);;;;;;;;;;10.39512;5.861926;1;29
vedran_celiščak;playsfor;dalian_shide_f.c.;vedran_celiščak;isaffiliatedto;dalian_shide_f.c.;;;;;;;;;;10.117927;0.46003747;1;2295
steve_mautone;playsfor;canberra_cosmos_fc;steve_mautone;isaffiliatedto;canberra_cosmos_fc;;;;;;;;;;10.125108;5.383944;1;71
kieran_charnock;playsfor;peterborough_united_f.c.;kieran_charnock;isaffiliatedto;peterborough_united_f.c.;;;;;;;;;;10.298274;5.26057;1;74
dedi_ben_dayan;playsfor;maccabi_tel_aviv_f.c.;dedi_ben_dayan;isaffiliatedto;maccabi_tel_aviv_f.c.;;;;;;;;;;10.356521;7.805124;1;6
mike_twellman;playsfor;dallas_sidekicks_(1984–2004);mike_twellman;isaffiliatedto;dallas_sidekicks_(1984–2004);;;;;;;;;;9.939923;2.9705303;1;91
marc_wilson_(irish_footballer);playsfor;a.f.c._bournemouth;marc_wilson_(irish_footballer);isaffiliatedto;a.f.c._bournemouth;;;;;;;;;;10.185992;6.0537167;1;6
vlatko_đolonga;playsfor;deportivo_alavés;vlatko_đolonga;isaffiliatedto;deportivo_alavés;;;;;;;;;;10.174706;1.4258558;1;788
feridun_sungur;playsfor;elazığspor;feridun_sungur;isaffiliatedto;elazığspor;;;;;;;;;;9.424069;5.024371;1;34
sven_benken;playsfor;f.c._hansa_rostock;sven_benken;playsfor;fc_energie_cottbus;;;;;;;;;;10.275907;10.084727;1;2
rené_bot;playsfor;feyenoord;rené_bot;isaffiliatedto;feyenoord;;;;;;;;;;10.088839;3.7163222;1;32
luke_steele_(footballer);playsfor;barnsley_f.c.;luke_steele_(footballer);isaffiliatedto;barnsley_f.c.;;;;;;;;;;10.241514;5.9787316;1;7
kenneth_udjus;playsfor;sk_brann;kenneth_udjus;isaffiliatedto;sk_brann;;;;;;;;;;10.285631;7.9833875;1;3
leonīds_ostrovskis;playsfor;fc_mashuk-kmv_pyatigorsk;leonīds_ostrovskis;isaffiliatedto;fc_mashuk-kmv_pyatigorsk;;;;;;;;;;9.484733;2.6148431;1;159
florin_stângă;playsfor;fc_brașov;florin_stângă;playsfor;cs_pandurii_târgu_jiu;;;;;;;;;;9.972211;9.772919;1;2
hamed_rasouli;playsfor;sepahan_novin_f.c.;hamed_rasouli;isaffiliatedto;sepahan_novin_f.c.;;;;;;;;;;9.265009;5.213312;1;15
danny_lennon;playsfor;ayr_united_f.c.;danny_lennon;isaffiliatedto;ayr_united_f.c.;;;;;;;;;;10.07169;5.0996733;1;41
joseph_kamwendo;playsfor;mighty_wanderers_f.c.;joseph_kamwendo;playsfor;vasco_da_gama_(south_africa);;;;;;;;;;9.881422;9.329586;1;2
i̇skender_alın;wasbornin;istanbul;i̇skender_alın;hasgender;male;;;;;;;;;;9.546727;9.240329;1;1
