/m/024_dt;/award/award_category/category_of;/m/0c4ys;/m/024_dt;/award/award_category/winners./award/award_honor/ceremony;/m/01c6qp;;;;;;;;;;4.346431;5.813472;1;2
/m/040vk98;/award/award_category/disciplines_or_subjects;/m/04g51;/m/0klw;/award/award_nominee/award_nominations./award/award_nomination/award;/m/040vk98;;;;;;;;;;5.7740507;5.060093;1;1
/m/0bp_b2;/award/award_category/winners./award/award_honor/ceremony;/m/0gx_st;/m/0bp_b2;/award/award_category/category_of;/m/0gcf2r;;;;;;;;;;2.9179993;3.479747;1;2
/m/0k611;/award/award_category/winners./award/award_honor/ceremony;/m/073h9x;/m/0k611;/award/award_category/winners./award/award_honor/ceremony;/m/0bvfqq;;;;;;;;;;2.6876888;2.2011943;1;1
/m/0p9sw;/award/award_category/winners./award/award_honor/ceremony;/m/073h1t;/m/0p9sw;/award/award_category/winners./award/award_honor/ceremony;/m/073h9x;;;;;;;;;;2.3304844;2.06875;1;2
/m/02gdjb;/award/award_category/winners./award/award_honor/ceremony;/m/0466p0j;/m/02gdjb;/award/award_category/winners./award/award_honor/ceremony;/m/01s695;;;;;;;;;;2.3122494;2.8966982;1;2
/m/025m8y;/award/award_category/winners./award/award_honor/ceremony;/m/02cg41;/m/025m8y;/award/award_category/winners./award/award_honor/ceremony;/m/0gpjbt;;;;;;;;;;3.920516;3.1917677;1;1
/m/0gqng;/award/award_category/winners./award/award_honor/ceremony;/m/050yyb;/m/0gqng;/award/award_category/winners./award/award_honor/ceremony;/m/073h1t;;;;;;;;;;3.468297;4.769005;1;6
/m/04x4s2;/award/award_nominee/award_nominations./award/award_nomination/award;/m/02xcb6n;/m/04x4s2;/award/award_nominee/award_nominations./award/award_nomination/award;/m/0fbtbt;;;;;;;;;;2.5657814;3.8240952;1;7
/m/065d1h;/award/award_nominee/award_nominations./award/award_nomination/award;/m/09v8db5;/m/065d1h;/award/award_nominee/award_nominations./award/award_nomination/nominated_for;/m/0233bn;;;;;;;;;;6.922014;7.868374;1;3
/m/02_1q9;/award/award_winning_work/awards_won./award/award_honor/award;/m/02py_sj;/m/02p_7cr;/award/award_category/nominees./award/award_nomination/nominated_for;/m/02_1q9;;;;;;;;;;4.453386;4.951101;1;5
/m/019pcs;/base/aareas/schema/administrative_area/administrative_area_type;/m/0hzc9wc;/m/019pcs;/olympics/olympic_participating_country/medals_won./olympics/olympic_medal_honor/olympics;/m/06sks6;;;;;;;;;;2.890417;3.6339204;1;1
/m/02kcz;/base/aareas/schema/administrative_area/administrative_parent;/m/02j71;/m/02kcz;/location/statistical_region/gdp_nominal_per_capita./measurement_unit/dated_money_value/currency;/m/09nqf;;;;;;;;;;4.311374;3.881226;1;1
/m/0bzrsh;/base/marchmadness/ncaa_basketball_tournament/seeds./base/marchmadness/ncaa_tournament_seed/team;/m/02pzy52;/m/0bzrsh;/base/marchmadness/ncaa_basketball_tournament/seeds./base/marchmadness/ncaa_tournament_seed/team;/m/02q4ntp;;;;;;;;;;3.796114;4.547221;1;1
/m/07147;/baseball/baseball_team/team_stats./baseball/baseball_team_stats/season;/m/0285r5d;/m/07147;/baseball/baseball_team/team_stats./baseball/baseball_team_stats/season;/m/0dx84s;;;;;;;;;;3.3713799;3.776644;1;2
/m/01ypc;/baseball/baseball_team/team_stats./baseball/baseball_team_stats/season;/m/025ygws;/m/01ypc;/baseball/baseball_team/team_stats./baseball/baseball_team_stats/season;/m/0285r5d;;;;;;;;;;3.3906696;3.6691995;1;1
/m/0x0d;/baseball/baseball_team/team_stats./baseball/baseball_team_stats/season;/m/0dx84s;/m/0x0d;/baseball/baseball_team/team_stats./baseball/baseball_team_stats/season;/m/0285r5d;;;;;;;;;;4.3159437;3.677112;1;1
/m/06wpc;/baseball/baseball_team/team_stats./baseball/baseball_team_stats/season;/m/027pwzc;/m/06wpc;/baseball/baseball_team/team_stats./baseball/baseball_team_stats/season;/m/0dx84s;;;;;;;;;;3.4469688;4.2148476;1;3
/m/07ccs;/education/educational_institution/colors;/m/083jv;/m/014mlp;/education/educational_degree/people_with_this_degree./education/education/institution;/m/07ccs;;;;;;;;;;3.2206988;3.1170683;1;5
/m/0sxgh;/education/educational_institution/colors;/m/0jc_p;/m/0sxgh;/education/educational_institution/school_type;/m/05jxkf;;;;;;;;;;6.9528503;7.2829194;1;14
/m/02yr3z;/education/educational_institution/school_type;/m/01rs41;/m/02yr3z;/organization/endowed_organization/endowment./measurement_unit/dated_money_value/currency;/m/09nqf;;;;;;;;;;4.186848;4.271248;1;1
/m/01rtm4;/education/educational_institution/school_type;/m/01rs41;/m/01rtm4;/education/educational_institution/colors;/m/038hg;;;;;;;;;;3.5716267;4.1669226;1;1
/m/01g6l8;/education/educational_institution/school_type;/m/05jxkf;/m/014mlp;/education/educational_degree/people_with_this_degree./education/education/institution;/m/01g6l8;;;;;;;;;;4.7843122;5.210581;1;1
/m/03ksy;/education/educational_institution/students_graduates./education/education/major_field_of_study;/m/06ms6;/m/03ksy;/education/educational_institution/students_graduates./education/education/major_field_of_study;/m/037mh8;;;;;;;;;;2.2308528;2.8728714;1;2
/m/027pfg;/film/film/cinematography;/m/03cx282;/m/07lt7b;/film/actor/film./film/performance/film;/m/027pfg;;;;;;;;;;3.5364127;4.1620903;1;1
/m/024l2y;/film/film/featured_film_locations;/m/030qb3t;/m/024l2y;/film/film/other_crew./film/film_crew_gig/film_crew_role;/m/0ch6mp2;;;;;;;;;;2.859128;3.4701324;1;3
/m/04q24zv;/film/film/film_format;/m/0cj16;/m/024rbz;/film/film_distributor/films_distributed./film/film_film_distributor_relationship/film;/m/04q24zv;;;;;;;;;;5.218517;5.944921;1;2
/m/069q4f;/film/film/genre;/m/05p553;/m/069q4f;/film/film/release_date_s./film/film_regional_release_date/film_release_distribution_medium;/m/029j_;;;;;;;;;;5.518987;6.82116;1;22
/m/027s39y;/film/film/genre;/m/01hmnh;/m/027s39y;/film/film/genre;/m/05p553;;;;;;;;;;3.5699446;4.346196;1;1
/m/03h4fq7;/film/film/genre;/m/05p553;/m/03jldb;/film/actor/film./film/performance/film;/m/03h4fq7;;;;;;;;;;4.0280247;4.091199;1;4
/m/01sxdy;/film/film/genre;/m/02l7c8;/m/01sxdy;/film/film/estimated_budget./measurement_unit/dated_money_value/currency;/m/09nqf;;;;;;;;;;3.3171256;4.0430274;1;11
/m/02tcgh;/film/film/language;/m/0688f;/m/02tcgh;/film/film/country;/m/03rk0;;;;;;;;;;4.873087;4.9822006;1;1
/m/0bbw2z6;/film/film/language;/m/064_8sq;/m/0bbw2z6;/film/film/language;/m/02bjrlw;;;;;;;;;;3.3460526;4.190436;1;1
/m/02vqhv0;/film/film/other_crew./film/film_crew_gig/crewmember;/m/027rwmr;/m/02vqhv0;/film/film/other_crew./film/film_crew_gig/crewmember;/m/0bbxx9b;;;;;;;;;;1.8653135;2.9351904;1;5
/m/07f_t4;/film/film/other_crew./film/film_crew_gig/film_crew_role;/m/09zzb8;/m/07f_t4;/film/film/other_crew./film/film_crew_gig/film_crew_role;/m/09vw2b7;;;;;;;;;;2.4530077;2.5370047;1;1
/m/040b5k;/film/film/other_crew./film/film_crew_gig/film_crew_role;/m/01pvkk;/m/040b5k;/film/film/other_crew./film/film_crew_gig/film_crew_role;/m/0ch6mp2;;;;;;;;;;3.517003;3.4925537;1;1
/m/023vcd;/film/film/other_crew./film/film_crew_gig/film_crew_role;/m/0ch6mp2;/m/023vcd;/film/film/other_crew./film/film_crew_gig/film_crew_role;/m/09zzb8;;;;;;;;;;4.6394835;5.4225388;1;2
/m/09bw4_;/film/film/other_crew./film/film_crew_gig/film_crew_role;/m/09zzb8;/m/09bw4_;/film/film/other_crew./film/film_crew_gig/film_crew_role;/m/0ch6mp2;;;;;;;;;;4.6866603;4.4997325;1;7
/m/026wlxw;/film/film/other_crew./film/film_crew_gig/film_crew_role;/m/09vw2b7;/m/026wlxw;/film/film/other_crew./film/film_crew_gig/film_crew_role;/m/0ch6mp2;;;;;;;;;;4.570508;5.0053153;1;5
/m/067ghz;/film/film/other_crew./film/film_crew_gig/film_crew_role;/m/01pvkk;/m/067ghz;/film/film/country;/m/09c7w0;;;;;;;;;;3.159519;3.310153;1;1
/m/03_gz8;/film/film/produced_by;/m/0b13g7;/m/03_gz8;/film/film/produced_by;/m/02q42j_;;;;;;;;;;1.5595776;2.4036672;1;1
/m/07jnt;/film/film/release_date_s./film/film_regional_release_date/film_regional_debut_venue;/m/018cvf;/m/07jnt;/film/film/release_date_s./film/film_regional_release_date/film_release_region;/m/0d060g;;;;;;;;;;4.6039896;4.5270796;1;2
/m/03twd6;/film/film/release_date_s./film/film_regional_release_date/film_release_region;/m/01znc_;/m/03twd6;/film/film/release_date_s./film/film_regional_release_date/film_release_region;/m/035qy;;;;;;;;;;3.0684977;2.6273804;1;1
/m/0btpm6;/film/film/release_date_s./film/film_regional_release_date/film_release_region;/m/06f32;/m/0btpm6;/film/film/release_date_s./film/film_regional_release_date/film_release_region;/m/035qy;;;;;;;;;;3.2200482;3.004057;1;3
/m/0gvrws1;/film/film/release_date_s./film/film_regional_release_date/film_release_region;/m/05v8c;/m/0gvrws1;/film/film/release_date_s./film/film_regional_release_date/film_release_region;/m/01znc_;;;;;;;;;;2.1927762;1.9900573;1;9
/m/0gvrws1;/film/film/release_date_s./film/film_regional_release_date/film_release_region;/m/03gj2;/m/0gvrws1;/film/film/release_date_s./film/film_regional_release_date/film_release_region;/m/05r4w;;;;;;;;;;2.2228966;1.5457985;1;2
/m/0btpm6;/film/film/release_date_s./film/film_regional_release_date/film_release_region;/m/0f8l9c;/m/0btpm6;/film/film/release_date_s./film/film_regional_release_date/film_release_region;/m/05b4w;;;;;;;;;;3.295069;3.0998435;1;3
/m/061_f;/food/food/nutrients./food/nutrition_fact/nutrient;/m/0838f;/m/061_f;/food/food/nutrients./food/nutrition_fact/nutrient;/m/0h1vg;;;;;;;;;;4.7260294;4.093854;1;1
/m/07j87;/food/food/nutrients./food/nutrition_fact/nutrient;/m/07hnp;/m/07j87;/food/food/nutrients./food/nutrition_fact/nutrient;/m/0h1yf;;;;;;;;;;3.3886302;4.716965;1;2
/m/09b6zr;/government/politician/government_positions_held./government/government_position_held/basic_title;/m/060c4;/m/09b6zr;/award/award_winner/awards_won./award/award_honor/award_winner;/m/014vk4;;;;;;;;;;4.830538;4.593067;1;1
/m/0jdx;/location/country/form_of_government;/m/018wl5;/m/085h1;/user/ktrueman/default_domain/international_organization/member_states;/m/0jdx;;;;;;;;;;4.26305;4.7884293;1;4
/m/0_565;/location/hud_foreclosure_area/estimated_number_of_mortgages./measurement_unit/dated_integer/source;/m/0jbk9;/m/0_565;/location/location/time_zones;/m/02hcv8;;;;;;;;;;8.043738;9.76133;1;1
/m/0mnm2;/location/hud_foreclosure_area/estimated_number_of_mortgages./measurement_unit/dated_integer/source;/m/0jbk9;/m/0mnm2;/location/location/time_zones;/m/02hcv8;;;;;;;;;;6.9796667;8.976769;1;1
/m/0r111;/location/hud_foreclosure_area/estimated_number_of_mortgages./measurement_unit/dated_integer/source;/m/0jbk9;/m/0r111;/location/location/time_zones;/m/02lcqs;;;;;;;;;;6.2731395;8.029824;1;1
/m/0l2q3;/location/hud_foreclosure_area/estimated_number_of_mortgages./measurement_unit/dated_integer/source;/m/0jbk9;/m/0l2q3;/location/location/time_zones;/m/02lcqs;;;;;;;;;;7.4644985;7.7518497;1;1
/m/0l3kx;/location/hud_foreclosure_area/estimated_number_of_mortgages./measurement_unit/dated_integer/source;/m/0jbk9;/m/03v0t;/location/location/contains;/m/0l3kx;;;;;;;;;;8.543635;8.475428;1;1
/m/0mnyn;/location/location/time_zones;/m/02hcv8;/m/09c7w0;/location/country/second_level_divisions;/m/0mnyn;;;;;;;;;;7.688088;10.2158785;1;3
/m/0fm9_;/location/location/time_zones;/m/02hcv8;/m/09c7w0;/location/country/second_level_divisions;/m/0fm9_;;;;;;;;;;6.489331;8.636916;1;2
/m/0zqq8;/location/location/time_zones;/m/02hcv8;/m/0zqq8;/location/hud_foreclosure_area/estimated_number_of_mortgages./measurement_unit/dated_integer/source;/m/0jbk9;;;;;;;;;;10.737841;10.205335;1;1
/m/01m23s;/location/location/time_zones;/m/02hcv8;/m/01m23s;/location/hud_foreclosure_area/estimated_number_of_mortgages./measurement_unit/dated_integer/source;/m/0jbk9;;;;;;;;;;9.221266;9.191749;1;2
/m/0p3sf;/music/artist/track_contributions./music/track_contribution/role;/m/01vdm0;/m/0p3sf;/music/artist/track_contributions./music/track_contribution/role;/m/013y1f;;;;;;;;;;3.2642627;3.136356;1;15
/m/01clyr;/music/record_label/artist;/m/07mvp;/m/01clyr;/music/record_label/artist;/m/01kcms4;;;;;;;;;;2.098949;2.5806756;1;11
/m/018ljb;/olympics/olympic_games/medals_awarded./olympics/olympic_medal_honor/medal;/m/02lq5w;/m/0hzlz;/olympics/olympic_participating_country/medals_won./olympics/olympic_medal_honor/olympics;/m/018ljb;;;;;;;;;;2.9794378;3.723964;1;1
/m/02tz9z;/organization/non_profit_organization/registered_with./organization/non_profit_registration/registering_agency;/m/03z19;/m/02tz9z;/business/business_operation/operating_income./measurement_unit/dated_money_value/currency;/m/09nqf;;;;;;;;;;3.076489;3.947345;1;1
/m/02hp6p;/organization/non_profit_organization/registered_with./organization/non_profit_registration/registering_agency;/m/03z19;/m/02hp6p;/business/business_operation/assets./measurement_unit/dated_money_value/currency;/m/09nqf;;;;;;;;;;3.9162931;5.578188;1;1
/m/01nln;/organization/organization_member/member_of./organization/organization_membership/organization;/m/0gkjy;/m/01nln;/organization/organization_member/member_of./organization/organization_membership/organization;/m/041288;;;;;;;;;;3.438264;4.6759934;1;3
/m/0154j;/organization/organization_member/member_of./organization/organization_membership/organization;/m/04k4l;/m/05vz3zq;/military/military_combatant/military_conflicts./military/military_combatant_group/combatants;/m/0154j;;;;;;;;;;3.156948;2.721731;1;1
/m/04xn_;/organization/organization_member/member_of./organization/organization_membership/organization;/m/0_2v;/m/04xn_;/location/location/adjoin_s./location/adjoining_relationship/adjoins;/m/07f1x;;;;;;;;;;4.304453;3.887638;1;1
/m/0g96wd;/people/ethnicity/people;/m/0h32q;/m/0g96wd;/people/ethnicity/people;/m/015nhn;;;;;;;;;;5.268793;6.33711;1;49
/m/015f7;/people/person/gender;/m/02zsn;/m/015f7;/base/popstra/celebrity/friendship./base/popstra/friendship/participant;/m/06w6_;;;;;;;;;;5.514725;5.9953575;1;1
/m/0pyg6;/people/person/gender;/m/02zsn;/m/0pyg6;/people/person/places_lived./people/place_lived/location;/m/0k049;;;;;;;;;;5.854834;5.85447;1;1
/m/01qn8k;/people/person/gender;/m/02zsn;/m/01qn8k;/people/person/profession;/m/02hrh1q;;;;;;;;;;5.0279093;5.671684;1;1
/m/06gn7r;/people/person/nationality;/m/03rk0;/m/06gn7r;/people/person/religion;/m/03j6c;;;;;;;;;;6.130023;8.297295;1;1
/m/04b19t;/people/person/nationality;/m/03rk0;/m/04b19t;/people/person/place_of_birth;/m/04vmp;;;;;;;;;;6.4366884;6.8775196;1;1
/m/02lf0c;/people/person/profession;/m/01d_h8;/m/02lf0c;/people/person/nationality;/m/0d060g;;;;;;;;;;3.5969303;4.032944;1;1
/m/018pj3;/people/person/profession;/m/0dz3r;/m/018pj3;/people/person/profession;/m/0nbcg;;;;;;;;;;2.1102977;2.831085;1;3
/m/02wwwv5;/people/person/profession;/m/0dz3r;/m/02l840;/award/award_winner/awards_won./award/award_honor/award_winner;/m/02wwwv5;;;;;;;;;;2.2361684;2.8539853;1;1
/m/049dyj;/people/person/profession;/m/018gz8;/m/0dtw1x;/film/film/personal_appearances./film/personal_film_appearance/person;/m/049dyj;;;;;;;;;;3.5965304;3.701654;1;1
/m/0gz5hs;/people/person/profession;/m/0np9r;/m/0gz5hs;/people/person/profession;/m/02hrh1q;;;;;;;;;;4.277648;4.0487947;1;1
/m/03c7ln;/people/person/profession;/m/039v1;/m/03c7ln;/people/person/profession;/m/09jwl;;;;;;;;;;2.3195403;2.426118;1;2
/m/04mhl;/people/person/profession;/m/0kyk;/m/04mhl;/people/person/gender;/m/05zppz;;;;;;;;;;6.480532;6.449095;1;1
/m/02r4qs;/people/person/profession;/m/0dz3r;/m/02r4qs;/award/award_nominee/award_nominations./award/award_nomination/award;/m/02nhxf;;;;;;;;;;2.542539;2.6552608;1;1
/m/0b1s_q;/people/person/profession;/m/03gjzk;/m/0b1s_q;/tv/tv_producer/programs_produced./tv/tv_producer_term/producer_type;/m/0ckd1;;;;;;;;;;6.7494106;4.819023;1;1
/m/04snp2;/people/person/profession;/m/03gjzk;/m/04snp2;/people/person/gender;/m/05zppz;;;;;;;;;;6.2729125;7.6977577;1;2
/m/0gd5z;/people/person/profession;/m/0kyk;/m/0gd5z;/people/person/profession;/m/0cbd2;;;;;;;;;;3.2203093;3.8331547;1;1
/m/0dt1cm;/people/person/profession;/m/016z4k;/m/0dt1cm;/people/person/profession;/m/09jwl;;;;;;;;;;2.3227358;2.3943138;1;1
/m/02nfjp;/people/person/profession;/m/0nbcg;/m/02nfjp;/people/person/profession;/m/09jwl;;;;;;;;;;6.188185;5.9594274;1;2
/m/0h5f5n;/people/person/profession;/m/01d_h8;/m/0h5f5n;/award/award_nominee/award_nominations./award/award_nomination/award;/m/0gr4k;;;;;;;;;;4.5101967;4.72935;1;2
/m/039g82;/people/person/religion;/m/0c8wxp;/m/02fy0z;/education/educational_institution/students_graduates./education/education/student;/m/039g82;;;;;;;;;;6.7485824;7.4198065;1;1
/m/07rd7;/people/person/spouse_s./people/marriage/type_of_union;/m/01g63y;/m/07rd7;/people/person/spouse_s./people/marriage/type_of_union;/m/04ztj;;;;;;;;;;7.9282465;7.296345;1;1
/m/061xq;/sports/professional_sports_team/draft_picks./sports/sports_league_draft_pick/draft;/m/02z6872;/m/061xq;/sports/professional_sports_team/draft_picks./sports/sports_league_draft_pick/draft;/m/02x2khw;;;;;;;;;;3.563284;3.488371;1;2
/m/02vx4;/sports/sport/pro_athletes./sports/pro_sports_played/athlete;/m/0gtgp6;/m/02vx4;/sports/sport/pro_athletes./sports/pro_sports_played/athlete;/m/080dyk;;;;;;;;;;4.8135953;4.7145596;1;2
/m/0wsr;/sports/sports_team/colors;/m/03vtbc;/m/03n69x;/sports/pro_athlete/teams./sports/sports_team_roster/team;/m/0wsr;;;;;;;;;;4.992587;4.051878;1;1
/m/03qx63;/sports/sports_team/sport;/m/02vx4;/m/03qx63;/sports/sports_team/colors;/m/06fvc;;;;;;;;;;3.130384;4.341931;1;1
/m/0jzphpx;/time/event/instance_of_recurring_event;/m/0c4ys;/m/031b91;/award/award_category/winners./award/award_honor/ceremony;/m/0jzphpx;;;;;;;;;;3.814064;4.818732;1;2
/m/0947l;/travel/travel_destination/climate./travel/travel_destination_monthly_climate/month;/m/05cw8;/m/0947l;/travel/travel_destination/climate./travel/travel_destination_monthly_climate/month;/m/0lkm;;;;;;;;;;4.125762;4.544942;1;2
/m/05l64;/travel/travel_destination/how_to_get_here./travel/transportation/mode_of_transportation;/m/07jdr;/m/05l64;/travel/travel_destination/climate./travel/travel_destination_monthly_climate/month;/m/06vkl;;;;;;;;;;3.4277108;3.5348873;1;1
/m/07b3r9;/tv/tv_producer/programs_produced./tv/tv_producer_term/producer_type;/m/0ckd1;/m/07b3r9;/people/person/place_of_birth;/m/0f2wj;;;;;;;;;;4.2423077;4.6109567;1;1
/m/026lj;/user/alexander/philosophy/philosopher/interests;/m/0x0w;/m/026lj;/user/alexander/philosophy/philosopher/interests;/m/02jhc;;;;;;;;;;5.374716;4.6793013;1;3
/m/02_7t;/user/tsegaran/random/taxonomy_subject/entry./user/tsegaran/random/taxonomy_entry/taxonomy;/m/04n6k;/m/02j62;/education/field_of_study/students_majoring./education/education/major_field_of_study;/m/02_7t;;;;;;;;;;10.531696;8.961879;1;1
