henry_fonda;haswonprize;academy_award_for_best_actor;henry_fonda;hasgender;male;henry_fonda;actedin;midway_(film);henry_fonda;haschild;jane_fonda;4.717474;1;4.3902454;1;4.397969;1;0.5019308232650872;0.624903678894043
henry_fonda;haswonprize;academy_award_for_best_actor;henry_fonda;actedin;the_best_man_(1964_film);henry_fonda;actedin;midway_(film);henry_fonda;haschild;jane_fonda;4.717474;1;4.3902454;1;4.4513597;1;0.5152738241748335;0.6001055240631104
henry_fonda;haswonprize;academy_award_for_best_actor;henry_fonda;actedin;midway_(film);henry_fonda;haswonprize;bronze_star_medal;henry_fonda;haschild;jane_fonda;4.717474;1;4.3902454;1;4.5965586;1;0.5513961057739616;0.5953075885772705
henry_fonda;haswonprize;academy_award_for_best_actor;henry_fonda;hasgender;male;henry_fonda;actedin;the_best_man_(1964_film);henry_fonda;actedin;midway_(film);4.717474;1;4.3902454;1;4.892231;1;0.6229258292235622;0.6337862014770508
henry_fonda;haswonprize;academy_award_for_best_actor;henry_fonda;hasgender;male;henry_fonda;actedin;midway_(film);henry_fonda;haswonprize;bronze_star_medal;4.717474;1;4.3902454;1;4.559373;1;0.5421813673072714;0.6661031246185303
henry_fonda;haswonprize;academy_award_for_best_actor;henry_fonda;actedin;too_late_the_hero_(film);henry_fonda;actedin;midway_(film);henry_fonda;haschild;jane_fonda;4.717474;1;4.3902454;1;4.5008993;1;0.527635277226644;0.5900218486785889
henry_fonda;haswonprize;academy_award_for_best_actor;henry_fonda;hasgender;male;henry_fonda;actedin;the_best_man_(1964_film);henry_fonda;haschild;jane_fonda;4.717474;1;4.3902454;1;4.7340403;1;0.5851120352197466;0.6359975337982178
henry_fonda;haswonprize;academy_award_for_best_actor;henry_fonda;hasgender;male;henry_fonda;haswonprize;bronze_star_medal;henry_fonda;haschild;jane_fonda;4.717474;1;4.3902454;1;4.7259855;1;0.5831553700377498;0.6206462383270264
henry_fonda;haswonprize;academy_award_for_best_actor;henry_fonda;haswonprize;tony_award;henry_fonda;actedin;midway_(film);henry_fonda;haschild;jane_fonda;4.717474;1;4.3902454;1;5.099652;1;0.6702699773137291;0.586184024810791
henry_fonda;haswonprize;academy_award_for_best_actor;henry_fonda;haswonprize;grammy_award;henry_fonda;actedin;midway_(film);henry_fonda;haschild;jane_fonda;4.717474;1;4.3902454;1;4.3309846;1;0.485189122912382;0.5832295417785645
henry_fonda;haswonprize;academy_award_for_best_actor;henry_fonda;hasgender;male;henry_fonda;actedin;too_late_the_hero_(film);henry_fonda;actedin;midway_(film);4.717474;1;4.3902454;1;4.8001738;1;0.601070691645314;0.6171314716339111
henry_fonda;haswonprize;academy_award_for_best_actor;henry_fonda;actedin;the_swarm_(film);henry_fonda;actedin;midway_(film);henry_fonda;haschild;jane_fonda;4.717474;1;4.3902454;1;4.7539167;1;0.5899288615189003;0.5906963348388672
henry_fonda;haswonprize;academy_award_for_best_actor;henry_fonda;hasgender;male;henry_fonda;actedin;too_late_the_hero_(film);henry_fonda;haschild;jane_fonda;4.717474;1;4.3902454;1;4.3715215;1;0.49531914558024576;0.6194150447845459
henry_fonda;haswonprize;academy_award_for_best_actor;henry_fonda;hasgender;male;henry_fonda;haswonprize;tony_award;henry_fonda;actedin;midway_(film);4.717474;1;4.3902454;1;4.852252;1;0.613490081977855;0.6184468269348145
henry_fonda;haswonprize;academy_award_for_best_actor;henry_fonda;hasgender;male;henry_fonda;haswonprize;grammy_award;henry_fonda;actedin;midway_(film);4.717474;1;4.3902454;1;4.562625;1;0.5429884770043244;0.6014420986175537
henry_fonda;haswonprize;academy_award_for_best_actor;henry_fonda;hasgender;male;henry_fonda;actedin;the_swarm_(film);henry_fonda;actedin;midway_(film);4.717474;1;4.3902454;1;4.452627;1;0.5155903806168999;0.6035804748535156
henry_fonda;haswonprize;academy_award_for_best_actor;henry_fonda;actedin;the_best_man_(1964_film);henry_fonda;actedin;midway_(film);henry_fonda;haswonprize;bronze_star_medal;4.717474;1;4.3902454;1;4.6023784;1;0.5528352472797258;0.5695099830627441
henry_fonda;haswonprize;academy_award_for_best_actor;henry_fonda;hasgender;male;henry_fonda;haswonprize;tony_award;henry_fonda;haschild;jane_fonda;4.717474;1;4.3902454;1;4.8679295;1;0.6172008411203507;0.6151537895202637
henry_fonda;haswonprize;academy_award_for_best_actor;henry_fonda;hasgender;male;henry_fonda;haswonprize;grammy_award;henry_fonda;haschild;jane_fonda;4.717474;1;4.3902454;1;4.881002;1;0.6202846309641457;0.6435718536376953
henry_fonda;haswonprize;academy_award_for_best_actor;henry_fonda;actedin;midway_(film);henry_fonda;actedin;in_harm's_way;henry_fonda;haschild;jane_fonda;4.717474;1;4.3902454;1;4.8546553;1;0.6140597871617409;0.6002476215362549
henry_fonda;haswonprize;academy_award_for_best_actor;henry_fonda;diedin;los_angeles;henry_fonda;actedin;midway_(film);henry_fonda;haschild;jane_fonda;4.717474;1;4.3902454;1;4.557803;1;0.541791697606307;0.5841364860534668
henry_fonda;haswonprize;academy_award_for_best_actor;henry_fonda;actedin;advise_&_consent_(film);henry_fonda;actedin;midway_(film);henry_fonda;haschild;jane_fonda;4.717474;1;4.3902454;1;4.601427;1;0.5526000685310043;0.5827422142028809
henry_fonda;haswonprize;academy_award_for_best_actor;henry_fonda;hasgender;male;henry_fonda;actedin;the_swarm_(film);henry_fonda;haschild;jane_fonda;4.717474;1;4.3902454;1;4.8088555;1;0.603150610249141;0.6049704551696777
henry_fonda;haswonprize;academy_award_for_best_actor;henry_fonda;actedin;the_best_man_(1964_film);henry_fonda;haswonprize;bronze_star_medal;henry_fonda;haschild;jane_fonda;4.717474;1;4.3902454;1;4.6835303;1;0.5728001382642564;0.5647270679473877
henry_fonda;haswonprize;academy_award_for_best_actor;henry_fonda;actedin;tales_of_manhattan;henry_fonda;actedin;midway_(film);henry_fonda;haschild;jane_fonda;4.717474;1;4.3902454;1;4.823308;1;0.606604740289559;0.6120693683624268
henry_fonda;haswonprize;academy_award_for_best_actor;henry_fonda;actedin;midway_(film);henry_fonda;haschild;jane_fonda;margaret_sullavan;ismarriedto;henry_fonda;4.717474;1;4.3902454;1;4.5695724;1;0.5447119955932044;0.5763108730316162
henry_fonda;haswonprize;academy_award_for_best_actor;henry_fonda;actedin;too_late_the_hero_(film);henry_fonda;actedin;the_best_man_(1964_film);henry_fonda;actedin;midway_(film);4.717474;1;4.3902454;1;4.781384;1;0.5965567528295913;0.5833163261413574
henry_fonda;haswonprize;academy_award_for_best_actor;henry_fonda;hasgender;male;henry_fonda;actedin;midway_(film);henry_fonda;actedin;in_harm's_way;4.717474;1;4.3902454;1;4.1984677;1;0.45220197945268475;0.62520432472229
mario_monicelli;haswonprize;david_di_donatello;mario_monicelli;created;l'armata_brancaleone;mario_monicelli;created;big_deal_on_madonna_street;mario_monicelli;directed;an_average_little_man;6.076455;1;6.3036327;1;6.481635;1;0.5443834609743743;0.5929465293884277
mario_monicelli;haswonprize;david_di_donatello;mario_monicelli;created;big_deal_on_madonna_street;mario_monicelli;directed;an_average_little_man;mario_monicelli;wasbornin;rome;6.076455;1;6.3036327;1;5.8332605;1;0.3845281526417489;0.5846889019012451
mario_monicelli;haswonprize;david_di_donatello;mario_monicelli;haswonprize;golden_lion;mario_monicelli;created;big_deal_on_madonna_street;mario_monicelli;directed;an_average_little_man;6.076455;1;6.3036327;1;6.8455844;1;0.6322663058341591;0.5940451622009277
mario_monicelli;haswonprize;david_di_donatello;mario_monicelli;created;big_deal_on_madonna_street;mario_monicelli;created;il_marchese_del_grillo;mario_monicelli;directed;an_average_little_man;6.076455;1;6.3036327;1;6.2159657;1;0.4780972788920942;0.6258864402770996
mario_monicelli;haswonprize;david_di_donatello;mario_monicelli;directed;l'armata_brancaleone;mario_monicelli;created;big_deal_on_madonna_street;mario_monicelli;directed;an_average_little_man;6.076455;1;6.3036327;1;6.5940714;1;0.572103518820152;0.5997788906097412
mario_monicelli;haswonprize;david_di_donatello;mario_monicelli;created;l'armata_brancaleone;mario_monicelli;created;big_deal_on_madonna_street;mario_monicelli;wasbornin;rome;6.076455;1;6.3036327;1;6.2821016;1;0.4946174316794082;0.588292121887207
mario_monicelli;haswonprize;david_di_donatello;mario_monicelli;haswonprize;golden_lion;mario_monicelli;created;l'armata_brancaleone;mario_monicelli;created;big_deal_on_madonna_street;6.076455;1;6.3036327;1;6.6043873;1;0.5746269617574002;0.5876052379608154
mario_monicelli;haswonprize;david_di_donatello;mario_monicelli;created;big_deal_on_madonna_street;mario_monicelli;directed;big_deal_on_madonna_street;mario_monicelli;directed;an_average_little_man;6.076455;1;6.3036327;1;6.020421;1;0.4296665595500245;0.6288204193115234
mario_monicelli;haswonprize;david_di_donatello;mario_monicelli;created;l'armata_brancaleone;mario_monicelli;created;big_deal_on_madonna_street;mario_monicelli;created;il_marchese_del_grillo;6.076455;1;6.3036327;1;5.950946;1;0.4127310111876312;0.6050107479095459
mario_monicelli;haswonprize;david_di_donatello;mario_monicelli;created;l'armata_brancaleone;mario_monicelli;directed;l'armata_brancaleone;mario_monicelli;created;big_deal_on_madonna_street;6.076455;1;6.3036327;1;6.0145063;1;0.4282177531869338;0.6136922836303711
mario_monicelli;haswonprize;david_di_donatello;mario_monicelli;created;l'armata_brancaleone;mario_monicelli;directed;an_average_little_man;mario_monicelli;wasbornin;rome;6.076455;1;6.3036327;1;6.62545;1;0.5797671020206951;0.6011114120483398
mario_monicelli;haswonprize;david_di_donatello;mario_monicelli;haswonprize;golden_lion;mario_monicelli;created;big_deal_on_madonna_street;mario_monicelli;wasbornin;rome;6.076455;1;6.3036327;1;6.70367;1;0.5986966190821286;0.609276294708252
donald_w._riegle_jr.;isaffiliatedto;republican_party_(united_states);donald_w._riegle_jr.;isaffiliatedto;democratic_party_(united_states);donald_w._riegle_jr.;graduatedfrom;university_of_michigan;donald_w._riegle_jr.;wasbornin;flint_michigan;5.2974887;1;5.241828;1;5.4809704;1;0.5595023008315972;0.5647110939025879
donald_w._riegle_jr.;isaffiliatedto;republican_party_(united_states);donald_w._riegle_jr.;graduatedfrom;university_of_michigan;donald_w._riegle_jr.;wasbornin;flint_michigan;donald_w._riegle_jr.;graduatedfrom;michigan_state_university;5.2974887;1;5.241828;1;5.624936;1;0.5946225290129944;0.5656759738922119
donald_w._riegle_jr.;isaffiliatedto;republican_party_(united_states);donald_w._riegle_jr.;graduatedfrom;university_of_michigan;donald_w._riegle_jr.;wasbornin;flint_michigan;donald_w._riegle_jr.;graduatedfrom;harvard_law_school;5.2974887;1;5.241828;1;5.580182;1;0.5837906614328994;0.5631072521209717
donald_w._riegle_jr.;isaffiliatedto;republican_party_(united_states);donald_w._riegle_jr.;graduatedfrom;western_michigan_university;donald_w._riegle_jr.;graduatedfrom;university_of_michigan;donald_w._riegle_jr.;wasbornin;flint_michigan;5.2974887;1;5.241828;1;4.936042;1;0.42414362787031973;0.5698497295379639
donald_w._riegle_jr.;isaffiliatedto;republican_party_(united_states);donald_w._riegle_jr.;graduatedfrom;university_of_michigan;donald_w._riegle_jr.;wasbornin;flint_michigan;donald_w._riegle_jr.;graduatedfrom;harvard_business_school;5.2974887;1;5.241828;1;4.5796356;1;0.34024730381847146;0.5737712383270264
donald_w._riegle_jr.;isaffiliatedto;republican_party_(united_states);donald_w._riegle_jr.;graduatedfrom;university_of_michigan;donald_w._riegle_jr.;wasbornin;flint_michigan;donald_w._riegle_jr.;graduatedfrom;university_of_michigan–flint;5.2974887;1;5.241828;1;5.6151466;1;0.5922606425734105;0.560492992401123
donald_w._riegle_jr.;isaffiliatedto;republican_party_(united_states);donald_w._riegle_jr.;graduatedfrom;university_of_michigan;donald_w._riegle_jr.;wasbornin;flint_michigan;donald_w._riegle_jr.;hasgender;male;5.2974887;1;5.241828;1;4.1486917;1;0.25102815085569424;0.59043288230896
donald_w._riegle_jr.;isaffiliatedto;republican_party_(united_states);donald_w._riegle_jr.;isaffiliatedto;democratic_party_(united_states);donald_w._riegle_jr.;wasbornin;flint_michigan;donald_w._riegle_jr.;graduatedfrom;michigan_state_university;5.2974887;1;5.241828;1;5.146636;1;0.4762199653123862;0.5811200141906738
donald_w._riegle_jr.;isaffiliatedto;republican_party_(united_states);donald_w._riegle_jr.;isaffiliatedto;democratic_party_(united_states);donald_w._riegle_jr.;wasbornin;flint_michigan;donald_w._riegle_jr.;graduatedfrom;harvard_law_school;5.2974887;1;5.241828;1;5.921077;1;0.6635710189216565;0.5659172534942627
donald_w._riegle_jr.;isaffiliatedto;republican_party_(united_states);donald_w._riegle_jr.;wasbornin;flint_michigan;donald_w._riegle_jr.;graduatedfrom;harvard_law_school;donald_w._riegle_jr.;graduatedfrom;michigan_state_university;5.2974887;1;5.241828;1;5.031827;1;0.4476918451841047;0.5657320022583008
donald_w._riegle_jr.;isaffiliatedto;republican_party_(united_states);donald_w._riegle_jr.;graduatedfrom;western_michigan_university;donald_w._riegle_jr.;isaffiliatedto;democratic_party_(united_states);donald_w._riegle_jr.;wasbornin;flint_michigan;5.2974887;1;5.241828;1;5.42695;1;0.546148784636505;0.5722839832305908
norshahrul_idlan_talaha;playsfor;malaysia_national_football_team;norshahrul_idlan_talaha;isaffiliatedto;malaysia_national_football_team;norshahrul_idlan_talaha;playsfor;harimau_muda_a;norshahrul_idlan_talaha;isaffiliatedto;negeri_sembilan_fa;3.7361157;1;3.9588768;1;3.6977105;1;0.43507701907358753;0.566354513168335
norshahrul_idlan_talaha;playsfor;malaysia_national_football_team;norshahrul_idlan_talaha;isaffiliatedto;malaysia_national_football_team;norshahrul_idlan_talaha;playsfor;malaysian_president's_cup;norshahrul_idlan_talaha;playsfor;harimau_muda_a;3.7361157;1;3.9588768;1;3.800252;1;0.46042672144733154;0.562431812286377
norshahrul_idlan_talaha;playsfor;malaysia_national_football_team;norshahrul_idlan_talaha;isaffiliatedto;malaysia_national_football_team;norshahrul_idlan_talaha;playsfor;malaysian_president's_cup;norshahrul_idlan_talaha;isaffiliatedto;negeri_sembilan_fa;3.7361157;1;3.9588768;1;3.7489657;1;0.4477140703047175;0.5674047470092773
norshahrul_idlan_talaha;playsfor;malaysia_national_football_team;norshahrul_idlan_talaha;playsfor;malaysian_president's_cup;norshahrul_idlan_talaha;playsfor;harimau_muda_a;norshahrul_idlan_talaha;isaffiliatedto;negeri_sembilan_fa;3.7361157;1;3.9588768;1;3.5736825;1;0.40487470806784676;0.5809879302978516
norshahrul_idlan_talaha;playsfor;malaysia_national_football_team;norshahrul_idlan_talaha;isaffiliatedto;malaysia_national_football_team;norshahrul_idlan_talaha;isaffiliatedto;perak_fa;norshahrul_idlan_talaha;playsfor;harimau_muda_a;3.7361157;1;3.9588768;1;4.053356;1;0.5236022763864782;0.578667402267456
norshahrul_idlan_talaha;playsfor;malaysia_national_football_team;norshahrul_idlan_talaha;isaffiliatedto;malaysia_national_football_team;norshahrul_idlan_talaha;isaffiliatedto;perak_fa;norshahrul_idlan_talaha;isaffiliatedto;negeri_sembilan_fa;3.7361157;1;3.9588768;1;4.16318;1;0.5508988376254189;0.5801801681518555
norshahrul_idlan_talaha;playsfor;malaysia_national_football_team;norshahrul_idlan_talaha;isaffiliatedto;malaysia_national_football_team;norshahrul_idlan_talaha;playsfor;malaysian_president's_cup;norshahrul_idlan_talaha;isaffiliatedto;perak_fa;3.7361157;1;3.9588768;1;3.58285;1;0.40708552427359973;0.5629873275756836
norshahrul_idlan_talaha;playsfor;malaysia_national_football_team;norshahrul_idlan_talaha;isaffiliatedto;perak_fa;norshahrul_idlan_talaha;playsfor;harimau_muda_a;norshahrul_idlan_talaha;isaffiliatedto;negeri_sembilan_fa;3.7361157;1;3.9588768;1;3.8542113;1;0.473857481850627;0.5654032230377197
norshahrul_idlan_talaha;playsfor;malaysia_national_football_team;norshahrul_idlan_talaha;playsfor;malaysian_president's_cup;norshahrul_idlan_talaha;isaffiliatedto;perak_fa;norshahrul_idlan_talaha;playsfor;harimau_muda_a;3.7361157;1;3.9588768;1;4.1095495;1;0.5375970672598517;0.5655629634857178
norshahrul_idlan_talaha;playsfor;malaysia_national_football_team;norshahrul_idlan_talaha;playsfor;malaysian_president's_cup;norshahrul_idlan_talaha;isaffiliatedto;perak_fa;norshahrul_idlan_talaha;isaffiliatedto;negeri_sembilan_fa;3.7361157;1;3.9588768;1;3.975687;1;0.5042024457283129;0.5616326332092285
norshahrul_idlan_talaha;playsfor;malaysia_national_football_team;norshahrul_idlan_talaha;isaffiliatedto;malaysia_national_football_team;norshahrul_idlan_talaha;playsfor;negeri_sembilan_fa;norshahrul_idlan_talaha;playsfor;harimau_muda_a;3.7361157;1;3.9588768;1;4.184662;1;0.556207673232282;0.5708968639373779
norshahrul_idlan_talaha;playsfor;malaysia_national_football_team;norshahrul_idlan_talaha;isaffiliatedto;malaysia_national_football_team;norshahrul_idlan_talaha;playsfor;negeri_sembilan_fa;norshahrul_idlan_talaha;isaffiliatedto;negeri_sembilan_fa;3.7361157;1;3.9588768;1;4.192002;1;0.5580187173915286;0.6791424751281738
norshahrul_idlan_talaha;playsfor;malaysia_national_football_team;norshahrul_idlan_talaha;isaffiliatedto;malaysia_national_football_team;norshahrul_idlan_talaha;isaffiliatedto;harimau_muda_a;norshahrul_idlan_talaha;playsfor;harimau_muda_a;3.7361157;1;3.9588768;1;4.500801;1;0.6322599309400733;0.611107587814331
norshahrul_idlan_talaha;playsfor;malaysia_national_football_team;norshahrul_idlan_talaha;isaffiliatedto;malaysia_national_football_team;norshahrul_idlan_talaha;isaffiliatedto;harimau_muda_a;norshahrul_idlan_talaha;isaffiliatedto;negeri_sembilan_fa;3.7361157;1;3.9588768;1;3.420443;1;0.3685519977366121;0.5670149326324463
norshahrul_idlan_talaha;playsfor;malaysia_national_football_team;norshahrul_idlan_talaha;isaffiliatedto;malaysia_national_football_team;norshahrul_idlan_talaha;playsfor;negeri_sembilan_fa;norshahrul_idlan_talaha;playsfor;malaysian_president's_cup;3.7361157;1;3.9588768;1;4.8956947;1;0.7184564369917968;0.5999276638031006
norshahrul_idlan_talaha;playsfor;malaysia_national_football_team;norshahrul_idlan_talaha;isaffiliatedto;malaysia_national_football_team;norshahrul_idlan_talaha;playsfor;malaysian_president's_cup;norshahrul_idlan_talaha;isaffiliatedto;harimau_muda_a;3.7361157;1;3.9588768;1;4.4629292;1;0.6234111867186243;0.5884144306182861
norshahrul_idlan_talaha;playsfor;malaysia_national_football_team;norshahrul_idlan_talaha;playsfor;negeri_sembilan_fa;norshahrul_idlan_talaha;playsfor;harimau_muda_a;norshahrul_idlan_talaha;isaffiliatedto;negeri_sembilan_fa;3.7361157;1;3.9588768;1;3.7693963;1;0.45277108422721507;0.5642006397247314
norshahrul_idlan_talaha;playsfor;malaysia_national_football_team;norshahrul_idlan_talaha;isaffiliatedto;malaysia_national_football_team;norshahrul_idlan_talaha;isaffiliatedto;malaysia_national_under-23_football_team;norshahrul_idlan_talaha;playsfor;harimau_muda_a;3.7361157;1;3.9588768;1;4.1113896;1;0.5380544630605911;0.5818703174591064
liam_tuohy_(footballer);playsfor;republic_of_ireland_national_football_team;liam_tuohy_(footballer);playsfor;boston_rovers;liam_tuohy_(footballer);playsfor;league_of_ireland_xi;liam_tuohy_(footballer);isaffiliatedto;league_of_ireland_xi;3.2896304;1;3.2778578;1;4.3802805;1;0.7507137739842051;0.5596194267272949
liam_tuohy_(footballer);playsfor;republic_of_ireland_national_football_team;liam_tuohy_(footballer);isaffiliatedto;republic_of_ireland_national_football_b_team;liam_tuohy_(footballer);playsfor;boston_rovers;liam_tuohy_(footballer);isaffiliatedto;league_of_ireland_xi;3.2896304;1;3.2778578;1;3.6461902;1;0.5910559627284169;0.5800824165344238
liam_tuohy_(footballer);playsfor;republic_of_ireland_national_football_team;liam_tuohy_(footballer);playsfor;boston_rovers;liam_tuohy_(footballer);playsfor;shamrock_rovers_f.c.;liam_tuohy_(footballer);isaffiliatedto;league_of_ireland_xi;3.2896304;1;3.2778578;1;3.7216384;1;0.6091595168610602;0.6067543029785156
liam_tuohy_(footballer);playsfor;republic_of_ireland_national_football_team;liam_tuohy_(footballer);isaffiliatedto;republic_of_ireland_national_football_b_team;liam_tuohy_(footballer);playsfor;league_of_ireland_xi;liam_tuohy_(footballer);isaffiliatedto;league_of_ireland_xi;3.2896304;1;3.2778578;1;3.9257164;1;0.6565277454001991;0.561753511428833
liam_tuohy_(footballer);playsfor;republic_of_ireland_national_football_team;liam_tuohy_(footballer);playsfor;boston_rovers;liam_tuohy_(footballer);playsfor;newcastle_united_f.c.;liam_tuohy_(footballer);isaffiliatedto;league_of_ireland_xi;3.2896304;1;3.2778578;1;3.1567376;1;0.46975690979356804;0.559152364730835
liam_tuohy_(footballer);playsfor;republic_of_ireland_national_football_team;liam_tuohy_(footballer);isaffiliatedto;republic_of_ireland_national_football_team;liam_tuohy_(footballer);playsfor;boston_rovers;liam_tuohy_(footballer);isaffiliatedto;league_of_ireland_xi;3.2896304;1;3.2778578;1;3.6906447;1;0.6017559510723656;0.5653226375579834
liam_tuohy_(footballer);playsfor;republic_of_ireland_national_football_team;liam_tuohy_(footballer);playsfor;league_of_ireland_xi;liam_tuohy_(footballer);playsfor;shamrock_rovers_f.c.;liam_tuohy_(footballer);isaffiliatedto;league_of_ireland_xi;3.2896304;1;3.2778578;1;3.6023288;1;0.5804134802256365;0.5662434101104736
liam_tuohy_(footballer);playsfor;republic_of_ireland_national_football_team;liam_tuohy_(footballer);isaffiliatedto;republic_of_ireland_national_football_b_team;liam_tuohy_(footballer);playsfor;shamrock_rovers_f.c.;liam_tuohy_(footballer);isaffiliatedto;league_of_ireland_xi;3.2896304;1;3.2778578;1;3.2692428;1;0.4978462590862909;0.5846025943756104
liam_tuohy_(footballer);playsfor;republic_of_ireland_national_football_team;liam_tuohy_(footballer);playsfor;league_of_ireland_xi;liam_tuohy_(footballer);playsfor;newcastle_united_f.c.;liam_tuohy_(footballer);isaffiliatedto;league_of_ireland_xi;3.2896304;1;3.2778578;1;3.4207163;1;0.5356540097000743;0.5789856910705566
liam_tuohy_(footballer);playsfor;republic_of_ireland_national_football_team;liam_tuohy_(footballer);isaffiliatedto;republic_of_ireland_national_football_team;liam_tuohy_(footballer);playsfor;league_of_ireland_xi;liam_tuohy_(footballer);isaffiliatedto;league_of_ireland_xi;3.2896304;1;3.2778578;1;5.2841043;5;4.881451368947111;0.5619957447052002
gabriel_enrique_gómez;wasbornin;panama_city;gabriel_enrique_gómez;isaffiliatedto;tauro_f.c.;gabriel_enrique_gómez;playsfor;independiente_santa_fe;gabriel_enrique_gómez;playsfor;san_francisco_f.c.;7.090879;1;6.7045293;1;6.79044;1;0.5214644990469595;0.5743827819824219
gabriel_enrique_gómez;wasbornin;panama_city;gabriel_enrique_gómez;isaffiliatedto;tauro_f.c.;gabriel_enrique_gómez;isaffiliatedto;sporting_san_miguelito;gabriel_enrique_gómez;playsfor;san_francisco_f.c.;7.090879;1;6.7045293;1;7.080867;4;3.592989456459961;0.5933799743652344
joseph_stefan;worksat;university_of_vienna;joseph_stefan;hasacademicadvisor;andreas_von_ettingshausen;joseph_stefan;diedin;vienna;ludwig_boltzmann;hasacademicadvisor;joseph_stefan;4.74087;1;6.130808;1;7.014471;1;0.7075807459429037;0.5714366436004639
joseph_stefan;worksat;university_of_vienna;joseph_stefan;livesin;austria;joseph_stefan;diedin;vienna;ludwig_boltzmann;hasacademicadvisor;joseph_stefan;4.74087;1;6.130808;1;6.546897;1;0.60254701805978;0.5891475677490234
joseph_stefan;worksat;university_of_vienna;joseph_stefan;livesin;austria;joseph_stefan;hasacademicadvisor;andreas_von_ettingshausen;joseph_stefan;diedin;vienna;4.74087;1;6.130808;1;7.1282263;1;0.7305507033104076;0.5912373065948486
joseph_stefan;worksat;university_of_vienna;joseph_stefan;livesin;austria;joseph_stefan;hasacademicadvisor;andreas_von_ettingshausen;ludwig_boltzmann;hasacademicadvisor;joseph_stefan;4.74087;1;6.130808;1;7.4658756;1;0.791677664400084;0.6395423412322998
joseph_stefan;worksat;university_of_vienna;joseph_stefan;diedin;vienna;ludwig_boltzmann;hasacademicadvisor;joseph_stefan;joseph_stefan;iscitizenof;austrian_empire;4.74087;1;6.130808;1;6.7590656;1;0.6520943077444815;0.6240677833557129
joseph_stefan;worksat;university_of_vienna;joseph_stefan;hasacademicadvisor;andreas_von_ettingshausen;joseph_stefan;diedin;vienna;joseph_stefan;iscitizenof;austrian_empire;4.74087;1;6.130808;1;6.0795627;1;0.48719149974204773;0.6060152053833008
joseph_stefan;worksat;university_of_vienna;joseph_stefan;hasacademicadvisor;andreas_von_ettingshausen;ludwig_boltzmann;hasacademicadvisor;joseph_stefan;joseph_stefan;iscitizenof;austrian_empire;4.74087;1;6.130808;1;6.9040647;2;1.6842249789291617;0.6093044281005859
