henry_fonda;haswonprize;academy_award_for_best_actor;henry_fonda;actedin;midway_(film);henry_fonda;haschild;jane_fonda;4.717474;1;4.3902454;1;4.7666073;1;0.5929953258357501;0.5831685066223145
henry_fonda;haswonprize;academy_award_for_best_actor;henry_fonda;hasgender;male;henry_fonda;actedin;midway_(film);4.717474;1;4.3902454;1;4.550048;1;0.5398658081331275;0.6297965049743652
henry_fonda;haswonprize;academy_award_for_best_actor;henry_fonda;hasgender;male;henry_fonda;haschild;jane_fonda;4.717474;1;4.3902454;1;4.793371;1;0.59943842604408;0.6234395503997803
henry_fonda;haswonprize;academy_award_for_best_actor;henry_fonda;actedin;the_best_man_(1964_film);henry_fonda;actedin;midway_(film);4.717474;1;4.3902454;1;4.510273;1;0.5299709125589408;0.6091029644012451
henry_fonda;haswonprize;academy_award_for_best_actor;henry_fonda;actedin;midway_(film);henry_fonda;haswonprize;bronze_star_medal;4.717474;1;4.3902454;1;4.533475;1;0.5357462817137969;0.5967397689819336
henry_fonda;haswonprize;academy_award_for_best_actor;henry_fonda;actedin;the_best_man_(1964_film);henry_fonda;haschild;jane_fonda;4.717474;1;4.3902454;1;4.9402876;1;0.6341453706355943;0.5862374305725098
henry_fonda;haswonprize;academy_award_for_best_actor;henry_fonda;haswonprize;bronze_star_medal;henry_fonda;haschild;jane_fonda;4.717474;1;4.3902454;1;4.2816052;1;0.4728666334970434;0.5932486057281494
henry_fonda;haswonprize;academy_award_for_best_actor;henry_fonda;actedin;too_late_the_hero_(film);henry_fonda;actedin;midway_(film);4.717474;1;4.3902454;1;4.5467234;1;0.5390398558441309;0.5928795337677002
henry_fonda;haswonprize;academy_award_for_best_actor;henry_fonda;hasgender;male;henry_fonda;actedin;the_best_man_(1964_film);4.717474;1;4.3902454;1;4.6245933;1;0.5583202918616857;0.6376674175262451
henry_fonda;haswonprize;academy_award_for_best_actor;henry_fonda;hasgender;male;henry_fonda;haswonprize;bronze_star_medal;4.717474;1;4.3902454;1;4.368661;1;0.49460408179009324;0.6339554786682129
henry_fonda;haswonprize;academy_award_for_best_actor;henry_fonda;actedin;too_late_the_hero_(film);henry_fonda;haschild;jane_fonda;4.717474;1;4.3902454;1;4.4939966;1;0.5259145537887913;0.5920724868774414
henry_fonda;haswonprize;academy_award_for_best_actor;henry_fonda;haswonprize;tony_award;henry_fonda;actedin;midway_(film);4.717474;1;4.3902454;1;4.5170093;1;0.5316485862388791;0.5836105346679688
henry_fonda;haswonprize;academy_award_for_best_actor;henry_fonda;haswonprize;grammy_award;henry_fonda;actedin;midway_(film);4.717474;1;4.3902454;1;4.757465;1;0.5907869285885284;0.5960373878479004
henry_fonda;haswonprize;academy_award_for_best_actor;henry_fonda;actedin;the_swarm_(film);henry_fonda;actedin;midway_(film);4.717474;1;4.3902454;1;4.4106436;1;0.5050993581761356;0.5783252716064453
henry_fonda;haswonprize;academy_award_for_best_actor;henry_fonda;haswonprize;tony_award;henry_fonda;haschild;jane_fonda;4.717474;1;4.3902454;1;5.123991;1;0.6756266744532429;0.5883841514587402
henry_fonda;haswonprize;academy_award_for_best_actor;henry_fonda;haswonprize;grammy_award;henry_fonda;haschild;jane_fonda;4.717474;1;4.3902454;1;4.6052446;1;0.5535437051761778;0.5961692333221436
henry_fonda;haswonprize;academy_award_for_best_actor;henry_fonda;hasgender;male;henry_fonda;actedin;too_late_the_hero_(film);4.717474;1;4.3902454;1;4.7754803;1;0.5951350579249062;0.6150431632995605
henry_fonda;haswonprize;academy_award_for_best_actor;henry_fonda;actedin;the_swarm_(film);henry_fonda;haschild;jane_fonda;4.717474;1;4.3902454;1;4.542123;1;0.5378965329974956;0.5978682041168213
mario_monicelli;haswonprize;david_di_donatello;mario_monicelli;created;big_deal_on_madonna_street;mario_monicelli;directed;an_average_little_man;6.076455;1;6.3036327;1;6.2585707;1;0.48873638963531585;0.5794627666473389
mario_monicelli;haswonprize;david_di_donatello;mario_monicelli;created;l'armata_brancaleone;mario_monicelli;created;big_deal_on_madonna_street;6.076455;1;6.3036327;1;6.167193;1;0.46594286700158416;0.5774734020233154
mario_monicelli;haswonprize;david_di_donatello;mario_monicelli;created;big_deal_on_madonna_street;mario_monicelli;wasbornin;rome;6.076455;1;6.3036327;1;6.933779;1;0.6525225725461704;0.5763506889343262
mario_monicelli;haswonprize;david_di_donatello;mario_monicelli;created;l'armata_brancaleone;mario_monicelli;directed;an_average_little_man;6.076455;1;6.3036327;1;6.361926;1;0.5145692102283721;0.6057584285736084
mario_monicelli;haswonprize;david_di_donatello;mario_monicelli;haswonprize;golden_lion;mario_monicelli;created;big_deal_on_madonna_street;6.076455;1;6.3036327;1;6.22889;1;0.48132299558214986;0.5740299224853516
mario_monicelli;haswonprize;david_di_donatello;mario_monicelli;created;big_deal_on_madonna_street;mario_monicelli;created;il_marchese_del_grillo;6.076455;1;6.3036327;1;6.5029316;1;0.549660447149852;0.584392786026001
mario_monicelli;haswonprize;david_di_donatello;mario_monicelli;directed;l'armata_brancaleone;mario_monicelli;created;big_deal_on_madonna_street;6.076455;1;6.3036327;1;6.267647;1;0.49100448407259606;0.6131224632263184
mario_monicelli;haswonprize;david_di_donatello;mario_monicelli;directed;an_average_little_man;mario_monicelli;wasbornin;rome;6.076455;1;6.3036327;1;6.4523497;1;0.5371108592891072;0.5661840438842773
mario_monicelli;haswonprize;david_di_donatello;mario_monicelli;haswonprize;golden_lion;mario_monicelli;directed;an_average_little_man;6.076455;1;6.3036327;1;6.5265737;1;0.5555055230095963;0.574753999710083
mario_monicelli;haswonprize;david_di_donatello;mario_monicelli;created;il_marchese_del_grillo;mario_monicelli;directed;an_average_little_man;6.076455;1;6.3036327;1;6.6513157;1;0.5860555884884245;0.587740421295166
mario_monicelli;haswonprize;david_di_donatello;mario_monicelli;directed;l'armata_brancaleone;mario_monicelli;directed;an_average_little_man;6.076455;1;6.3036327;1;6.462672;1;0.5396762800409471;0.5904860496520996
mario_monicelli;haswonprize;david_di_donatello;mario_monicelli;created;big_deal_on_madonna_street;mario_monicelli;directed;big_deal_on_madonna_street;6.076455;1;6.3036327;1;6.8554196;1;0.6345500659134771;0.5996339321136475
mario_monicelli;haswonprize;david_di_donatello;mario_monicelli;created;l'armata_brancaleone;mario_monicelli;wasbornin;rome;6.076455;1;6.3036327;1;6.37762;1;0.5184884377272503;0.589914083480835
dixie_dean;isaffiliatedto;tranmere_rovers_f.c.;dixie_dean;isaffiliatedto;ashton_united_f.c.;dixie_dean;isaffiliatedto;everton_f.c.;4.6426554;1;3.4454281;2;3.356698;1;-0.5221679820132296;0.590623140335083
dixie_dean;isaffiliatedto;tranmere_rovers_f.c.;dixie_dean;isaffiliatedto;notts_county_f.c.;dixie_dean;isaffiliatedto;ashton_united_f.c.;4.6426554;1;3.4454281;2;3.4156237;1;-0.5074505655148547;0.5762143135070801
dixie_dean;isaffiliatedto;tranmere_rovers_f.c.;dixie_dean;playsfor;tranmere_rovers_f.c.;dixie_dean;isaffiliatedto;ashton_united_f.c.;4.6426554;1;3.4454281;2;3.7356532;12;10.5720512228617;0.5806450843811035
ahmet_kuru;isaffiliatedto;fc_st._pauli;ahmet_kuru;playsfor;sv_werder_bremen;ahmet_kuru;isaffiliatedto;bandırmaspor;5.240331;1;5.6459193;53;5.357537;13;-39.571600103515415;0.566370964050293
ahmet_kuru;isaffiliatedto;fc_st._pauli;ahmet_kuru;isaffiliatedto;sv_werder_bremen_ii;ahmet_kuru;playsfor;sv_werder_bremen;5.240331;1;5.6459193;53;5.209185;1;-51.607480581336226;0.5939209461212158
ahmet_kuru;isaffiliatedto;fc_st._pauli;ahmet_kuru;playsfor;sv_werder_bremen;ahmet_kuru;isaffiliatedto;orduspor;5.240331;1;5.6459193;53;5.5028706;9;-43.53570133202785;0.5960164070129395
ahmet_kuru;isaffiliatedto;fc_st._pauli;ahmet_kuru;isaffiliatedto;sv_werder_bremen_ii;ahmet_kuru;isaffiliatedto;bandırmaspor;5.240331;1;5.6459193;53;5.46303;40;-12.545595344640171;0.5613207817077637
ahmet_kuru;isaffiliatedto;fc_st._pauli;ahmet_kuru;isaffiliatedto;orduspor;ahmet_kuru;isaffiliatedto;bandırmaspor;5.240331;1;5.6459193;53;5.466901;36;-16.544635482896954;0.5704689025878906
ahmet_kuru;isaffiliatedto;fc_st._pauli;ahmet_kuru;isaffiliatedto;medical_park_antalyaspor;ahmet_kuru;playsfor;sv_werder_bremen;5.240331;1;5.6459193;53;4.9869323;1;-51.65903280553135;0.5748980045318604
ahmet_kuru;isaffiliatedto;fc_st._pauli;ahmet_kuru;isaffiliatedto;sv_werder_bremen_ii;ahmet_kuru;isaffiliatedto;orduspor;5.240331;1;5.6459193;53;5.437046;10;-42.55202929402888;0.5757637023925781
ahmet_kuru;isaffiliatedto;fc_st._pauli;ahmet_kuru;playsfor;sv_werder_bremen;ahmet_kuru;wasbornin;rotenburg_an_der_wümme;5.240331;1;5.6459193;53;5.2365484;12;-40.60093702268945;0.5729057788848877
ahmet_kuru;isaffiliatedto;fc_st._pauli;ahmet_kuru;isaffiliatedto;medical_park_antalyaspor;ahmet_kuru;isaffiliatedto;bandırmaspor;5.240331;1;5.6459193;53;5.1927733;21;-31.61138695820418;0.5902447700500488
ahmet_kuru;isaffiliatedto;fc_st._pauli;ahmet_kuru;playsfor;sv_werder_bremen;ahmet_kuru;isaffiliatedto;eintracht_braunschweig;5.240331;1;5.6459193;53;5.011175;1;-51.65356440806048;0.5850834846496582
ahmet_kuru;isaffiliatedto;fc_st._pauli;ahmet_kuru;isaffiliatedto;sv_werder_bremen_ii;ahmet_kuru;isaffiliatedto;medical_park_antalyaspor;5.240331;1;5.6459193;53;5.2043304;4;-48.60863756352743;0.5852136611938477
ahmet_kuru;isaffiliatedto;fc_st._pauli;ahmet_kuru;isaffiliatedto;bandırmaspor;ahmet_kuru;wasbornin;rotenburg_an_der_wümme;5.240331;1;5.6459193;53;5.183869;3;-49.6135004841478;0.5758709907531738
ahmet_kuru;isaffiliatedto;fc_st._pauli;ahmet_kuru;isaffiliatedto;eintracht_braunschweig;ahmet_kuru;isaffiliatedto;bandırmaspor;5.240331;1;5.6459193;53;5.362504;26;-26.570383334888074;0.5761439800262451
ahmet_kuru;isaffiliatedto;fc_st._pauli;ahmet_kuru;isaffiliatedto;medical_park_antalyaspor;ahmet_kuru;isaffiliatedto;orduspor;5.240331;1;5.6459193;53;5.1007166;1;-51.633021873664404;0.5912818908691406
ahmet_kuru;isaffiliatedto;fc_st._pauli;ahmet_kuru;isaffiliatedto;sv_werder_bremen_ii;ahmet_kuru;wasbornin;rotenburg_an_der_wümme;5.240331;1;5.6459193;53;4.9890146;6;-46.65856472928626;0.5805160999298096
ahmet_kuru;isaffiliatedto;fc_st._pauli;ahmet_kuru;isaffiliatedto;sv_werder_bremen_ii;ahmet_kuru;isaffiliatedto;eintracht_braunschweig;5.240331;1;5.6459193;53;4.775333;1;-51.70486770000365;0.5839672088623047
ahmet_kuru;isaffiliatedto;fc_st._pauli;ahmet_kuru;isaffiliatedto;orduspor;ahmet_kuru;wasbornin;rotenburg_an_der_wümme;5.240331;1;5.6459193;53;5.369218;16;-36.56873735572399;0.5854132175445557
ahmet_kuru;isaffiliatedto;fc_st._pauli;ahmet_kuru;isaffiliatedto;eintracht_braunschweig;ahmet_kuru;isaffiliatedto;orduspor;5.240331;1;5.6459193;53;5.285966;1;-51.58902915430663;0.5819559097290039
ahmet_kuru;isaffiliatedto;fc_st._pauli;ahmet_kuru;playsfor;fc_st._pauli;ahmet_kuru;playsfor;sv_werder_bremen;5.240331;1;5.6459193;53;5.89457;53;0.5618443276348972;0.5802345275878906
ahmet_kuru;isaffiliatedto;fc_st._pauli;ahmet_kuru;isaffiliatedto;medical_park_antalyaspor;ahmet_kuru;wasbornin;rotenburg_an_der_wümme;5.240331;1;5.6459193;53;5.735153;59;6.522293677654723;0.5744266510009766
ian_goodison;isaffiliatedto;hull_city_a.f.c.;ian_goodison;playsfor;hull_city_a.f.c.;ian_goodison;isaffiliatedto;tranmere_rovers_f.c.;7.507348;1;5.9405804;4;6.3688326;6;2.6054562376061563;0.58302903175354
vladislav_romanov;isaffiliatedto;pfc_slavia_sofia;vladislav_romanov;playsfor;pfc_slavia_sofia;vladislav_romanov;isaffiliatedto;pofc_botev_vratsa;4.217931;1;4.584863;4;4.96211;3;-0.4067910929949523;0.5746829509735107
vladislav_romanov;isaffiliatedto;pfc_slavia_sofia;vladislav_romanov;playsfor;pfc_slavia_sofia;vladislav_romanov;isaffiliatedto;pfc_lokomotiv_sofia;4.217931;1;4.584863;4;5.090644;5;1.623816851655767;0.5627021789550781
nerijus_barasa;isaffiliatedto;lithuania_national_football_team;nerijus_barasa;isaffiliatedto;fbk_kaunas;nerijus_barasa;isaffiliatedto;heart_of_midlothian_f.c.;5.2594543;1;3.9739761;1;4.3814673;1;0.600486165095339;0.6139466762542725
nerijus_barasa;isaffiliatedto;lithuania_national_football_team;nerijus_barasa;playsfor;fk_kareda_kaunas;nerijus_barasa;isaffiliatedto;heart_of_midlothian_f.c.;5.2594543;1;3.9739761;1;5.098047;3;2.7547429982916345;0.6089789867401123
arash_borhani;isaffiliatedto;iran_national_football_team;arash_borhani;isaffiliatedto;pas_tehran_f.c.;arash_borhani;isaffiliatedto;esteghlal_f.c.;5.156087;1;4.414963;1;4.0678854;1;0.4140913302760472;0.5616517066955566
arash_borhani;isaffiliatedto;iran_national_football_team;arash_borhani;playsfor;pas_tehran_f.c.;arash_borhani;isaffiliatedto;esteghlal_f.c.;5.156087;1;4.414963;1;4.126029;1;0.4282649217662439;0.5588104724884033
arash_borhani;isaffiliatedto;iran_national_football_team;arash_borhani;isaffiliatedto;pas_tehran_f.c.;arash_borhani;playsfor;pas_tehran_f.c.;5.156087;1;4.414963;1;4.5357337;2;1.530156087953657;0.5901470184326172
donald_w._riegle_jr.;isaffiliatedto;republican_party_(united_states);donald_w._riegle_jr.;graduatedfrom;university_of_michigan;donald_w._riegle_jr.;wasbornin;flint_michigan;5.2974887;1;5.241828;1;4.368461;1;0.2945542174039186;0.5754861831665039
donald_w._riegle_jr.;isaffiliatedto;republican_party_(united_states);donald_w._riegle_jr.;isaffiliatedto;democratic_party_(united_states);donald_w._riegle_jr.;wasbornin;flint_michigan;5.2974887;1;5.241828;1;4.944694;1;0.42625826867485656;0.5872447490692139
donald_w._riegle_jr.;isaffiliatedto;republican_party_(united_states);donald_w._riegle_jr.;wasbornin;flint_michigan;donald_w._riegle_jr.;graduatedfrom;michigan_state_university;5.2974887;1;5.241828;1;4.134101;1;0.24829487935100295;0.5999393463134766
donald_w._riegle_jr.;isaffiliatedto;republican_party_(united_states);donald_w._riegle_jr.;wasbornin;flint_michigan;donald_w._riegle_jr.;graduatedfrom;harvard_law_school;5.2974887;1;5.241828;1;5.8731775;1;0.6527954086329049;0.5803101062774658
donald_w._riegle_jr.;isaffiliatedto;republican_party_(united_states);donald_w._riegle_jr.;graduatedfrom;western_michigan_university;donald_w._riegle_jr.;wasbornin;flint_michigan;5.2974887;1;5.241828;1;4.366252;1;0.29409537448507117;0.564495325088501
donald_w._riegle_jr.;isaffiliatedto;republican_party_(united_states);donald_w._riegle_jr.;wasbornin;flint_michigan;donald_w._riegle_jr.;graduatedfrom;harvard_business_school;5.2974887;1;5.241828;1;5.318586;1;0.519180060838932;0.5691978931427002
donald_w._riegle_jr.;isaffiliatedto;republican_party_(united_states);donald_w._riegle_jr.;wasbornin;flint_michigan;donald_w._riegle_jr.;graduatedfrom;university_of_michigan–flint;5.2974887;1;5.241828;1;4.384197;1;0.29783459169206056;0.578657865524292
donald_w._riegle_jr.;isaffiliatedto;republican_party_(united_states);donald_w._riegle_jr.;wasbornin;flint_michigan;donald_w._riegle_jr.;hasgender;male;5.2974887;1;5.241828;1;4.6399755;1;0.35392000439905785;0.6046164035797119
donald_w._riegle_jr.;isaffiliatedto;republican_party_(united_states);donald_w._riegle_jr.;isaffiliatedto;democratic_party_(united_states);donald_w._riegle_jr.;graduatedfrom;university_of_michigan;5.2974887;1;5.241828;1;6.358672;1;0.7534028746409427;0.5674142837524414
donald_w._riegle_jr.;isaffiliatedto;republican_party_(united_states);donald_w._riegle_jr.;graduatedfrom;university_of_michigan;donald_w._riegle_jr.;graduatedfrom;michigan_state_university;5.2974887;1;5.241828;1;5.9393883;1;0.6676466397967171;0.5676031112670898
donald_w._riegle_jr.;isaffiliatedto;republican_party_(united_states);donald_w._riegle_jr.;graduatedfrom;university_of_michigan;donald_w._riegle_jr.;graduatedfrom;harvard_law_school;5.2974887;1;5.241828;1;5.557211;1;0.5781986332499207;0.5771970748901367
donald_w._riegle_jr.;isaffiliatedto;republican_party_(united_states);donald_w._riegle_jr.;graduatedfrom;western_michigan_university;donald_w._riegle_jr.;graduatedfrom;university_of_michigan;5.2974887;1;5.241828;1;4.1966715;1;0.2601562739292208;0.5764014720916748
david_sinclair_(footballer_born_1969);playsfor;falkirk_f.c.;david_sinclair_(footballer_born_1969);isaffiliatedto;millwall_f.c.;david_sinclair_(footballer_born_1969);isaffiliatedto;forfar_athletic_f.c.;2.5691595;1;4.4872303;17;3.7723308;15;-1.67148287376014;0.5947506427764893
david_sinclair_(footballer_born_1969);playsfor;falkirk_f.c.;david_sinclair_(footballer_born_1969);playsfor;forfar_athletic_f.c.;david_sinclair_(footballer_born_1969);isaffiliatedto;forfar_athletic_f.c.;2.5691595;1;4.4872303;17;3.8184319;4;-12.66123405911985;0.5972342491149902
david_sinclair_(footballer_born_1969);playsfor;falkirk_f.c.;david_sinclair_(footballer_born_1969);isaffiliatedto;raith_rovers_f.c.;david_sinclair_(footballer_born_1969);isaffiliatedto;forfar_athletic_f.c.;2.5691595;1;4.4872303;17;4.112774;16;-0.5925353626548423;0.6486613750457764
david_sinclair_(footballer_born_1969);playsfor;falkirk_f.c.;david_sinclair_(footballer_born_1969);isaffiliatedto;portadown_f.c.;david_sinclair_(footballer_born_1969);isaffiliatedto;forfar_athletic_f.c.;2.5691595;1;4.4872303;17;4.628577;14;-2.4647219824144924;0.7020623683929443
david_sinclair_(footballer_born_1969);playsfor;falkirk_f.c.;david_sinclair_(footballer_born_1969);isaffiliatedto;millwall_f.c.;david_sinclair_(footballer_born_1969);playsfor;forfar_athletic_f.c.;2.5691595;1;4.4872303;17;3.837842;10;-6.6568726072366164;0.6280257701873779
david_sinclair_(footballer_born_1969);playsfor;falkirk_f.c.;david_sinclair_(footballer_born_1969);isaffiliatedto;millwall_f.c.;david_sinclair_(footballer_born_1969);isaffiliatedto;raith_rovers_f.c.;2.5691595;1;4.4872303;17;4.1566677;15;-1.5818962577332056;0.5907163619995117
david_sinclair_(footballer_born_1969);playsfor;falkirk_f.c.;david_sinclair_(footballer_born_1969);isaffiliatedto;millwall_f.c.;david_sinclair_(footballer_born_1969);isaffiliatedto;portadown_f.c.;2.5691595;1;4.4872303;17;3.921273;10;-6.637829822707298;0.5679745674133301
david_sinclair_(footballer_born_1969);playsfor;falkirk_f.c.;david_sinclair_(footballer_born_1969);playsfor;forfar_athletic_f.c.;david_sinclair_(footballer_born_1969);isaffiliatedto;raith_rovers_f.c.;2.5691595;1;4.4872303;17;4.311467;10;-6.54382801021451;0.563323974609375
david_sinclair_(footballer_born_1969);playsfor;falkirk_f.c.;david_sinclair_(footballer_born_1969);isaffiliatedto;dundee_united_f.c.;david_sinclair_(footballer_born_1969);isaffiliatedto;forfar_athletic_f.c.;2.5691595;1;4.4872303;17;3.0187376;2;-14.81282818279606;0.5713591575622559
david_sinclair_(footballer_born_1969);playsfor;falkirk_f.c.;david_sinclair_(footballer_born_1969);isaffiliatedto;livingston_f.c.;david_sinclair_(footballer_born_1969);isaffiliatedto;forfar_athletic_f.c.;2.5691595;1;4.4872303;17;4.3036795;11;-5.5457593080223315;0.568251371383667
david_sinclair_(footballer_born_1969);playsfor;falkirk_f.c.;david_sinclair_(footballer_born_1969);isaffiliatedto;forfar_athletic_f.c.;david_sinclair_(footballer_born_1969);playsfor;raith_rovers_f.c.;2.5691595;1;4.4872303;17;4.736514;11;-5.437999790503745;0.5676391124725342
david_sinclair_(footballer_born_1969);playsfor;falkirk_f.c.;david_sinclair_(footballer_born_1969);isaffiliatedto;portadown_f.c.;david_sinclair_(footballer_born_1969);playsfor;forfar_athletic_f.c.;2.5691595;1;4.4872303;17;4.256011;12;-4.557548660481041;0.5690293312072754
david_sinclair_(footballer_born_1969);playsfor;falkirk_f.c.;david_sinclair_(footballer_born_1969);isaffiliatedto;portadown_f.c.;david_sinclair_(footballer_born_1969);isaffiliatedto;raith_rovers_f.c.;2.5691595;1;4.4872303;17;4.460709;13;-3.506629912870852;0.5672435760498047
david_sinclair_(footballer_born_1969);playsfor;falkirk_f.c.;david_sinclair_(footballer_born_1969);isaffiliatedto;millwall_f.c.;david_sinclair_(footballer_born_1969);isaffiliatedto;dundee_united_f.c.;2.5691595;1;4.4872303;17;4.9927616;14;-2.3762416733718674;0.5692734718322754
david_sinclair_(footballer_born_1969);playsfor;falkirk_f.c.;david_sinclair_(footballer_born_1969);isaffiliatedto;millwall_f.c.;david_sinclair_(footballer_born_1969);isaffiliatedto;livingston_f.c.;2.5691595;1;4.4872303;17;3.8185759;12;-4.661201800775563;0.5669295787811279
david_sinclair_(footballer_born_1969);playsfor;falkirk_f.c.;david_sinclair_(footballer_born_1969);playsfor;dundee_united_f.c.;david_sinclair_(footballer_born_1969);isaffiliatedto;forfar_athletic_f.c.;2.5691595;1;4.4872303;17;4.616016;16;-0.4678480238463537;0.5668215751647949
david_sinclair_(footballer_born_1969);playsfor;falkirk_f.c.;david_sinclair_(footballer_born_1969);isaffiliatedto;millwall_f.c.;david_sinclair_(footballer_born_1969);playsfor;raith_rovers_f.c.;2.5691595;1;4.4872303;17;4.0881596;16;-0.5984643748902175;0.5600888729095459
david_sinclair_(footballer_born_1969);playsfor;falkirk_f.c.;david_sinclair_(footballer_born_1969);isaffiliatedto;dundee_united_f.c.;david_sinclair_(footballer_born_1969);playsfor;forfar_athletic_f.c.;2.5691595;1;4.4872303;17;3.5916018;7;-9.710050320457237;0.5727031230926514
david_sinclair_(footballer_born_1969);playsfor;falkirk_f.c.;david_sinclair_(footballer_born_1969);playsfor;forfar_athletic_f.c.;david_sinclair_(footballer_born_1969);isaffiliatedto;livingston_f.c.;2.5691595;1;4.4872303;17;4.175728;14;-2.577251951333198;0.6017448902130127
david_sinclair_(footballer_born_1969);playsfor;falkirk_f.c.;david_sinclair_(footballer_born_1969);isaffiliatedto;dundee_united_f.c.;david_sinclair_(footballer_born_1969);isaffiliatedto;raith_rovers_f.c.;2.5691595;1;4.4872303;17;3.606812;6;-10.706908895761172;0.5616240501403809
david_sinclair_(footballer_born_1969);playsfor;falkirk_f.c.;david_sinclair_(footballer_born_1969);playsfor;forfar_athletic_f.c.;david_sinclair_(footballer_born_1969);playsfor;raith_rovers_f.c.;2.5691595;1;4.4872303;17;4.0630684;10;-6.6044787284378375;0.5600347518920898
david_sinclair_(footballer_born_1969);playsfor;falkirk_f.c.;david_sinclair_(footballer_born_1969);isaffiliatedto;raith_rovers_f.c.;david_sinclair_(footballer_born_1969);isaffiliatedto;livingston_f.c.;2.5691595;1;4.4872303;17;4.9125233;14;-2.3952508855134726;0.562241792678833
david_sinclair_(footballer_born_1969);playsfor;falkirk_f.c.;david_sinclair_(footballer_born_1969);isaffiliatedto;raith_rovers_f.c.;david_sinclair_(footballer_born_1969);playsfor;raith_rovers_f.c.;2.5691595;1;4.4872303;17;4.370549;11;-5.52913722488871;0.5683774948120117
david_sinclair_(footballer_born_1969);playsfor;falkirk_f.c.;david_sinclair_(footballer_born_1969);playsfor;livingston_f.c.;david_sinclair_(footballer_born_1969);isaffiliatedto;forfar_athletic_f.c.;2.5691595;1;4.4872303;17;3.7818937;4;-12.669369894785577;0.5730018615722656
david_sinclair_(footballer_born_1969);playsfor;falkirk_f.c.;david_sinclair_(footballer_born_1969);isaffiliatedto;dundee_united_f.c.;david_sinclair_(footballer_born_1969);isaffiliatedto;portadown_f.c.;2.5691595;1;4.4872303;17;4.0150595;13;-3.615897433818049;0.570669412612915
david_sinclair_(footballer_born_1969);playsfor;falkirk_f.c.;david_sinclair_(footballer_born_1969);isaffiliatedto;portadown_f.c.;david_sinclair_(footballer_born_1969);isaffiliatedto;livingston_f.c.;2.5691595;1;4.4872303;17;3.4792817;8;-8.732618502348714;0.5534255504608154
david_sinclair_(footballer_born_1969);playsfor;falkirk_f.c.;david_sinclair_(footballer_born_1969);isaffiliatedto;portadown_f.c.;david_sinclair_(footballer_born_1969);playsfor;raith_rovers_f.c.;2.5691595;1;4.4872303;17;3.0350204;2;-14.810338314373539;0.5640842914581299
david_sinclair_(footballer_born_1969);playsfor;falkirk_f.c.;david_sinclair_(footballer_born_1969);isaffiliatedto;millwall_f.c.;david_sinclair_(footballer_born_1969);playsfor;dundee_united_f.c.;2.5691595;1;4.4872303;17;3.6178503;16;-0.7046166719483036;0.558739185333252
david_sinclair_(footballer_born_1969);playsfor;falkirk_f.c.;david_sinclair_(footballer_born_1969);playsfor;forfar_athletic_f.c.;david_sinclair_(footballer_born_1969);playsfor;dundee_united_f.c.;2.5691595;1;4.4872303;17;4.2983017;14;-2.5470921585975534;0.5643100738525391
david_sinclair_(footballer_born_1969);playsfor;falkirk_f.c.;david_sinclair_(footballer_born_1969);playsfor;dundee_united_f.c.;david_sinclair_(footballer_born_1969);isaffiliatedto;raith_rovers_f.c.;2.5691595;1;4.4872303;17;3.526352;9;-7.72329763539983;0.5592799186706543
david_sinclair_(footballer_born_1969);playsfor;falkirk_f.c.;david_sinclair_(footballer_born_1969);playsfor;livingston_f.c.;david_sinclair_(footballer_born_1969);isaffiliatedto;millwall_f.c.;2.5691595;1;4.4872303;17;3.9557414;16;-0.6298303061865047;0.5647614002227783
david_sinclair_(footballer_born_1969);playsfor;falkirk_f.c.;david_sinclair_(footballer_born_1969);isaffiliatedto;portadown_f.c.;david_sinclair_(footballer_born_1969);playsfor;dundee_united_f.c.;2.5691595;1;4.4872303;17;3.589212;8;-8.710542104854788;0.5997250080108643
david_sinclair_(footballer_born_1969);playsfor;falkirk_f.c.;david_sinclair_(footballer_born_1969);isaffiliatedto;dundee_united_f.c.;david_sinclair_(footballer_born_1969);isaffiliatedto;livingston_f.c.;2.5691595;1;4.4872303;17;4.9137325;17;0.6050381241551123;0.5596673488616943
david_sinclair_(footballer_born_1969);playsfor;falkirk_f.c.;david_sinclair_(footballer_born_1969);isaffiliatedto;dundee_united_f.c.;david_sinclair_(footballer_born_1969);playsfor;raith_rovers_f.c.;2.5691595;1;4.4872303;17;4.0375824;19;2.389444483422509;0.5706536769866943
jorge_domínguez;playsfor;argentina_national_football_team;jorge_domínguez;playsfor;deportivo_laferrere;jorge_domínguez;isaffiliatedto;sporting_toulon_var;5.4808292;1;6.012468;97;5.1085343;9;-87.7117571720136;0.5798375606536865
jorge_domínguez;playsfor;argentina_national_football_team;jorge_domínguez;isaffiliatedto;boca_juniors;jorge_domínguez;isaffiliatedto;sporting_toulon_var;5.4808292;1;6.012468;97;5.124662;5;-91.7084371879096;0.5897157192230225
jorge_domínguez;playsfor;argentina_national_football_team;jorge_domínguez;isaffiliatedto;deportivo_laferrere;jorge_domínguez;isaffiliatedto;sporting_toulon_var;5.4808292;1;6.012468;97;5.412919;35;-61.64555307581052;0.5845906734466553
jorge_domínguez;playsfor;argentina_national_football_team;jorge_domínguez;isaffiliatedto;boca_juniors;jorge_domínguez;playsfor;deportivo_laferrere;5.4808292;1;6.012468;97;5.42226;23;-73.64341288142464;0.5800166130065918
jorge_domínguez;playsfor;argentina_national_football_team;jorge_domínguez;playsfor;club_de_gimnasia_y_esgrima_la_plata;jorge_domínguez;isaffiliatedto;sporting_toulon_var;5.4808292;1;6.012468;97;4.960634;4;-92.74112685091377;0.5736639499664307
jorge_domínguez;playsfor;argentina_national_football_team;jorge_domínguez;isaffiliatedto;deportivo_laferrere;jorge_domínguez;playsfor;deportivo_laferrere;5.4808292;1;6.012468;97;4.8259106;3;-93.7661247734706;0.5769875049591064
jorge_domínguez;playsfor;argentina_national_football_team;jorge_domínguez;playsfor;ogc_nice;jorge_domínguez;isaffiliatedto;sporting_toulon_var;5.4808292;1;6.012468;97;5.315364;9;-87.66754537418538;0.5812973976135254
jorge_domínguez;playsfor;argentina_national_football_team;jorge_domínguez;playsfor;club_de_gimnasia_y_esgrima_la_plata;jorge_domínguez;playsfor;deportivo_laferrere;5.4808292;1;6.012468;97;4.95722;6;-90.74178134369863;0.5752770900726318
jorge_domínguez;playsfor;argentina_national_football_team;jorge_domínguez;playsfor;ogc_nice;jorge_domínguez;playsfor;deportivo_laferrere;5.4808292;1;6.012468;97;5.607877;26;-70.59979021577813;0.5758664608001709
jorge_domínguez;playsfor;argentina_national_football_team;jorge_domínguez;isaffiliatedto;nîmes_olympique_f.c.;jorge_domínguez;isaffiliatedto;sporting_toulon_var;5.4808292;1;6.012468;97;5.3484507;23;-73.66016221862652;0.594780445098877
jorge_domínguez;playsfor;argentina_national_football_team;jorge_domínguez;playsfor;boca_juniors;jorge_domínguez;isaffiliatedto;sporting_toulon_var;5.4808292;1;6.012468;97;5.2501793;16;-80.68185040083964;0.6147816181182861
jorge_domínguez;playsfor;argentina_national_football_team;jorge_domínguez;playsfor;sporting_toulon_var;jorge_domínguez;isaffiliatedto;sporting_toulon_var;5.4808292;1;6.012468;97;5.376236;26;-70.65390118030662;0.6335482597351074
jorge_domínguez;playsfor;argentina_national_football_team;jorge_domínguez;playsfor;textil_mandiyú;jorge_domínguez;isaffiliatedto;sporting_toulon_var;5.4808292;1;6.012468;97;4.932271;4;-92.74653123497521;0.6107437610626221
jorge_domínguez;playsfor;argentina_national_football_team;jorge_domínguez;isaffiliatedto;nîmes_olympique_f.c.;jorge_domínguez;playsfor;deportivo_laferrere;5.4808292;1;6.012468;97;4.4796257;8;-88.8224217755253;0.5762722492218018
jorge_domínguez;playsfor;argentina_national_football_team;jorge_domínguez;isaffiliatedto;deportivo_laferrere;jorge_domínguez;isaffiliatedto;boca_juniors;5.4808292;1;6.012468;97;5.660127;44;-52.58718507682678;0.5963723659515381
jorge_domínguez;playsfor;argentina_national_football_team;jorge_domínguez;playsfor;boca_juniors;jorge_domínguez;playsfor;deportivo_laferrere;5.4808292;1;6.012468;97;4.9721594;5;-91.7389095222534;0.587695837020874
jorge_domínguez;playsfor;argentina_national_football_team;jorge_domínguez;isaffiliatedto;sporting_toulon_var;jorge_domínguez;playsfor;nîmes_olympique;5.4808292;1;6.012468;97;4.8192043;2;-94.76732423592533;0.5708339214324951
jorge_domínguez;playsfor;argentina_national_football_team;jorge_domínguez;isaffiliatedto;club_de_gimnasia_y_esgrima_la_plata;jorge_domínguez;isaffiliatedto;sporting_toulon_var;5.4808292;1;6.012468;97;5.1755133;10;-86.69782343082451;0.5836894512176514
jorge_domínguez;playsfor;argentina_national_football_team;jorge_domínguez;isaffiliatedto;ogc_nice;jorge_domínguez;isaffiliatedto;sporting_toulon_var;5.4808292;1;6.012468;97;5.1331587;3;-93.70667904522693;0.5834009647369385
jorge_domínguez;playsfor;argentina_national_football_team;jorge_domínguez;hasgender;male;jorge_domínguez;isaffiliatedto;sporting_toulon_var;5.4808292;1;6.012468;97;5.016556;2;-94.73025408503702;0.6072261333465576
jorge_domínguez;playsfor;argentina_national_football_team;jorge_domínguez;playsfor;sporting_toulon_var;jorge_domínguez;playsfor;deportivo_laferrere;5.4808292;1;6.012468;97;5.3212104;27;-69.66624660032411;0.5925323963165283
jorge_domínguez;playsfor;argentina_national_football_team;jorge_domínguez;isaffiliatedto;sporting_toulon_var;jorge_domínguez;wasbornin;buenos_aires;5.4808292;1;6.012468;97;4.9510975;3;-93.74295233821273;0.5644712448120117
jorge_domínguez;playsfor;argentina_national_football_team;jorge_domínguez;playsfor;textil_mandiyú;jorge_domínguez;playsfor;deportivo_laferrere;5.4808292;1;6.012468;97;5.07368;6;-90.7188547613664;0.5708332061767578
jorge_domínguez;playsfor;argentina_national_football_team;jorge_domínguez;playsfor;tours_fc;jorge_domínguez;isaffiliatedto;sporting_toulon_var;5.4808292;1;6.012468;97;5.3507824;29;-67.6596389034871;0.5892889499664307
jorge_domínguez;playsfor;argentina_national_football_team;jorge_domínguez;isaffiliatedto;tours_fc;jorge_domínguez;isaffiliatedto;sporting_toulon_var;5.4808292;1;6.012468;97;5.174974;7;-89.69793713926106;0.5904271602630615
jorge_domínguez;playsfor;argentina_national_football_team;jorge_domínguez;playsfor;club_de_gimnasia_y_esgrima_la_plata;jorge_domínguez;isaffiliatedto;boca_juniors;5.4808292;1;6.012468;97;5.194931;7;-89.69371322766398;0.6113512516021729
jorge_domínguez;playsfor;argentina_national_football_team;jorge_domínguez;isaffiliatedto;sporting_toulon_var;jorge_domínguez;isaffiliatedto;textil_mandiyú;5.4808292;1;6.012468;97;5.6327076;41;-55.59381528055069;0.6027135848999023
jorge_domínguez;playsfor;argentina_national_football_team;jorge_domínguez;isaffiliatedto;tours_f.c.;jorge_domínguez;isaffiliatedto;sporting_toulon_var;5.4808292;1;6.012468;97;4.729687;4;-92.78292273234717;0.569202184677124
jorge_domínguez;playsfor;argentina_national_football_team;jorge_domínguez;isaffiliatedto;argentina_national_football_team;jorge_domínguez;isaffiliatedto;sporting_toulon_var;5.4808292;1;6.012468;97;5.2987905;4;-92.67121322239363;0.5878567695617676
jorge_domínguez;playsfor;argentina_national_football_team;jorge_domínguez;isaffiliatedto;deportivo_laferrere;jorge_domínguez;playsfor;club_de_gimnasia_y_esgrima_la_plata;5.4808292;1;6.012468;97;5.880865;93;-3.532853288418017;0.5998978614807129
jorge_domínguez;playsfor;argentina_national_football_team;jorge_domínguez;playsfor;deportivo_laferrere;jorge_domínguez;playsfor;nîmes_olympique;5.4808292;1;6.012468;97;5.1438007;7;-89.7044682789149;0.6065809726715088
jorge_domínguez;playsfor;argentina_national_football_team;jorge_domínguez;isaffiliatedto;club_de_gimnasia_y_esgrima_la_plata;jorge_domínguez;playsfor;deportivo_laferrere;5.4808292;1;6.012468;97;5.542416;58;-38.61539600850386;0.6038303375244141
jorge_domínguez;playsfor;argentina_national_football_team;jorge_domínguez;playsfor;ogc_nice;jorge_domínguez;isaffiliatedto;boca_juniors;5.4808292;1;6.012468;97;5.49226;26;-70.62719637477558;0.5916156768798828
jorge_domínguez;playsfor;argentina_national_football_team;jorge_domínguez;isaffiliatedto;ogc_nice;jorge_domínguez;playsfor;deportivo_laferrere;5.4808292;1;6.012468;97;5.501696;24;-72.62498737358008;0.5667531490325928
jorge_domínguez;playsfor;argentina_national_football_team;jorge_domínguez;hasgender;male;jorge_domínguez;playsfor;deportivo_laferrere;5.4808292;1;6.012468;97;5.017112;5;-91.73014454998885;0.5909523963928223
jorge_domínguez;playsfor;argentina_national_football_team;jorge_domínguez;playsfor;deportivo_laferrere;jorge_domínguez;wasbornin;buenos_aires;5.4808292;1;6.012468;97;4.4822702;2;-94.82203522659547;0.568260669708252
jorge_domínguez;playsfor;argentina_national_football_team;jorge_domínguez;isaffiliatedto;deportivo_laferrere;jorge_domínguez;playsfor;ogc_nice;5.4808292;1;6.012468;97;5.6751823;68;-28.583530992640792;0.5704889297485352
jorge_domínguez;playsfor;argentina_national_football_team;jorge_domínguez;playsfor;tours_fc;jorge_domínguez;playsfor;deportivo_laferrere;5.4808292;1;6.012468;97;5.4257927;27;-69.64260191153076;0.5688068866729736
jorge_domínguez;playsfor;argentina_national_football_team;jorge_domínguez;isaffiliatedto;tours_fc;jorge_domínguez;playsfor;deportivo_laferrere;5.4808292;1;6.012468;97;5.4936824;28;-68.62686372631403;0.5723047256469727
jorge_domínguez;playsfor;argentina_national_football_team;jorge_domínguez;playsfor;deportivo_laferrere;jorge_domínguez;isaffiliatedto;textil_mandiyú;5.4808292;1;6.012468;97;5.6552444;59;-37.58836815853533;0.588280439376831
jorge_domínguez;playsfor;argentina_national_football_team;jorge_domínguez;isaffiliatedto;tours_f.c.;jorge_domínguez;playsfor;deportivo_laferrere;5.4808292;1;6.012468;97;4.6668034;2;-94.79341992329921;0.5894415378570557
jorge_domínguez;playsfor;argentina_national_football_team;jorge_domínguez;isaffiliatedto;argentina_national_football_team;jorge_domínguez;playsfor;deportivo_laferrere;5.4808292;1;6.012468;97;5.7604737;60;-36.56266726397006;0.5785129070281982
jorge_domínguez;playsfor;argentina_national_football_team;jorge_domínguez;playsfor;club_de_gimnasia_y_esgrima_la_plata;jorge_domínguez;playsfor;ogc_nice;5.4808292;1;6.012468;97;5.3228135;11;-85.66589003084023;0.5814454555511475
jorge_domínguez;playsfor;argentina_national_football_team;jorge_domínguez;isaffiliatedto;nîmes_olympique_f.c.;jorge_domínguez;isaffiliatedto;boca_juniors;5.4808292;1;6.012468;97;5.467622;38;-58.63293901247057;0.5632455348968506
jorge_domínguez;playsfor;argentina_national_football_team;jorge_domínguez;isaffiliatedto;deportivo_laferrere;jorge_domínguez;isaffiliatedto;nîmes_olympique_f.c.;5.4808292;1;6.012468;97;4.775374;4;-92.77505776488248;0.573049783706665
jorge_domínguez;playsfor;argentina_national_football_team;jorge_domínguez;playsfor;boca_juniors;jorge_domínguez;isaffiliatedto;boca_juniors;5.4808292;1;6.012468;97;5.559204;22;-74.61141494124384;0.5588881969451904
jorge_domínguez;playsfor;argentina_national_football_team;jorge_domínguez;isaffiliatedto;deportivo_laferrere;jorge_domínguez;playsfor;boca_juniors;5.4808292;1;6.012468;97;5.1996417;16;-80.69271141394918;0.5708656311035156
jorge_domínguez;playsfor;argentina_national_football_team;jorge_domínguez;playsfor;sporting_toulon_var;jorge_domínguez;isaffiliatedto;boca_juniors;5.4808292;1;6.012468;97;5.405864;26;-70.6471657625865;0.5640194416046143
jorge_domínguez;playsfor;argentina_national_football_team;jorge_domínguez;playsfor;textil_mandiyú;jorge_domínguez;isaffiliatedto;boca_juniors;5.4808292;1;6.012468;97;5.697949;65;-31.577987895351256;0.5662035942077637
jorge_domínguez;playsfor;argentina_national_football_team;jorge_domínguez;isaffiliatedto;deportivo_laferrere;jorge_domínguez;playsfor;sporting_toulon_var;5.4808292;1;6.012468;97;5.13514;16;-80.70626819441087;0.5794548988342285
jorge_domínguez;playsfor;argentina_national_football_team;jorge_domínguez;isaffiliatedto;deportivo_laferrere;jorge_domínguez;playsfor;textil_mandiyú;5.4808292;1;6.012468;97;5.4365673;15;-81.64012357952373;0.5594055652618408
jorge_domínguez;playsfor;argentina_national_football_team;jorge_domínguez;playsfor;club_de_gimnasia_y_esgrima_la_plata;jorge_domínguez;isaffiliatedto;nîmes_olympique_f.c.;5.4808292;1;6.012468;97;5.665783;47;-49.58581345357225;0.563835859298706
jorge_domínguez;playsfor;argentina_national_football_team;jorge_domínguez;playsfor;club_de_gimnasia_y_esgrima_la_plata;jorge_domínguez;playsfor;boca_juniors;5.4808292;1;6.012468;97;5.5256395;35;-61.6193589831734;0.5668301582336426
jorge_domínguez;playsfor;argentina_national_football_team;jorge_domínguez;isaffiliatedto;boca_juniors;jorge_domínguez;playsfor;nîmes_olympique;5.4808292;1;6.012468;97;5.0204544;8;-88.72948543381058;0.5724380016326904
jorge_domínguez;playsfor;argentina_national_football_team;jorge_domínguez;isaffiliatedto;boca_juniors;jorge_domínguez;isaffiliatedto;club_de_gimnasia_y_esgrima_la_plata;5.4808292;1;6.012468;97;5.300499;6;-90.67083606841065;0.5811576843261719
jorge_domínguez;playsfor;argentina_national_football_team;jorge_domínguez;isaffiliatedto;boca_juniors;jorge_domínguez;isaffiliatedto;ogc_nice;5.4808292;1;6.012468;97;5.019765;7;-89.72962147703998;0.5740554332733154
jorge_domínguez;playsfor;argentina_national_football_team;jorge_domínguez;hasgender;male;jorge_domínguez;isaffiliatedto;boca_juniors;5.4808292;1;6.012468;97;5.111;7;-89.7112510425845;0.6001334190368652
jorge_domínguez;playsfor;argentina_national_football_team;jorge_domínguez;isaffiliatedto;deportivo_laferrere;jorge_domínguez;playsfor;nîmes_olympique;5.4808292;1;6.012468;97;5.39047;38;-58.6506727880825;0.5699234008789062
jorge_domínguez;playsfor;argentina_national_football_team;jorge_domínguez;isaffiliatedto;nîmes_olympique_f.c.;jorge_domínguez;playsfor;ogc_nice;5.4808292;1;6.012468;97;5.4314857;32;-64.641293381112;0.5817568302154541
jorge_domínguez;playsfor;argentina_national_football_team;jorge_domínguez;isaffiliatedto;boca_juniors;jorge_domínguez;wasbornin;buenos_aires;5.4808292;1;6.012468;97;5.660456;55;-41.587105321071135;0.5823342800140381
jorge_domínguez;playsfor;argentina_national_football_team;jorge_domínguez;isaffiliatedto;deportivo_laferrere;jorge_domínguez;isaffiliatedto;club_de_gimnasia_y_esgrima_la_plata;5.4808292;1;6.012468;97;5.81619;70;-26.548912594367884;0.5724616050720215
jorge_domínguez;playsfor;argentina_national_football_team;jorge_domínguez;playsfor;club_de_gimnasia_y_esgrima_la_plata;jorge_domínguez;playsfor;sporting_toulon_var;5.4808292;1;6.012468;97;5.4749203;24;-72.63124174009221;0.5678517818450928
jorge_domínguez;playsfor;argentina_national_football_team;jorge_domínguez;isaffiliatedto;deportivo_laferrere;jorge_domínguez;isaffiliatedto;ogc_nice;5.4808292;1;6.012468;97;4.9942417;4;-92.73462693036019;0.5936257839202881
jorge_domínguez;playsfor;argentina_national_football_team;jorge_domínguez;isaffiliatedto;deportivo_laferrere;jorge_domínguez;hasgender;male;5.4808292;1;6.012468;97;5.222766;19;-77.68776732744398;0.6071510314941406
jorge_domínguez;playsfor;argentina_national_football_team;jorge_domínguez;playsfor;tours_fc;jorge_domínguez;isaffiliatedto;boca_juniors;5.4808292;1;6.012468;97;5.9238243;90;-6.522146388016119;0.5768654346466064
jorge_domínguez;playsfor;argentina_national_football_team;jorge_domínguez;playsfor;textil_mandiyú;jorge_domínguez;playsfor;club_de_gimnasia_y_esgrima_la_plata;5.4808292;1;6.012468;97;5.6762757;52;-44.583265250527525;0.5698297023773193
jorge_domínguez;playsfor;argentina_national_football_team;jorge_domínguez;isaffiliatedto;tours_fc;jorge_domínguez;isaffiliatedto;boca_juniors;5.4808292;1;6.012468;97;5.299705;15;-81.67101135716369;0.5722763538360596
jorge_domínguez;playsfor;argentina_national_football_team;jorge_domínguez;isaffiliatedto;deportivo_laferrere;jorge_domínguez;wasbornin;buenos_aires;5.4808292;1;6.012468;97;5.6503572;62;-34.589551258190234;0.5747735500335693
jorge_domínguez;playsfor;argentina_national_football_team;jorge_domínguez;playsfor;ogc_nice;jorge_domínguez;playsfor;boca_juniors;5.4808292;1;6.012468;97;5.3523207;18;-78.65929345188916;0.5857644081115723
jorge_domínguez;playsfor;argentina_national_football_team;jorge_domínguez;isaffiliatedto;deportivo_laferrere;jorge_domínguez;playsfor;tours_fc;5.4808292;1;6.012468;97;5.1649055;10;-86.700055532128;0.5932316780090332
jorge_domínguez;playsfor;argentina_national_football_team;jorge_domínguez;isaffiliatedto;boca_juniors;jorge_domínguez;isaffiliatedto;textil_mandiyú;5.4808292;1;6.012468;97;5.7228546;68;-28.571901446738238;0.5820066928863525
jorge_domínguez;playsfor;argentina_national_football_team;jorge_domínguez;isaffiliatedto;boca_juniors;jorge_domínguez;isaffiliatedto;tours_f.c.;5.4808292;1;6.012468;97;4.7447276;6;-90.78035567051337;0.5727555751800537
jorge_domínguez;playsfor;argentina_national_football_team;jorge_domínguez;isaffiliatedto;argentina_national_football_team;jorge_domínguez;isaffiliatedto;boca_juniors;5.4808292;1;6.012468;97;5.157435;8;-88.7016218455934;0.566300630569458
jorge_domínguez;playsfor;argentina_national_football_team;jorge_domínguez;isaffiliatedto;deportivo_laferrere;jorge_domínguez;isaffiliatedto;tours_fc;5.4808292;1;6.012468;97;5.5280514;54;-42.618790219602964;0.5659980773925781
jorge_domínguez;playsfor;argentina_national_football_team;jorge_domínguez;isaffiliatedto;deportivo_laferrere;jorge_domínguez;isaffiliatedto;textil_mandiyú;5.4808292;1;6.012468;97;5.4473066;46;-50.637645905800724;0.5931050777435303
jorge_domínguez;playsfor;argentina_national_football_team;jorge_domínguez;isaffiliatedto;deportivo_laferrere;jorge_domínguez;isaffiliatedto;tours_f.c.;5.4808292;1;6.012468;97;5.5481143;58;-38.61404645239033;0.6072778701782227
jorge_domínguez;playsfor;argentina_national_football_team;jorge_domínguez;isaffiliatedto;argentina_national_football_team;jorge_domínguez;isaffiliatedto;deportivo_laferrere;5.4808292;1;6.012468;97;5.751407;59;-37.564897021076;0.5658907890319824
jorge_domínguez;playsfor;argentina_national_football_team;jorge_domínguez;playsfor;sporting_toulon_var;jorge_domínguez;playsfor;ogc_nice;5.4808292;1;6.012468;97;5.3784633;27;-69.65339693610439;0.5640072822570801
jorge_domínguez;playsfor;argentina_national_football_team;jorge_domínguez;playsfor;textil_mandiyú;jorge_domínguez;playsfor;ogc_nice;5.4808292;1;6.012468;97;5.2196493;13;-83.68843620649896;0.5560307502746582
jorge_domínguez;playsfor;argentina_national_football_team;jorge_domínguez;playsfor;club_de_gimnasia_y_esgrima_la_plata;jorge_domínguez;playsfor;nîmes_olympique;5.4808292;1;6.012468;97;5.0611696;6;-90.72137618897757;0.5782914161682129
jorge_domínguez;playsfor;argentina_national_football_team;jorge_domínguez;playsfor;club_de_gimnasia_y_esgrima_la_plata;jorge_domínguez;isaffiliatedto;club_de_gimnasia_y_esgrima_la_plata;5.4808292;1;6.012468;97;5.6277266;32;-64.5950161374788;0.5633800029754639
jorge_domínguez;playsfor;argentina_national_football_team;jorge_domínguez;playsfor;club_de_gimnasia_y_esgrima_la_plata;jorge_domínguez;isaffiliatedto;ogc_nice;5.4808292;1;6.012468;97;4.9775476;4;-92.73786866970715;0.5628499984741211
jorge_domínguez;playsfor;argentina_national_football_team;jorge_domínguez;playsfor;club_de_gimnasia_y_esgrima_la_plata;jorge_domínguez;hasgender;male;5.4808292;1;6.012468;97;5.586276;59;-37.60496394136652;0.5866291522979736
jorge_domínguez;playsfor;argentina_national_football_team;jorge_domínguez;playsfor;club_de_gimnasia_y_esgrima_la_plata;jorge_domínguez;wasbornin;buenos_aires;5.4808292;1;6.012468;97;5.3834715;10;-86.65226185782731;0.5704255104064941
jorge_domínguez;playsfor;argentina_national_football_team;jorge_domínguez;playsfor;club_de_gimnasia_y_esgrima_la_plata;jorge_domínguez;playsfor;tours_fc;5.4808292;1;6.012468;97;5.1411743;7;-89.70501478645276;0.5615696907043457
jorge_domínguez;playsfor;argentina_national_football_team;jorge_domínguez;isaffiliatedto;tours_fc;jorge_domínguez;playsfor;club_de_gimnasia_y_esgrima_la_plata;5.4808292;1;6.012468;97;5.5089245;26;-70.62329167589087;0.5617520809173584
jorge_domínguez;playsfor;argentina_national_football_team;jorge_domínguez;playsfor;club_de_gimnasia_y_esgrima_la_plata;jorge_domínguez;isaffiliatedto;textil_mandiyú;5.4808292;1;6.012468;97;5.4540415;8;-88.63608835689026;0.5670757293701172
jorge_domínguez;playsfor;argentina_national_football_team;jorge_domínguez;playsfor;club_de_gimnasia_y_esgrima_la_plata;jorge_domínguez;isaffiliatedto;tours_f.c.;5.4808292;1;6.012468;97;5.4736977;42;-54.63152628829234;0.5628986358642578
jorge_domínguez;playsfor;argentina_national_football_team;jorge_domínguez;isaffiliatedto;argentina_national_football_team;jorge_domínguez;playsfor;club_de_gimnasia_y_esgrima_la_plata;5.4808292;1;6.012468;97;5.592223;25;-71.6035418014485;0.5703809261322021
jorge_domínguez;playsfor;argentina_national_football_team;jorge_domínguez;playsfor;ogc_nice;jorge_domínguez;playsfor;nîmes_olympique;5.4808292;1;6.012468;97;5.518048;37;-59.62114712936322;0.5840303897857666
jorge_domínguez;playsfor;argentina_national_football_team;jorge_domínguez;playsfor;ogc_nice;jorge_domínguez;isaffiliatedto;club_de_gimnasia_y_esgrima_la_plata;5.4808292;1;6.012468;97;5.173419;18;-78.69826485763667;0.564579963684082
jorge_domínguez;playsfor;argentina_national_football_team;jorge_domínguez;playsfor;ogc_nice;jorge_domínguez;isaffiliatedto;ogc_nice;5.4808292;1;6.012468;97;5.7148056;56;-40.573870937175194;0.5984046459197998
jorge_domínguez;playsfor;argentina_national_football_team;jorge_domínguez;hasgender;male;jorge_domínguez;playsfor;ogc_nice;5.4808292;1;6.012468;97;4.8367147;2;-94.76418334380446;0.5870144367218018
jorge_domínguez;playsfor;argentina_national_football_team;jorge_domínguez;isaffiliatedto;nîmes_olympique_f.c.;jorge_domínguez;playsfor;boca_juniors;5.4808292;1;6.012468;97;5.131175;6;-90.7070900535045;0.5797290802001953
jorge_domínguez;playsfor;argentina_national_football_team;jorge_domínguez;playsfor;ogc_nice;jorge_domínguez;wasbornin;buenos_aires;5.4808292;1;6.012468;97;5.009031;4;-92.73173380524732;0.612034797668457
jorge_domínguez;playsfor;argentina_national_football_team;jorge_domínguez;playsfor;ogc_nice;jorge_domínguez;playsfor;tours_fc;5.4808292;1;6.012468;97;5.083091;4;-92.71694889124173;0.6236920356750488
jorge_domínguez;playsfor;argentina_national_football_team;jorge_domínguez;isaffiliatedto;tours_fc;jorge_domínguez;playsfor;ogc_nice;5.4808292;1;6.012468;97;5.5280766;16;-80.61878425811406;0.6163713932037354
jorge_domínguez;playsfor;argentina_national_football_team;jorge_domínguez;playsfor;ogc_nice;jorge_domínguez;isaffiliatedto;textil_mandiyú;5.4808292;1;6.012468;97;4.744154;2;-94.78045397615774;0.5691111087799072
jorge_domínguez;playsfor;argentina_national_football_team;jorge_domínguez;playsfor;ogc_nice;jorge_domínguez;isaffiliatedto;tours_f.c.;5.4808292;1;6.012468;97;4.936421;6;-90.74574517545892;0.5825381278991699
jorge_domínguez;playsfor;argentina_national_football_team;jorge_domínguez;playsfor;sporting_toulon_var;jorge_domínguez;isaffiliatedto;nîmes_olympique_f.c.;5.4808292;1;6.012468;97;4.723096;6;-90.7840408691602;0.5686671733856201
jorge_domínguez;playsfor;argentina_national_football_team;jorge_domínguez;isaffiliatedto;argentina_national_football_team;jorge_domínguez;playsfor;ogc_nice;5.4808292;1;6.012468;97;5.276539;24;-72.67610500264284;0.5630800724029541
jorge_domínguez;playsfor;argentina_national_football_team;jorge_domínguez;playsfor;textil_mandiyú;jorge_domínguez;isaffiliatedto;nîmes_olympique_f.c.;5.4808292;1;6.012468;97;5.3255186;19;-77.66528792964432;0.5706441402435303
jorge_domínguez;playsfor;argentina_national_football_team;jorge_domínguez;playsfor;sporting_toulon_var;jorge_domínguez;playsfor;boca_juniors;5.4808292;1;6.012468;97;4.789548;3;-93.77257699654396;0.571361780166626
jorge_domínguez;playsfor;argentina_national_football_team;jorge_domínguez;playsfor;textil_mandiyú;jorge_domínguez;playsfor;boca_juniors;5.4808292;1;6.012468;97;5.283379;23;-73.67460528049983;0.5738766193389893
jorge_domínguez;playsfor;argentina_national_football_team;jorge_domínguez;playsfor;textil_mandiyú;jorge_domínguez;playsfor;sporting_toulon_var;5.4808292;1;6.012468;97;4.7587976;7;-89.77793454640198;0.5733165740966797
jorge_domínguez;playsfor;argentina_national_football_team;jorge_domínguez;isaffiliatedto;nîmes_olympique_f.c.;jorge_domínguez;playsfor;nîmes_olympique;5.4808292;1;6.012468;97;5.140351;15;-81.70518601949054;0.5679929256439209
jorge_domínguez;playsfor;argentina_national_football_team;jorge_domínguez;isaffiliatedto;nîmes_olympique_f.c.;jorge_domínguez;isaffiliatedto;club_de_gimnasia_y_esgrima_la_plata;5.4808292;1;6.012468;97;5.1027775;4;-92.7129368007651;0.5744550228118896
jorge_domínguez;playsfor;argentina_national_football_team;jorge_domínguez;isaffiliatedto;nîmes_olympique_f.c.;jorge_domínguez;isaffiliatedto;ogc_nice;5.4808292;1;6.012468;97;4.867134;5;-91.75865757863158;0.5704460144042969
jorge_domínguez;playsfor;argentina_national_football_team;jorge_domínguez;hasgender;male;jorge_domínguez;isaffiliatedto;nîmes_olympique_f.c.;5.4808292;1;6.012468;97;5.2814975;14;-82.67501818025247;0.594071626663208
jorge_domínguez;playsfor;argentina_national_football_team;jorge_domínguez;playsfor;boca_juniors;jorge_domínguez;playsfor;nîmes_olympique;5.4808292;1;6.012468;97;6.1090865;94;-2.475864110034309;0.5909829139709473
jorge_domínguez;playsfor;argentina_national_football_team;jorge_domínguez;isaffiliatedto;nîmes_olympique_f.c.;jorge_domínguez;wasbornin;buenos_aires;5.4808292;1;6.012468;97;5.3728895;38;-58.654658138119544;0.5850927829742432
jorge_domínguez;playsfor;argentina_national_football_team;jorge_domínguez;isaffiliatedto;nîmes_olympique_f.c.;jorge_domínguez;playsfor;tours_fc;5.4808292;1;6.012468;97;5.336416;16;-80.66285699677101;0.570439338684082
jorge_domínguez;playsfor;argentina_national_football_team;jorge_domínguez;playsfor;boca_juniors;jorge_domínguez;isaffiliatedto;club_de_gimnasia_y_esgrima_la_plata;5.4808292;1;6.012468;97;5.762809;54;-42.56209258250595;0.5740034580230713
jorge_domínguez;playsfor;argentina_national_football_team;jorge_domínguez;playsfor;boca_juniors;jorge_domínguez;isaffiliatedto;ogc_nice;5.4808292;1;6.012468;97;5.565302;34;-62.609965206087196;0.574195146560669
jorge_domínguez;playsfor;argentina_national_football_team;jorge_domínguez;hasgender;male;jorge_domínguez;playsfor;boca_juniors;5.4808292;1;6.012468;97;5.497874;45;-51.62588281457553;0.5951476097106934
jorge_domínguez;playsfor;argentina_national_football_team;jorge_domínguez;isaffiliatedto;tours_fc;jorge_domínguez;isaffiliatedto;nîmes_olympique_f.c.;5.4808292;1;6.012468;97;5.2667985;22;-74.67823434417015;0.5725042819976807
jorge_domínguez;playsfor;argentina_national_football_team;jorge_domínguez;playsfor;boca_juniors;jorge_domínguez;wasbornin;buenos_aires;5.4808292;1;6.012468;97;5.644605;40;-56.590942430968305;0.5659329891204834
jorge_domínguez;playsfor;argentina_national_football_team;jorge_domínguez;isaffiliatedto;nîmes_olympique_f.c.;jorge_domínguez;isaffiliatedto;textil_mandiyú;5.4808292;1;6.012468;97;5.3722987;16;-80.65479169476468;0.5742223262786865
jorge_domínguez;playsfor;argentina_national_football_team;jorge_domínguez;playsfor;tours_fc;jorge_domínguez;playsfor;boca_juniors;5.4808292;1;6.012468;97;5.5361853;25;-71.61686968069783;0.5913028717041016
jorge_domínguez;playsfor;argentina_national_football_team;jorge_domínguez;isaffiliatedto;nîmes_olympique_f.c.;jorge_domínguez;isaffiliatedto;tours_f.c.;5.4808292;1;6.012468;97;5.2213;13;-83.68808201114527;0.5864989757537842
jorge_domínguez;playsfor;argentina_national_football_team;jorge_domínguez;isaffiliatedto;argentina_national_football_team;jorge_domínguez;isaffiliatedto;nîmes_olympique_f.c.;5.4808292;1;6.012468;97;5.110777;6;-90.71129687141871;0.5789170265197754
jorge_domínguez;playsfor;argentina_national_football_team;jorge_domínguez;playsfor;sporting_toulon_var;jorge_domínguez;playsfor;nîmes_olympique;5.4808292;1;6.012468;97;5.235036;14;-82.68512637983835;0.5951611995697021
jorge_domínguez;playsfor;argentina_national_football_team;jorge_domínguez;isaffiliatedto;tours_fc;jorge_domínguez;playsfor;boca_juniors;5.4808292;1;6.012468;97;5.155631;12;-84.7019993469496;0.5845620632171631
jorge_domínguez;playsfor;argentina_national_football_team;jorge_domínguez;playsfor;sporting_toulon_var;jorge_domínguez;isaffiliatedto;club_de_gimnasia_y_esgrima_la_plata;5.4808292;1;6.012468;97;5.170801;9;-87.69881612580534;0.5701949596405029
jorge_domínguez;playsfor;argentina_national_football_team;jorge_domínguez;playsfor;sporting_toulon_var;jorge_domínguez;isaffiliatedto;ogc_nice;5.4808292;1;6.012468;97;5.980543;71;-25.50798050335343;0.5776200294494629
jorge_domínguez;playsfor;argentina_national_football_team;jorge_domínguez;playsfor;sporting_toulon_var;jorge_domínguez;hasgender;male;5.4808292;1;6.012468;97;5.192772;9;-87.69417179482622;0.5948021411895752
jorge_domínguez;playsfor;argentina_national_football_team;jorge_domínguez;playsfor;textil_mandiyú;jorge_domínguez;playsfor;nîmes_olympique;5.4808292;1;6.012468;97;4.9953194;10;-86.73441678877465;0.5745291709899902
jorge_domínguez;playsfor;argentina_national_football_team;jorge_domínguez;playsfor;boca_juniors;jorge_domínguez;isaffiliatedto;textil_mandiyú;5.4808292;1;6.012468;97;5.2173615;15;-81.68892672302071;0.5859520435333252
jorge_domínguez;playsfor;argentina_national_football_team;jorge_domínguez;playsfor;boca_juniors;jorge_domínguez;isaffiliatedto;tours_f.c.;5.4808292;1;6.012468;97;4.967058;5;-91.73989245788003;0.5863354206085205
jorge_domínguez;playsfor;argentina_national_football_team;jorge_domínguez;playsfor;textil_mandiyú;jorge_domínguez;isaffiliatedto;club_de_gimnasia_y_esgrima_la_plata;5.4808292;1;6.012468;97;5.575923;13;-83.6074354411881;0.594029426574707
jorge_domínguez;playsfor;argentina_national_football_team;jorge_domínguez;playsfor;textil_mandiyú;jorge_domínguez;isaffiliatedto;ogc_nice;5.4808292;1;6.012468;97;5.2060466;11;-85.69134637690263;0.5822594165802002
jorge_domínguez;playsfor;argentina_national_football_team;jorge_domínguez;isaffiliatedto;argentina_national_football_team;jorge_domínguez;playsfor;boca_juniors;5.4808292;1;6.012468;97;5.7386637;68;-28.568026588084326;0.5772979259490967
jorge_domínguez;playsfor;argentina_national_football_team;jorge_domínguez;playsfor;textil_mandiyú;jorge_domínguez;hasgender;male;5.4808292;1;6.012468;97;5.2594595;12;-84.67983385334065;0.6037416458129883
jorge_domínguez;playsfor;argentina_national_football_team;jorge_domínguez;playsfor;sporting_toulon_var;jorge_domínguez;wasbornin;buenos_aires;5.4808292;1;6.012468;97;5.636182;46;-50.59297702710596;0.576364278793335
jorge_domínguez;playsfor;argentina_national_football_team;jorge_domínguez;playsfor;sporting_toulon_var;jorge_domínguez;playsfor;tours_fc;5.4808292;1;6.012468;97;4.8605695;9;-87.75985749371128;0.5755343437194824
jorge_domínguez;playsfor;argentina_national_football_team;jorge_domínguez;playsfor;textil_mandiyú;jorge_domínguez;wasbornin;buenos_aires;5.4808292;1;6.012468;97;5.950527;93;-3.515480218475842;0.5751137733459473
jorge_domínguez;playsfor;argentina_national_football_team;jorge_domínguez;playsfor;textil_mandiyú;jorge_domínguez;playsfor;tours_fc;5.4808292;1;6.012468;97;5.4598746;23;-73.63473703092545;0.6131865978240967
jorge_domínguez;playsfor;argentina_national_football_team;jorge_domínguez;isaffiliatedto;tours_fc;jorge_domínguez;playsfor;sporting_toulon_var;5.4808292;1;6.012468;97;4.607236;5;-91.803012808009;0.6026315689086914
jorge_domínguez;playsfor;argentina_national_football_team;jorge_domínguez;playsfor;sporting_toulon_var;jorge_domínguez;isaffiliatedto;textil_mandiyú;5.4808292;1;6.012468;97;5.5161805;19;-77.62158644784996;0.5957155227661133
jorge_domínguez;playsfor;argentina_national_football_team;jorge_domínguez;playsfor;textil_mandiyú;jorge_domínguez;isaffiliatedto;tours_fc;5.4808292;1;6.012468;97;5.2247605;21;-75.6873388377485;0.5961248874664307
jorge_domínguez;playsfor;argentina_national_football_team;jorge_domínguez;playsfor;sporting_toulon_var;jorge_domínguez;isaffiliatedto;tours_f.c.;5.4808292;1;6.012468;97;5.403576;22;-74.64768800266604;0.5646324157714844
jorge_domínguez;playsfor;argentina_national_football_team;jorge_domínguez;isaffiliatedto;argentina_national_football_team;jorge_domínguez;playsfor;sporting_toulon_var;5.4808292;1;6.012468;97;4.844014;8;-88.76286539981756;0.5702128410339355
jorge_domínguez;playsfor;argentina_national_football_team;jorge_domínguez;playsfor;textil_mandiyú;jorge_domínguez;isaffiliatedto;textil_mandiyú;5.4808292;1;6.012468;97;5.6016765;29;-67.60127762583588;0.5681676864624023
jorge_domínguez;playsfor;argentina_national_football_team;jorge_domínguez;playsfor;textil_mandiyú;jorge_domínguez;isaffiliatedto;tours_f.c.;5.4808292;1;6.012468;97;5.5274954;40;-56.61892136330009;0.5780138969421387
jorge_domínguez;playsfor;argentina_national_football_team;jorge_domínguez;isaffiliatedto;argentina_national_football_team;jorge_domínguez;playsfor;textil_mandiyú;5.4808292;1;6.012468;97;6.1107464;103;6.524549873879639;0.5756254196166992
norshahrul_idlan_talaha;playsfor;malaysia_national_football_team;norshahrul_idlan_talaha;isaffiliatedto;malaysia_national_football_team;norshahrul_idlan_talaha;playsfor;harimau_muda_a;3.7361157;1;3.9588768;1;4.8895717;1;0.7172162278388747;0.5585670471191406
norshahrul_idlan_talaha;playsfor;malaysia_national_football_team;norshahrul_idlan_talaha;isaffiliatedto;malaysia_national_football_team;norshahrul_idlan_talaha;isaffiliatedto;negeri_sembilan_fa;3.7361157;1;3.9588768;1;3.93744;1;0.4946409727975583;0.5597085952758789
norshahrul_idlan_talaha;playsfor;malaysia_national_football_team;norshahrul_idlan_talaha;isaffiliatedto;malaysia_national_football_team;norshahrul_idlan_talaha;playsfor;malaysian_president's_cup;3.7361157;1;3.9588768;1;4.5140457;1;0.6353339741454588;0.5739700794219971
norshahrul_idlan_talaha;playsfor;malaysia_national_football_team;norshahrul_idlan_talaha;playsfor;harimau_muda_a;norshahrul_idlan_talaha;isaffiliatedto;negeri_sembilan_fa;3.7361157;1;3.9588768;1;4.0509224;1;0.5229951533753895;0.5651109218597412
norshahrul_idlan_talaha;playsfor;malaysia_national_football_team;norshahrul_idlan_talaha;playsfor;malaysian_president's_cup;norshahrul_idlan_talaha;playsfor;harimau_muda_a;3.7361157;1;3.9588768;1;4.114489;1;0.5388247435413602;0.5640027523040771
norshahrul_idlan_talaha;playsfor;malaysia_national_football_team;norshahrul_idlan_talaha;playsfor;malaysian_president's_cup;norshahrul_idlan_talaha;isaffiliatedto;negeri_sembilan_fa;3.7361157;1;3.9588768;1;4.208572;1;0.5621014439852521;0.5584456920623779
norshahrul_idlan_talaha;playsfor;malaysia_national_football_team;norshahrul_idlan_talaha;isaffiliatedto;malaysia_national_football_team;norshahrul_idlan_talaha;isaffiliatedto;perak_fa;3.7361157;1;3.9588768;1;4.2789316;1;0.5793375998415033;0.5641438961029053
norshahrul_idlan_talaha;playsfor;malaysia_national_football_team;norshahrul_idlan_talaha;isaffiliatedto;perak_fa;norshahrul_idlan_talaha;playsfor;harimau_muda_a;3.7361157;1;3.9588768;1;4.1596594;1;0.5500276807397263;0.5742101669311523
norshahrul_idlan_talaha;playsfor;malaysia_national_football_team;norshahrul_idlan_talaha;isaffiliatedto;perak_fa;norshahrul_idlan_talaha;isaffiliatedto;negeri_sembilan_fa;3.7361157;1;3.9588768;1;3.8530889;1;0.47357763855848933;0.5667800903320312
norshahrul_idlan_talaha;playsfor;malaysia_national_football_team;norshahrul_idlan_talaha;playsfor;malaysian_president's_cup;norshahrul_idlan_talaha;isaffiliatedto;perak_fa;3.7361157;1;3.9588768;1;4.406262;1;0.6100173319857698;0.5742208957672119
norshahrul_idlan_talaha;playsfor;malaysia_national_football_team;norshahrul_idlan_talaha;isaffiliatedto;malaysia_national_football_team;norshahrul_idlan_talaha;playsfor;negeri_sembilan_fa;3.7361157;1;3.9588768;1;3.3111777;1;0.34350822305621764;0.5628840923309326
yuriy_moroz;playsfor;fc_alania_vladikavkaz;yuriy_moroz;isaffiliatedto;fc_lokomotiv_nizhny_novgorod;yuriy_moroz;playsfor;maccabi_jaffa_f.c.;4.1945157;1;4.2506514;4;4.2811313;1;-2.492380612876785;0.5613956451416016
yuriy_moroz;playsfor;fc_alania_vladikavkaz;yuriy_moroz;isaffiliatedto;fc_lokomotiv_nizhny_novgorod;yuriy_moroz;isaffiliatedto;bnei_yehuda_tel_aviv_f.c.;4.1945157;1;4.2506514;4;4.1518435;3;-0.524681875472058;0.5577244758605957
yuriy_moroz;playsfor;fc_alania_vladikavkaz;yuriy_moroz;isaffiliatedto;bnei_yehuda_tel_aviv_f.c.;yuriy_moroz;playsfor;maccabi_jaffa_f.c.;4.1945157;1;4.2506514;4;4.144003;2;-1.5266368689969667;0.5584704875946045
yuriy_moroz;playsfor;fc_alania_vladikavkaz;yuriy_moroz;isaffiliatedto;fc_lokomotiv_nizhny_novgorod;yuriy_moroz;playsfor;hapoel_be'er_sheva_f.c.;4.1945157;1;4.2506514;4;4.3552785;2;-1.473867051974262;0.5552723407745361
yuriy_moroz;playsfor;fc_alania_vladikavkaz;yuriy_moroz;playsfor;maccabi_jaffa_f.c.;yuriy_moroz;playsfor;hapoel_be'er_sheva_f.c.;4.1945157;1;4.2506514;4;4.7591286;12;8.62444942938978;0.5606739521026611
liam_tuohy_(footballer);playsfor;republic_of_ireland_national_football_team;liam_tuohy_(footballer);playsfor;boston_rovers;liam_tuohy_(footballer);isaffiliatedto;league_of_ireland_xi;3.2896304;1;3.2778578;1;3.0224493;1;0.43649272741958006;0.5729503631591797
liam_tuohy_(footballer);playsfor;republic_of_ireland_national_football_team;liam_tuohy_(footballer);playsfor;league_of_ireland_xi;liam_tuohy_(footballer);isaffiliatedto;league_of_ireland_xi;3.2896304;1;3.2778578;1;3.5801115;1;0.5749933655159882;0.5663368701934814
liam_tuohy_(footballer);playsfor;republic_of_ireland_national_football_team;liam_tuohy_(footballer);isaffiliatedto;republic_of_ireland_national_football_b_team;liam_tuohy_(footballer);isaffiliatedto;league_of_ireland_xi;3.2896304;1;3.2778578;1;4.262493;1;0.7280270028374706;0.5751736164093018
liam_tuohy_(footballer);playsfor;republic_of_ireland_national_football_team;liam_tuohy_(footballer);playsfor;shamrock_rovers_f.c.;liam_tuohy_(footballer);isaffiliatedto;league_of_ireland_xi;3.2896304;1;3.2778578;1;3.1511612;1;0.46836815496273093;0.5773310661315918
liam_tuohy_(footballer);playsfor;republic_of_ireland_national_football_team;liam_tuohy_(footballer);playsfor;newcastle_united_f.c.;liam_tuohy_(footballer);isaffiliatedto;league_of_ireland_xi;3.2896304;1;3.2778578;1;3.2882862;1;0.5026070835353624;0.5525248050689697
liam_tuohy_(footballer);playsfor;republic_of_ireland_national_football_team;liam_tuohy_(footballer);isaffiliatedto;republic_of_ireland_national_football_team;liam_tuohy_(footballer);isaffiliatedto;league_of_ireland_xi;3.2896304;1;3.2778578;1;3.648614;1;0.5916416781163667;0.6030337810516357
liam_tuohy_(footballer);playsfor;republic_of_ireland_national_football_team;liam_tuohy_(footballer);isaffiliatedto;boston_rovers;liam_tuohy_(footballer);isaffiliatedto;league_of_ireland_xi;3.2896304;1;3.2778578;1;3.5431507;1;0.5659369516525784;0.5841846466064453
liam_tuohy_(footballer);playsfor;republic_of_ireland_national_football_team;liam_tuohy_(footballer);playsfor;boston_rovers;liam_tuohy_(footballer);playsfor;league_of_ireland_xi;3.2896304;1;3.2778578;1;2.9191742;1;0.4112782699306813;0.6061105728149414
liam_tuohy_(footballer);playsfor;republic_of_ireland_national_football_team;liam_tuohy_(footballer);playsfor;republic_of_ireland_national_football_b_team;liam_tuohy_(footballer);isaffiliatedto;league_of_ireland_xi;3.2896304;1;3.2778578;1;3.2208943;1;0.4857629885809311;0.6532702445983887
liam_tuohy_(footballer);playsfor;republic_of_ireland_national_football_team;liam_tuohy_(footballer);isaffiliatedto;republic_of_ireland_national_football_b_team;liam_tuohy_(footballer);playsfor;boston_rovers;3.2896304;1;3.2778578;1;3.2922;1;0.5035855155490688;0.5999128818511963
liam_tuohy_(footballer);playsfor;republic_of_ireland_national_football_team;liam_tuohy_(footballer);playsfor;boston_rovers;liam_tuohy_(footballer);playsfor;shamrock_rovers_f.c.;3.2896304;1;3.2778578;1;3.1861665;1;0.47709323250546204;0.609095573425293
liam_tuohy_(footballer);playsfor;republic_of_ireland_national_football_team;liam_tuohy_(footballer);isaffiliatedto;republic_of_ireland_national_football_b_team;liam_tuohy_(footballer);playsfor;league_of_ireland_xi;3.2896304;1;3.2778578;1;2.8236237;1;0.38835453819642163;0.6140992641448975
liam_tuohy_(footballer);playsfor;republic_of_ireland_national_football_team;liam_tuohy_(footballer);wasbornin;dublin;liam_tuohy_(footballer);isaffiliatedto;league_of_ireland_xi;3.2896304;1;3.2778578;1;3.7733455;1;0.6213983371166458;0.6161434650421143
liam_tuohy_(footballer);playsfor;republic_of_ireland_national_football_team;liam_tuohy_(footballer);playsfor;boston_rovers;liam_tuohy_(footballer);playsfor;newcastle_united_f.c.;3.2896304;1;3.2778578;1;3.0771997;1;0.45000312159574696;0.6027066707611084
liam_tuohy_(footballer);playsfor;republic_of_ireland_national_football_team;liam_tuohy_(footballer);isaffiliatedto;republic_of_ireland_national_football_team;liam_tuohy_(footballer);playsfor;boston_rovers;3.2896304;1;3.2778578;1;4.0858254;1;0.6916762565618241;0.5891127586364746
liam_tuohy_(footballer);playsfor;republic_of_ireland_national_football_team;liam_tuohy_(footballer);playsfor;league_of_ireland_xi;liam_tuohy_(footballer);playsfor;shamrock_rovers_f.c.;3.2896304;1;3.2778578;1;4.012104;1;0.6757363912488396;0.5678367614746094
liam_tuohy_(footballer);playsfor;republic_of_ireland_national_football_team;liam_tuohy_(footballer);isaffiliatedto;republic_of_ireland_national_football_b_team;liam_tuohy_(footballer);playsfor;shamrock_rovers_f.c.;3.2896304;1;3.2778578;1;3.3836968;1;0.5264350811980788;0.5565266609191895
federico_vairo;playsfor;rosario_central;federico_vairo;playsfor;deportivo_cali;federico_vairo;playsfor;o'higgins_f.c.;4.629455;1;3.7215483;13;2.253748;6;-6.812722824199942;0.560931921005249
federico_vairo;playsfor;rosario_central;federico_vairo;playsfor;deportivo_cali;federico_vairo;isaffiliatedto;deportivo_cali;4.629455;1;3.7215483;13;3.333784;4;-8.59574436402578;0.5668208599090576
federico_vairo;playsfor;rosario_central;federico_vairo;playsfor;o'higgins_f.c.;federico_vairo;isaffiliatedto;deportivo_cali;4.629455;1;3.7215483;13;3.3557057;14;1.4095459812896673;0.5712285041809082
gabriel_enrique_gómez;wasbornin;panama_city;gabriel_enrique_gómez;isaffiliatedto;tauro_f.c.;gabriel_enrique_gómez;playsfor;san_francisco_f.c.;7.090879;1;6.7045293;1;7.1135254;1;0.6008471392958108;0.6122863292694092
gabriel_enrique_gómez;wasbornin;panama_city;gabriel_enrique_gómez;playsfor;independiente_santa_fe;gabriel_enrique_gómez;playsfor;san_francisco_f.c.;7.090879;1;6.7045293;1;7.05041;1;0.5856182577761221;0.5883529186248779
gabriel_enrique_gómez;wasbornin;panama_city;gabriel_enrique_gómez;isaffiliatedto;sporting_san_miguelito;gabriel_enrique_gómez;playsfor;san_francisco_f.c.;7.090879;1;6.7045293;1;7.173362;1;0.6151073859025222;0.5821986198425293
gabriel_enrique_gómez;wasbornin;panama_city;gabriel_enrique_gómez;isaffiliatedto;tauro_f.c.;gabriel_enrique_gómez;playsfor;independiente_santa_fe;7.090879;1;6.7045293;1;7.2058887;1;0.6227787567650821;0.5796763896942139
gabriel_enrique_gómez;wasbornin;panama_city;gabriel_enrique_gómez;isaffiliatedto;tauro_f.c.;gabriel_enrique_gómez;isaffiliatedto;sporting_san_miguelito;7.090879;1;6.7045293;1;6.891201;1;0.5465328868242458;0.5749228000640869
gabriel_enrique_gómez;wasbornin;panama_city;gabriel_enrique_gómez;isaffiliatedto;sporting_san_miguelito;gabriel_enrique_gómez;playsfor;independiente_santa_fe;7.090879;1;6.7045293;1;6.406057;1;0.42593095900842826;0.5690622329711914
gabriel_enrique_gómez;wasbornin;panama_city;gabriel_enrique_gómez;playsfor;san_francisco_f.c.;gabriel_enrique_gómez;isaffiliatedto;envigado_f.c.;7.090879;1;6.7045293;1;6.703988;1;0.4998646974596625;0.5713319778442383
gabriel_enrique_gómez;wasbornin;panama_city;gabriel_enrique_gómez;playsfor;deportivo_pereira;gabriel_enrique_gómez;playsfor;san_francisco_f.c.;7.090879;1;6.7045293;1;6.5733213;1;0.467244992001557;0.5709307193756104
gabriel_enrique_gómez;wasbornin;panama_city;gabriel_enrique_gómez;isaffiliatedto;tauro_f.c.;gabriel_enrique_gómez;isaffiliatedto;envigado_f.c.;7.090879;1;6.7045293;1;6.903923;1;0.5496839356723802;0.5804948806762695
gabriel_enrique_gómez;wasbornin;panama_city;gabriel_enrique_gómez;isaffiliatedto;tauro_f.c.;gabriel_enrique_gómez;playsfor;deportivo_pereira;7.090879;1;6.7045293;1;7.111436;1;0.6003459092754796;0.5737590789794922
gabriel_enrique_gómez;wasbornin;panama_city;gabriel_enrique_gómez;hasgender;male;gabriel_enrique_gómez;playsfor;san_francisco_f.c.;7.090879;1;6.7045293;1;7.1653633;1;0.613212011710167;0.5994930267333984
gabriel_enrique_gómez;wasbornin;panama_city;gabriel_enrique_gómez;playsfor;san_francisco_f.c.;gabriel_enrique_gómez;playsfor;c.s._herediano;7.090879;1;6.7045293;1;6.904146;1;0.5497391741387235;0.581207275390625
gabriel_enrique_gómez;wasbornin;panama_city;gabriel_enrique_gómez;playsfor;independiente_santa_fe;gabriel_enrique_gómez;isaffiliatedto;envigado_f.c.;7.090879;1;6.7045293;1;6.804798;1;0.5250462294799221;0.5732877254486084
gabriel_enrique_gómez;wasbornin;panama_city;gabriel_enrique_gómez;isaffiliatedto;sporting_san_miguelito;gabriel_enrique_gómez;isaffiliatedto;envigado_f.c.;7.090879;1;6.7045293;1;6.749709;1;0.5112930400776611;0.5670185089111328
gabriel_enrique_gómez;wasbornin;panama_city;gabriel_enrique_gómez;playsfor;deportivo_pereira;gabriel_enrique_gómez;playsfor;independiente_santa_fe;7.090879;1;6.7045293;1;6.5675154;1;0.4658000077198854;0.6051902770996094
gabriel_enrique_gómez;wasbornin;panama_city;gabriel_enrique_gómez;isaffiliatedto;sporting_san_miguelito;gabriel_enrique_gómez;playsfor;deportivo_pereira;7.090879;1;6.7045293;1;6.9369736;1;0.5578508308095603;0.5756740570068359
gabriel_enrique_gómez;wasbornin;panama_city;gabriel_enrique_gómez;isaffiliatedto;tauro_f.c.;gabriel_enrique_gómez;hasgender;male;7.090879;1;6.7045293;1;6.84148;1;0.5341842115881481;0.5999734401702881
otto_hemele;wasbornin;prague;otto_hemele;diedin;prague;otto_hemele;isaffiliatedto;fc_zbrojovka_brno;6.6636477;1;4.8499036;1;5.896015;1;0.740027517743956;0.5863416194915771
otto_hemele;wasbornin;prague;otto_hemele;diedin;prague;otto_hemele;playsfor;fc_zbrojovka_brno;6.6636477;1;4.8499036;1;5.5285425;1;0.663434854150977;0.5703103542327881
otto_hemele;wasbornin;prague;otto_hemele;diedin;prague;otto_hemele;playsfor;sk_slavia_prague;6.6636477;1;4.8499036;1;5.5338187;1;0.664611954770186;0.5646805763244629
otto_hemele;wasbornin;prague;otto_hemele;diedin;prague;otto_hemele;isaffiliatedto;dukla_prague;6.6636477;1;4.8499036;1;5.7579823;1;0.7126068384645174;0.5657482147216797
otto_hemele;wasbornin;prague;otto_hemele;diedin;prague;otto_hemele;playsfor;czechoslovakia_national_football_team;6.6636477;1;4.8499036;1;5.6716795;1;0.6946131871054011;0.5678627490997314
otto_hemele;wasbornin;prague;otto_hemele;diedin;prague;otto_hemele;playsfor;dukla_prague;6.6636477;1;4.8499036;1;5.567789;2;1.6721412186488371;0.5686914920806885
joseph_stefan;worksat;university_of_vienna;joseph_stefan;diedin;vienna;ludwig_boltzmann;hasacademicadvisor;joseph_stefan;4.74087;1;6.130808;1;6.2151527;1;0.5210737241493594;0.5740971565246582
joseph_stefan;worksat;university_of_vienna;joseph_stefan;hasacademicadvisor;andreas_von_ettingshausen;joseph_stefan;diedin;vienna;4.74087;1;6.130808;1;6.2374187;1;0.5266274781814901;0.5598564147949219
joseph_stefan;worksat;university_of_vienna;joseph_stefan;hasacademicadvisor;andreas_von_ettingshausen;ludwig_boltzmann;hasacademicadvisor;joseph_stefan;4.74087;1;6.130808;1;6.4620647;1;0.5820651603487463;0.5630722045898438
joseph_stefan;worksat;university_of_vienna;joseph_stefan;livesin;austria;joseph_stefan;diedin;vienna;4.74087;1;6.130808;1;6.5982656;1;0.614781868723941;0.5612900257110596
joseph_stefan;worksat;university_of_vienna;joseph_stefan;livesin;austria;ludwig_boltzmann;hasacademicadvisor;joseph_stefan;4.74087;1;6.130808;1;6.6388903;1;0.6243568344057395;0.5698280334472656
joseph_stefan;worksat;university_of_vienna;joseph_stefan;livesin;austria;joseph_stefan;hasacademicadvisor;andreas_von_ettingshausen;4.74087;1;6.130808;1;6.3403635;1;0.5521980293605954;0.5615084171295166
joseph_stefan;worksat;university_of_vienna;joseph_stefan;diedin;vienna;joseph_stefan;iscitizenof;austrian_empire;4.74087;1;6.130808;1;6.138913;1;0.5020263084105123;0.5626730918884277
joseph_stefan;worksat;university_of_vienna;ludwig_boltzmann;hasacademicadvisor;joseph_stefan;joseph_stefan;iscitizenof;austrian_empire;4.74087;1;6.130808;1;7.077195;1;0.7203880529955363;0.5925281047821045
joseph_stefan;worksat;university_of_vienna;joseph_stefan;hasacademicadvisor;andreas_von_ettingshausen;joseph_stefan;iscitizenof;austrian_empire;4.74087;1;6.130808;1;5.421834;1;0.32982561382023085;0.6142001152038574
joseph_stefan;worksat;university_of_vienna;joseph_stefan;graduatedfrom;university_of_vienna;joseph_stefan;diedin;vienna;4.74087;1;6.130808;1;5.906191;1;0.4440806587138292;0.5829343795776367
joseph_stefan;worksat;university_of_vienna;joseph_stefan;diedin;vienna;joseph_stefan;haswonprize;lieben_prize;4.74087;1;6.130808;1;6.457301;1;0.5809058899430158;0.569972038269043
joseph_stefan;worksat;university_of_vienna;joseph_stefan;graduatedfrom;university_of_vienna;ludwig_boltzmann;hasacademicadvisor;joseph_stefan;4.74087;1;6.130808;1;6.468213;1;0.5835600787804653;0.5552315711975098
joseph_stefan;worksat;university_of_vienna;ludwig_boltzmann;hasacademicadvisor;joseph_stefan;joseph_stefan;haswonprize;lieben_prize;4.74087;1;6.130808;1;5.9856334;1;0.46376998271787984;0.5624632835388184
joseph_stefan;worksat;university_of_vienna;joseph_stefan;graduatedfrom;university_of_vienna;joseph_stefan;hasacademicadvisor;andreas_von_ettingshausen;4.74087;1;6.130808;1;7.126096;1;0.7301311145150917;0.5580260753631592
joseph_stefan;worksat;university_of_vienna;joseph_stefan;livesin;austria;joseph_stefan;iscitizenof;austrian_empire;4.74087;1;6.130808;1;7.3406477;1;0.7702706059665726;0.5547270774841309
joseph_stefan;worksat;university_of_vienna;joseph_stefan;hasacademicadvisor;andreas_von_ettingshausen;joseph_stefan;haswonprize;lieben_prize;4.74087;1;6.130808;1;6.4509916;1;0.5793690337458182;0.5665915012359619
joseph_stefan;worksat;university_of_vienna;joseph_stefan;diedin;vienna;joseph_stefan;wasbornin;klagenfurt;4.74087;1;6.130808;1;5.116831;1;0.2662022571665536;0.5542490482330322
joseph_stefan;worksat;university_of_vienna;ludwig_boltzmann;hasacademicadvisor;joseph_stefan;joseph_stefan;wasbornin;klagenfurt;4.74087;1;6.130808;1;4.8244877;1;0.2131032608877445;0.5869157314300537
joseph_stefan;worksat;university_of_vienna;joseph_stefan;graduatedfrom;university_of_vienna;joseph_stefan;livesin;austria;4.74087;1;6.130808;1;5.3162107;1;0.30691174131228555;0.6043069362640381
joseph_stefan;worksat;university_of_vienna;joseph_stefan;hasacademicadvisor;andreas_von_ettingshausen;joseph_stefan;wasbornin;klagenfurt;4.74087;1;6.130808;1;6.409831;1;0.5693067249149243;0.566317081451416
