/m/0gkts9;/award/award_category/nominees./award/award_nomination/award_nominee;/m/03z509;/m/0gkts9;/award/award_category/nominees./award/award_nomination/award_nominee;/m/01gv_f;;;;;;;;;;9.946302;9.631787;1;1
/m/0bfvw2;/award/award_category/nominees./award/award_nomination/award_nominee;/m/01p7yb;/m/0bfvw2;/award/award_category/nominees./award/award_nomination/award_nominee;/m/01pcq3;;;;;;;;;;9.178026;9.2951765;1;2
/m/02f72_;/award/award_category/nominees./award/award_nomination/award_nominee;/m/07r1_;/m/07r1_;/award/award_nominee/award_nominations./award/award_nomination/award;/m/02f72_;;;;;;;;;;9.5924015;8.519541;1;1
/m/09sdmz;/award/award_category/nominees./award/award_nomination/award_nominee;/m/01swck;/m/01swck;/award/award_nominee/award_nominations./award/award_nomination/award;/m/09sdmz;;;;;;;;;;8.820211;6.4800205;1;52
/m/05b1610;/award/award_category/nominees./award/award_nomination/nominated_for;/m/026n4h6;/m/05b1610;/award/award_category/nominees./award/award_nomination/nominated_for;/m/074w86;;;;;;;;;;9.224213;8.836751;1;1
/m/05zvj3m;/award/award_category/nominees./award/award_nomination/nominated_for;/m/034qzw;/m/05zvj3m;/award/award_category/nominees./award/award_nomination/nominated_for;/m/03lrht;;;;;;;;;;8.671169;8.621285;1;2
/m/05b4l5x;/award/award_category/winners./award/award_honor/award_winner;/m/01yf85;/m/01yf85;/award/award_winner/awards_won./award/award_honor/award;/m/05b4l5x;;;;;;;;;;10.077408;7.613239;1;28
/m/099jhq;/award/award_category/winners./award/award_honor/award_winner;/m/017149;/m/017149;/award/award_winner/awards_won./award/award_honor/award;/m/099jhq;;;;;;;;;;10.313467;7.415476;1;38
/m/02z1nbg;/award/award_category/winners./award/award_honor/honored_for;/m/0kvb6p;/m/0kvb6p;/award/award_winning_work/awards_won./award/award_honor/award;/m/02z1nbg;;;;;;;;;;10.490056;4.7475305;1;282
/m/0jzphpx;/award/award_ceremony/awards_presented./award/award_honor/award;/m/02wh75;/m/02wh75;/award/award_category/winners./award/award_honor/ceremony;/m/0jzphpx;;;;;;;;;;7.610877;6.5723367;1;1
/m/034hzj;/award/award_nominated_work/award_nominations./award/award_nomination/award;/m/02pqp12;/m/02pqp12;/award/award_category/nominees./award/award_nomination/nominated_for;/m/034hzj;;;;;;;;;;8.453077;7.0642915;1;1
/m/0k5g9;/award/award_nominated_work/award_nominations./award/award_nomination/award;/m/0gq_v;/m/0gq_v;/award/award_category/nominees./award/award_nomination/nominated_for;/m/0k5g9;;;;;;;;;;8.866075;6.9568777;1;1
/m/060v34;/award/award_nominated_work/award_nominations./award/award_nomination/award_nominee;/m/046b0s;/m/060v34;/award/award_nominated_work/award_nominations./award/award_nomination/award_nominee;/m/086k8;;;;;;;;;;10.926275;10.893081;1;2
/m/022yb4;/award/award_nominee/award_nominations./award/award_nomination/award;/m/0bdw6t;/m/0bdw6t;/award/award_category/nominees./award/award_nomination/award_nominee;/m/022yb4;;;;;;;;;;9.816149;7.635626;1;1
/m/0h32q;/award/award_nominee/award_nominations./award/award_nomination/award;/m/0cqgl9;/m/0h32q;/award/award_nominee/award_nominations./award/award_nomination/award;/m/0gqwc;;;;;;;;;;9.522532;9.411158;1;1
/m/01hxs4;/award/award_nominee/award_nominations./award/award_nomination/award;/m/09qrn4;/m/09qrn4;/award/award_category/nominees./award/award_nomination/award_nominee;/m/01hxs4;;;;;;;;;;9.444464;6.561792;1;6
/m/03wd5tk;/award/award_nominee/award_nominations./award/award_nomination/award_nominee;/m/0c0tzp;/m/0c0tzp;/award/award_nominee/award_nominations./award/award_nomination/award_nominee;/m/03wd5tk;;;;;;;;;;10.296026;9.329749;1;1
/m/016gr2;/award/award_nominee/award_nominations./award/award_nomination/award_nominee;/m/018db8;/m/018db8;/award/award_nominee/award_nominations./award/award_nomination/award_nominee;/m/016gr2;;;;;;;;;;8.24748;4.1546617;1;22
/m/01gvyp;/award/award_nominee/award_nominations./award/award_nomination/nominated_for;/m/030p35;/m/030p35;/award/award_nominated_work/award_nominations./award/award_nomination/award_nominee;/m/01gvyp;;;;;;;;;;11.383417;3.544761;1;134
/m/06mn7;/award/award_winner/awards_won./award/award_honor/award;/m/040njc;/m/040njc;/award/award_category/winners./award/award_honor/award_winner;/m/06mn7;;;;;;;;;;9.970874;8.56497;1;3
/m/05cj4r;/award/award_winner/awards_won./award/award_honor/award;/m/0bfvw2;/m/0bfvw2;/award/award_category/winners./award/award_honor/award_winner;/m/05cj4r;;;;;;;;;;10.054995;7.8092446;1;4
/m/0kryqm;/award/award_winner/awards_won./award/award_honor/award_winner;/m/06lgq8;/m/0kryqm;/award/award_winner/awards_won./award/award_honor/award_winner;/m/06w2yp9;;;;;;;;;;9.392545;9.704464;1;2
/m/05lb65;/award/award_winner/awards_won./award/award_honor/award_winner;/m/0308kx;/m/05lb65;/award/award_winner/awards_won./award/award_honor/award_winner;/m/035gjq;;;;;;;;;;9.744665;9.60263;1;2
/m/02q3bb;/award/award_winner/awards_won./award/award_honor/award_winner;/m/02rmfm;/m/02q3bb;/award/award_winner/awards_won./award/award_honor/award_winner;/m/04vq3h;;;;;;;;;;9.972874;9.733406;1;2
/m/0bhvtc;/award/award_winner/awards_won./award/award_honor/ceremony;/m/056878;/m/056878;/award/award_ceremony/awards_presented./award/award_honor/award_winner;/m/0bhvtc;;;;;;;;;;11.661482;6.499182;1;9
/m/0136g9;/award/award_winner/awards_won./award/award_honor/ceremony;/m/0gx_st;/m/0gx_st;/award/award_ceremony/awards_presented./award/award_honor/award_winner;/m/0136g9;;;;;;;;;;11.777477;4.225436;1;43
/m/025st2z;/award/award_winner/awards_won./award/award_honor/honored_for;/m/01b65l;/m/01b65l;/award/award_winning_work/awards_won./award/award_honor/award_winner;/m/025st2z;;;;;;;;;;13.264958;11.786495;1;1
/m/01srq2;/award/award_winning_work/awards_won./award/award_honor/award_winner;/m/09d5d5;/m/01srq2;/award/award_winning_work/awards_won./award/award_honor/award_winner;/m/026fd;;;;;;;;;;11.344833;11.055464;1;2
/m/02qd04y;/award/award_winning_work/awards_won./award/award_honor/award_winner;/m/04dz_y7;/m/04dz_y7;/award/award_winner/awards_won./award/award_honor/honored_for;/m/02qd04y;;;;;;;;;;11.075052;9.686292;1;2
/m/01ptsx;/award/ranked_list/ranked_list_items./award/ranking/item;/m/03y7ml;/m/01ptsx;/award/ranked_list/ranked_list_items./award/ranking/item;/m/060ppp;;;;;;;;;;12.3769865;12.340225;1;1
/m/0fqxw;/base/aareas/schema/administrative_area/administrative_children;/m/05g2b;/m/05g2b;/base/aareas/schema/administrative_area/administrative_parent;/m/0fqxw;;;;;;;;;;17.324654;14.087637;1;1
/m/04q42;/base/aareas/schema/administrative_area/administrative_parent;/m/059j2;/m/059j2;/base/aareas/schema/administrative_area/administrative_children;/m/04q42;;;;;;;;;;15.335754;13.584317;1;1
/m/029q_y;/base/popstra/celebrity/friendship./base/popstra/friendship/participant;/m/0151w_;/m/0151w_;/base/popstra/celebrity/friendship./base/popstra/friendship/participant;/m/029q_y;;;;;;;;;;10.693123;4.2789865;1;300
/m/016lj_;/broadcast/artist/content;/m/04y652m;/m/016lj_;/music/musical_group/member./music/group_membership/role;/m/02hnl;;;;;;;;;;14.641734;10.718676;1;1
/m/01n073;/business/employer/employees./business/employment_tenure/title;/m/05_wyz;/m/01n073;/business/employer/employees./business/employment_tenure/title;/m/0krdk;;;;;;;;;;12.1638975;11.779369;1;2
/m/02md_2;/business/job_title/people_with_this_title./business/employment_tenure/company;/m/0175rc;/m/02md_2;/business/job_title/people_with_this_title./business/employment_tenure/company;/m/01l3wr;;;;;;;;;;10.742046;10.767767;1;1
/m/0bkj86;/education/educational_degree/people_with_this_degree./education/education/institution;/m/07tds;/m/07tds;/education/educational_institution/students_graduates./education/education/degree;/m/0bkj86;;;;;;;;;;10.0294695;7.7653713;1;3
/m/0234_c;/education/educational_institution/students_graduates./education/education/student;/m/01dy7j;/m/01dy7j;/people/person/education./education/education/institution;/m/0234_c;;;;;;;;;;13.856963;5.766543;1;605
/m/06q83;/education/field_of_study/students_majoring./education/education/degree;/m/02h4rq6;/m/02h4rq6;/education/educational_degree/people_with_this_degree./education/education/major_field_of_study;/m/06q83;;;;;;;;;;12.198325;10.272714;1;1
/m/0h5k;/education/field_of_study/students_majoring./education/education/institution;/m/07vk2;/m/07vk2;/education/educational_institution/students_graduates./education/education/major_field_of_study;/m/0h5k;;;;;;;;;;11.950988;6.292964;1;209
/m/03g3w;/education/field_of_study/students_majoring./education/education/institution;/m/01swxv;/m/03g3w;/education/field_of_study/students_majoring./education/education/institution;/m/0bx8pn;;;;;;;;;;10.529107;10.341999;1;1
/m/01chc7;/film/actor/film./film/performance/film;/m/076xkps;/m/076xkps;/film/film/starring./film/performance/actor;/m/01chc7;;;;;;;;;;10.540648;5.096891;1;297
/m/0fthdk;/film/actor/film./film/performance/film;/m/02mmwk;/m/0fthdk;/film/actor/film./film/performance/film;/m/05pdh86;;;;;;;;;;9.676171;9.892335;1;2
/m/084m3;/film/actor/film./film/performance/film;/m/034qrh;/m/034qrh;/film/film/starring./film/performance/actor;/m/084m3;;;;;;;;;;12.003456;4.2783084;1;587
/m/04vr_f;/film/film/cinematography;/m/0bqytm;/m/0bqytm;/film/cinematographer/film;/m/04vr_f;;;;;;;;;;15.546358;9.656339;1;13
/m/0kb07;/film/film/distributors./film/film_film_distributor_relationship/distributor;/m/05qd_;/m/05qd_;/film/production_company/films;/m/0kb07;;;;;;;;;;11.13501;10.557116;1;1
/m/0pv54;/film/film/distributors./film/film_film_distributor_relationship/distributor;/m/086k8;/m/086k8;/film/film_distributor/films_distributed./film/film_film_distributor_relationship/film;/m/0pv54;;;;;;;;;;11.182228;6.1686974;1;6
/m/02r8hh_;/film/film/executive_produced_by;/m/02q_cc;/m/02q_cc;/film/producer/films_executive_produced;/m/02r8hh_;;;;;;;;;;12.603124;5.415971;1;27
/m/0b2qtl;/film/film/genre;/m/060__y;/m/0b2qtl;/film/film/genre;/m/04xvh5;;;;;;;;;;9.624819;9.081489;1;1
/m/0421v9q;/film/film/genre;/m/02l7c8;/m/0421v9q;/film/film/genre;/m/06cvj;;;;;;;;;;7.5631247;6.43418;1;3
/m/05nlx4;/film/film/other_crew./film/film_crew_gig/crewmember;/m/0g9zcgx;/m/0g9zcgx;/film/film_crewmember/films_crewed./film/film_crew_gig/film;/m/05nlx4;;;;;;;;;;14.0216055;12.260214;1;1
/m/0h1cdwq;/film/film/production_companies;/m/016tt2;/m/016tt2;/film/production_company/films;/m/0h1cdwq;;;;;;;;;;11.442198;10.112558;1;1
/m/04gv3db;/film/film/starring./film/performance/actor;/m/01rcmg;/m/01rcmg;/film/actor/film./film/performance/film;/m/04gv3db;;;;;;;;;;11.242655;7.669295;1;30
/m/03shpq;/film/film/starring./film/performance/actor;/m/059_gf;/m/03shpq;/film/film/starring./film/performance/actor;/m/0h0wc;;;;;;;;;;11.913842;11.929748;1;1
/m/05nlx4;/film/film/starring./film/performance/actor;/m/01tsbmv;/m/03y0pn;/film/film/sequel;/m/05nlx4;;;;;;;;;;8.462453;8.496196;1;2
/m/07ghv5;/film/film/starring./film/performance/actor;/m/01rddlc;/m/01rddlc;/film/actor/film./film/performance/film;/m/07ghv5;;;;;;;;;;12.230342;7.830313;1;14
/m/0jvt9;/film/film/starring./film/performance/actor;/m/01csrl;/m/01csrl;/film/actor/film./film/performance/film;/m/0jvt9;;;;;;;;;;12.116371;7.881582;1;39
/m/02wgk1;/film/film/starring./film/performance/actor;/m/044mrh;/m/044mrh;/film/actor/film./film/performance/film;/m/02wgk1;;;;;;;;;;11.359819;5.414467;1;322
/m/0fvr1;/film/film/starring./film/performance/actor;/m/01t6xz;/m/01t6xz;/film/actor/film./film/performance/film;/m/0fvr1;;;;;;;;;;11.383594;4.3552623;1;790
/m/0_7w6;/film/film/starring./film/performance/actor;/m/01v3vp;/m/01v3vp;/film/actor/film./film/performance/film;/m/0_7w6;;;;;;;;;;12.070822;8.757221;1;4
/m/01qncf;/film/film/written_by;/m/01g1lp;/m/01g1lp;/film/writer/film;/m/01qncf;;;;;;;;;;14.33173;12.5796795;1;1
/m/03mfqm;/film/film_costumer_designer/costume_design_for_film;/m/027pfg;/m/027pfg;/film/film/costume_design_by;/m/03mfqm;;;;;;;;;;13.105489;9.301127;1;4
/m/03_gd;/film/film_story_contributor/film_story_credits;/m/01gwk3;/m/01gwk3;/film/film/story_by;/m/03_gd;;;;;;;;;;12.701074;7.9535637;1;6
/m/03c_8t;/film/music_contributor/film;/m/0ddf2bm;/m/0ddf2bm;/film/film/music;/m/03c_8t;;;;;;;;;;13.410962;5.7209787;1;660
/m/01pb34;/film/special_film_performance_type/film_performance_type./film/performance/film;/m/013q07;/m/01pb34;/film/special_film_performance_type/film_performance_type./film/performance/film;/m/013q0p;;;;;;;;;;9.974803;9.144681;1;1
/m/026zt;/geography/river/basin_countries;/m/077qn;/m/026zt;/geography/river/basin_countries;/m/01pj7;;;;;;;;;;8.017589;7.7719665;1;6
/m/0226cw;/government/politician/government_positions_held./government/government_position_held/legislative_sessions;/m/04gp1d;/m/0226cw;/government/politician/government_positions_held./government/government_position_held/legislative_sessions;/m/060ny2;;;;;;;;;;12.320753;12.124639;1;1
/m/0q9t7;/influence/influence_node/influenced_by;/m/014z8v;/m/014z8v;/influence/influence_node/influenced;/m/0q9t7;;;;;;;;;;12.121616;8.185428;1;1
/m/07lp1;/influence/influence_node/influenced_by;/m/0hcvy;/m/0hcvy;/influence/influence_node/influenced;/m/07lp1;;;;;;;;;;11.15215;5.4924154;1;111
/m/07f5x;/location/location/adjoin_s./location/adjoining_relationship/adjoins;/m/0164v;/m/0164v;/location/location/adjoin_s./location/adjoining_relationship/adjoins;/m/07f5x;;;;;;;;;;12.916813;7.7865868;1;22
/m/05nrg;/location/location/contains;/m/05br2;/m/05nrg;/location/location/contains;/m/05tr7;;;;;;;;;;13.464586;13.044682;1;1
/m/01gf5;/location/location/people_born_here;/m/0149xx;/m/0149xx;/people/person/place_of_birth;/m/01gf5;;;;;;;;;;15.59836;4.9366703;1;227
/m/0f__1;/location/location/people_born_here;/m/02mxw0;/m/0f__1;/location/location/people_born_here;/m/01ws9n6;;;;;;;;;;12.480278;13.401559;1;1
/m/01c7qd;/music/artist/contribution./music/recording_contribution/performance_role;/m/03bx0bm;/m/03bx0bm;/music/performance_role/guest_performances./music/recording_contribution/contributor;/m/01c7qd;;;;;;;;;;12.236715;7.6025677;1;1
/m/04bbv7;/music/artist/genre;/m/06by7;/m/06by7;/music/genre/artists;/m/04bbv7;;;;;;;;;;10.378661;8.5026865;1;1
/m/0gg8l;/music/genre/artists;/m/02cx90;/m/0gg8l;/music/genre/artists;/m/0x3b7;;;;;;;;;;10.451439;10.888071;1;1
/m/08cyft;/music/genre/subgenre;/m/03mb9;/m/03mb9;/music/genre/parent_genre;/m/08cyft;;;;;;;;;;12.47981;9.994754;1;7
/m/0frsw;/music/musical_group/member./music/group_membership/member;/m/0lbj1;/m/0lbj1;/music/group_member/membership./music/group_membership/group;/m/0frsw;;;;;;;;;;15.065043;12.414363;1;2
/m/0bxl5;/music/performance_role/track_performances./music/track_contribution/contributor;/m/0fpjd_g;/m/0fpjd_g;/music/artist/track_contributions./music/track_contribution/role;/m/0bxl5;;;;;;;;;;10.604671;7.5814104;1;31
/m/02w3w;/music/performance_role/track_performances./music/track_contribution/role;/m/042v_gx;/m/042v_gx;/music/performance_role/track_performances./music/track_contribution/role;/m/02w3w;;;;;;;;;;7.3272147;5.8548036;1;6
/m/0879xc;/olympics/olympic_athlete/country./olympics/olympic_athlete_affiliation/sport;/m/02vx4;/m/02vx4;/sports/sport/pro_athletes./sports/pro_sports_played/athlete;/m/0879xc;;;;;;;;;;10.928027;11.352856;1;1
/m/06mkj;/olympics/olympic_participating_country/athletes./olympics/olympic_athlete_affiliation/olympics;/m/0kbws;/m/0kbws;/olympics/olympic_games/athletes./olympics/olympic_athlete_affiliation/country;/m/06mkj;;;;;;;;;;8.9959545;8.288456;1;1
/m/0jgd;/olympics/olympic_participating_country/medals_won./olympics/olympic_medal_honor/olympics;/m/0l6mp;/m/0l6mp;/olympics/olympic_games/medals_awarded./olympics/olympic_medal_honor/country;/m/0jgd;;;;;;;;;;9.398163;8.5021515;1;1
/m/071t0;/olympics/olympic_sport/athletes./olympics/olympic_athlete_affiliation/country;/m/07ww5;/m/07ww5;/olympics/olympic_participating_country/athletes./olympics/olympic_athlete_affiliation/sport;/m/071t0;;;;;;;;;;6.9172406;3.6908865;1;75
/m/07f3xb;/people/person/places_lived./people/place_lived/location;/m/0nq_b;/m/0nq_b;/location/location/people_born_here;/m/07f3xb;;;;;;;;;;10.453919;10.282034;1;1
/m/048hf;/people/person/places_lived./people/place_lived/location;/m/0kf9p;/m/048hf;/people/person/place_of_birth;/m/0kf9p;;;;;;;;;;9.931446;1.3166673;1;688
/m/019fz;/people/person/profession;/m/03sbb;/m/03sbb;/people/profession/people_with_this_profession;/m/019fz;;;;;;;;;;9.3972225;5.856874;1;4
/m/022_q8;/people/person/profession;/m/0q04f;/m/0q04f;/people/profession/people_with_this_profession;/m/022_q8;;;;;;;;;;8.614717;5.155016;1;5
/m/0f13b;/people/person/profession;/m/0lgw7;/m/0lgw7;/people/profession/people_with_this_profession;/m/0f13b;;;;;;;;;;8.250664;2.4540758;1;28
/m/02t_99;/people/person/religion;/m/0c8wxp;/m/04ztj;/people/marriage_union_type/unions_of_this_type./people/marriage/spouse;/m/02t_99;;;;;;;;;;13.655861;11.414852;1;1
/m/029bkp;/people/profession/people_with_this_profession;/m/0fpjd_g;/m/029bkp;/people/profession/people_with_this_profession;/m/02pzc4;;;;;;;;;;9.40121;9.372458;1;2
/m/0kyk;/people/profession/people_with_this_profession;/m/02465;/m/0kyk;/people/profession/people_with_this_profession;/m/0yxl;;;;;;;;;;8.143645;7.6853423;1;2
/m/0d8qb;/people/profession/people_with_this_profession;/m/01k70_;/m/0d8qb;/people/profession/people_with_this_profession;/m/02v0ff;;;;;;;;;;9.083624;8.951359;1;1
/m/05snw;/people/profession/people_with_this_profession;/m/0gz_;/m/0gz_;/people/person/profession;/m/05snw;;;;;;;;;;10.810668;8.7008915;1;1
/m/0bgv4g;/sports/sports_position/players./american_football/football_historical_roster_position/position_s;/m/023wyl;/m/023wyl;/sports/sports_position/players./american_football/football_historical_roster_position/position_s;/m/0bgv4g;;;;;;;;;;10.482457;11.688431;1;1
/m/0cqt41;/sports/sports_team/roster./baseball/baseball_historical_roster_position/player;/m/06s27s;/m/06s27s;/baseball/baseball_player/former_teams./sports/sports_team_roster/team;/m/0cqt41;;;;;;;;;;12.036612;11.378836;1;1
/m/01dtl;/sports/sports_team/roster./soccer/football_roster_position/player;/m/05s_c38;/m/01dtl;/sports/sports_team/roster./soccer/football_roster_position/player;/m/0487c3;;;;;;;;;;13.881124;12.810894;1;2
/m/0ws7;/sports/sports_team/roster./sports/sports_team_roster/position;/m/05zm34;/m/05zm34;/sports/sports_position/players./sports/sports_team_roster/team;/m/0ws7;;;;;;;;;;8.49217;8.10307;1;1
/m/06n7h7;/tv/tv_actor/starring_roles./tv/regular_tv_appearance/series;/m/01h1bf;/m/01h1bf;/tv/tv_program/regular_cast./tv/regular_tv_appearance/actor;/m/06n7h7;;;;;;;;;;15.931928;13.751941;1;1
/m/0q9nj;/tv/tv_program/original_network./tv/tv_network_duration/network;/m/04rqd;/m/04rqd;/tv/tv_network/programs./tv/tv_network_duration/program;/m/0q9nj;;;;;;;;;;13.610844;6.337446;1;48
