/m/02wvfxl;/american_football/football_team/current_roster./american_football/football_roster_position/position;/m/02g_6j;/m/023wyl;/sports/sports_position/players./american_football/football_historical_roster_position/team;/m/02wvfxl;;;;;;;;;;0.9801970720291138;0.987236738204956;1;1
/m/02sp_v;/award/award_category/nominees./award/award_nomination/award_nominee;/m/011zf2;/m/011zf2;/award/award_nominee/award_nominations./award/award_nomination/award;/m/02sp_v;;;;;;;;;;0.6989784836769104;0.017249654978513718;1;344
/m/02x4wb;/award/award_category/winners./award/award_honor/award_winner;/m/0c9l1;/m/02x4wb;/award/award_category/nominees./award/award_nomination/award_nominee;/m/0c9l1;;;;;;;;;;0.5164148211479187;0.3125814199447632;1;6
/m/0gqxm;/award/award_category/winners./award/award_honor/ceremony;/m/0bzmt8;/m/0bzmt8;/award/award_ceremony/awards_presented./award/award_honor/award;/m/0gqxm;;;;;;;;;;0.8299804925918579;0.7746623754501343;1;1
/m/0gq_v;/award/award_category/winners./award/award_honor/ceremony;/m/0ftlkg;/m/0gq_v;/award/award_category/nominees./award/award_nomination/award_nominee;/m/0ccd3x;;;;;;;;;;0.9362059831619263;0.955431342124939;1;1
/m/02grdc;/award/award_category/winners./award/award_honor/ceremony;/m/019bk0;/m/019bk0;/award/award_ceremony/awards_presented./award/award_honor/award;/m/02grdc;;;;;;;;;;0.9336777329444885;0.5301991701126099;1;2
/m/02pz3j5;/award/award_category/winners./award/award_honor/honored_for;/m/0358x_;/m/031ydm;/award/award_winner/awards_won./award/award_honor/award;/m/02pz3j5;;;;;;;;;;0.8759297132492065;0.9131019115447998;1;1
/m/05p09zm;/award/award_category/winners./award/award_honor/honored_for;/m/01qvz8;/m/01qvz8;/award/award_winning_work/awards_won./award/award_honor/award;/m/05p09zm;;;;;;;;;;0.9375768899917603;0.8653223514556885;1;1
/m/0gqzz;/award/award_category/winners./award/award_honor/honored_for;/m/0j6b5;/m/0534v;/award/award_winner/awards_won./award/award_honor/award;/m/0gqzz;;;;;;;;;;0.5732699036598206;0.5915859341621399;1;1
/m/09pnw5;/award/award_ceremony/awards_presented./award/award_honor/award;/m/054knh;/m/054knh;/award/award_category/winners./award/award_honor/ceremony;/m/09pnw5;;;;;;;;;;0.9222059845924377;0.41405725479125977;1;2
/m/0hr3c8y;/award/award_ceremony/awards_presented./award/award_honor/award_winner;/m/027dtv3;/m/027dtv3;/award/award_winner/awards_won./award/award_honor/ceremony;/m/0hr3c8y;;;;;;;;;;0.9152936935424805;0.6669195294380188;1;1
/m/02q690_;/award/award_ceremony/awards_presented./award/award_honor/award_winner;/m/09px1w;/m/09px1w;/award/award_winner/awards_won./award/award_honor/ceremony;/m/02q690_;;;;;;;;;;0.8702312707901001;0.20682023465633392;1;31
/m/0sxns;/award/award_nominated_work/award_nominations./award/award_nomination/award;/m/02z0dfh;/m/02z0dfh;/award/award_category/winners./award/award_honor/honored_for;/m/0sxns;;;;;;;;;;0.9299383163452148;0.8440449237823486;1;1
/m/05lfwd;/award/award_nominated_work/award_nominations./award/award_nomination/award_nominee;/m/06czyr;/m/06czyr;/award/award_winner/awards_won./award/award_honor/honored_for;/m/05lfwd;;;;;;;;;;0.8286778330802917;0.7689517140388489;1;1
/m/0g60z;/award/award_nominated_work/award_nominations./award/award_nomination/award_nominee;/m/022yb4;/m/022yb4;/tv/tv_actor/starring_roles./tv/regular_tv_appearance/series;/m/0g60z;;;;;;;;;;0.9265705347061157;0.8202147483825684;1;1
/m/018ndc;/award/award_nominee/award_nominations./award/award_nomination/award;/m/026mff;/m/018ndc;/award/award_winner/awards_won./award/award_honor/award;/m/026mff;;;;;;;;;;0.8702867031097412;0.6776556968688965;1;1
/m/02bvt;/award/award_nominee/award_nominations./award/award_nomination/award_nominee;/m/03wh8pq;/m/02bvt;/award/award_nominee/award_nominations./award/award_nomination/award_nominee;/m/02wk_43;;;;;;;;;;0.9007411599159241;0.8790069818496704;1;1
/m/033jkj;/award/award_nominee/award_nominations./award/award_nomination/award_nominee;/m/033jj1;/m/033jj1;/award/award_nominee/award_nominations./award/award_nomination/award_nominee;/m/033jkj;;;;;;;;;;0.6457436084747314;0.6227930188179016;1;1
/m/01vhrz;/award/award_nominee/award_nominations./award/award_nomination/award_nominee;/m/067pl7;/m/01vhrz;/award/award_nominee/award_nominations./award/award_nomination/award_nominee;/m/066yfh;;;;;;;;;;0.8973788619041443;0.8806251287460327;1;1
/m/06151l;/award/award_nominee/award_nominations./award/award_nomination/nominated_for;/m/01g03q;/m/06151l;/award/award_nominee/award_nominations./award/award_nomination/award_nominee;/m/024bbl;;;;;;;;;;0.9345377683639526;0.9246930480003357;1;1
/m/03n08b;/award/award_nominee/award_nominations./award/award_nomination/nominated_for;/m/01k0vq;/m/07pd_j;/award/award_nominated_work/award_nominations./award/award_nomination/award_nominee;/m/03n08b;;;;;;;;;;0.7643117904663086;0.7383556962013245;1;1
/m/044mz_;/award/award_winner/awards_won./award/award_honor/award_winner;/m/044mm6;/m/044mz_;/award/award_winner/awards_won./award/award_honor/award_winner;/m/033w9g;;;;;;;;;;0.8963642716407776;0.9320993423461914;1;1
/m/02p_ycc;/award/award_winner/awards_won./award/award_honor/award_winner;/m/01dy7j;/m/02p_ycc;/award/award_nominee/award_nominations./award/award_nomination/award_nominee;/m/01dy7j;;;;;;;;;;0.9189404845237732;0.7601267099380493;1;2
/m/0gkydb;/award/award_winner/awards_won./award/award_honor/award_winner;/m/018ygt;/m/018ygt;/award/award_winner/awards_won./award/award_honor/award_winner;/m/0gkydb;;;;;;;;;;0.8950084447860718;0.887976348400116;1;1
/m/01934k;/award/award_winner/awards_won./award/award_honor/award_winner;/m/02l0sf;/m/01934k;/award/award_nominee/award_nominations./award/award_nomination/award_nominee;/m/02l0sf;;;;;;;;;;0.4020538032054901;0.17700476944446564;1;2
/m/057176;/award/award_winner/awards_won./award/award_honor/award_winner;/m/018yj6;/m/057176;/award/award_nominee/award_nominations./award/award_nomination/award_nominee;/m/018yj6;;;;;;;;;;0.6670295000076294;0.43223127722740173;1;2
/m/01gz9n;/award/award_winner/awards_won./award/award_honor/honored_for;/m/05dmmc;/m/01gz9n;/film/producer/film;/m/05dmmc;;;;;;;;;;0.7767442464828491;0.5993075370788574;1;1
/m/05lb87;/award/award_winner/awards_won./award/award_honor/honored_for;/m/03ln8b;/m/05lb87;/tv/tv_actor/starring_roles./tv/regular_tv_appearance/series;/m/03ln8b;;;;;;;;;;0.9559377431869507;0.9263414144515991;1;1
/m/0gvsh7l;/award/award_winning_work/awards_won./award/award_honor/award_winner;/m/07lwsz;/m/07lwsz;/award/award_winner/awards_won./award/award_honor/honored_for;/m/0gvsh7l;;;;;;;;;;0.8413564562797546;0.7751736044883728;1;1
/m/03d34x8;/award/award_winning_work/awards_won./award/award_honor/ceremony;/m/05c1t6z;/m/05c1t6z;/award/award_ceremony/awards_presented./award/award_honor/honored_for;/m/03d34x8;;;;;;;;;;0.8999062180519104;0.4520440697669983;1;1
/m/02sddg;/baseball/baseball_position/players;/m/040j2_;/m/040j2_;/baseball/baseball_player/position_s;/m/02sddg;;;;;;;;;;0.7786741852760315;0.45397311449050903;1;1
/m/02bjhv;/business/business_operation/operating_income./measurement_unit/dated_money_value/currency;/m/09nqf;/m/01tbp;/education/field_of_study/students_majoring./education/education/institution;/m/02bjhv;;;;;;;;;;0.9986886382102966;0.9982692003250122;1;1
/m/031rp3;/business/employer/employees./business/employment_tenure/person;/m/03qncl3;/m/03qncl3;/people/person/employment_history./business/employment_tenure/company;/m/031rp3;;;;;;;;;;0.7971668839454651;0.3746531903743744;1;1
/m/02_01w;/celebrities/celebrity/sexual_relationships./celebrities/romantic_relationship/celebrity;/m/08b8vd;/m/02_01w;/base/popstra/celebrity/dated./base/popstra/dated/participant;/m/08b8vd;;;;;;;;;;0.504016637802124;0.38156658411026;1;1
/m/01mskc3;/common/topic/webpage./common/webpage/category;/m/08mbj5d;/m/08mbj5d;/common/annotation_category/annotations./common/webpage/topic;/m/01mskc3;;;;;;;;;;0.9855861067771912;0.9387984275817871;1;1
/m/021s9n;/education/educational_institution/school_type;/m/05pcjw;/m/05k17c;/business/job_title/people_with_this_title./business/employment_tenure/company;/m/021s9n;;;;;;;;;;0.3279170095920563;0.4792608320713043;1;2
/m/0cwx_;/education/university/fraternities_and_sororities;/m/04m8fy;/m/04m8fy;/education/fraternity_sorority/colleges_and_universities;/m/0cwx_;;;;;;;;;;0.4387112855911255;0.05648703873157501;1;2
/m/01j5ts;/film/actor/film./film/performance/film;/m/03kxj2;/m/01j5ts;/award/award_nominee/award_nominations./award/award_nomination/nominated_for;/m/03kxj2;;;;;;;;;;0.7671808004379272;0.4668373167514801;1;2
/m/01yzhn;/film/actor/film./film/performance/film;/m/0y_yw;/m/0y_yw;/film/film/starring./film/performance/actor;/m/01yzhn;;;;;;;;;;0.08123969286680222;0.0018934727413579822;1;130
/m/011zd3;/film/actor/film./film/performance/film;/m/09146g;/m/09146g;/film/film/starring./film/performance/actor;/m/011zd3;;;;;;;;;;0.416183203458786;0.10674463957548141;1;9
/m/05kwx2;/film/actor/film./film/performance/film;/m/02wk7b;/m/05kwx2;/award/award_nominee/award_nominations./award/award_nomination/nominated_for;/m/02wk7b;;;;;;;;;;0.5641483068466187;0.2417314648628235;1;2
/m/016gr2;/film/actor/film./film/performance/special_performance_type;/m/0147fv;/m/0147fv;/film/special_film_performance_type/film_performance_type./film/performance/actor;/m/016gr2;;;;;;;;;;0.9904357194900513;0.9843191504478455;1;1
/m/016ztl;/film/film/country;/m/03_3d;/m/016ztl;/film/film/edited_by;/m/0534v;;;;;;;;;;0.7335631251335144;0.614613950252533;1;2
/m/0gy7bj4;/film/film/distributors./film/film_film_distributor_relationship/distributor;/m/024rbz;/m/024rbz;/film/film_distributor/films_distributed./film/film_film_distributor_relationship/film;/m/0gy7bj4;;;;;;;;;;0.5888993144035339;0.2467423379421234;1;1
/m/0gyv0b4;/film/film/distributors./film/film_film_distributor_relationship/distributor;/m/03xq0f;/m/03xq0f;/film/film_distributor/films_distributed./film/film_film_distributor_relationship/film;/m/0gyv0b4;;;;;;;;;;0.7811894416809082;0.25990286469459534;1;2
/m/0bh8x1y;/film/film/film_festivals;/m/0gg7gsl;/m/0gg7gsl;/film/film_festival_event/films;/m/0bh8x1y;;;;;;;;;;0.6660453677177429;0.3752197027206421;1;2
/m/06q8qh;/film/film/genre;/m/04t36;/m/04t36;/media_common/netflix_genre/titles;/m/06q8qh;;;;;;;;;;0.9734969735145569;0.9001893401145935;1;1
/m/027m5wv;/film/film/music;/m/0fpjyd;/m/027m5wv;/award/award_nominated_work/award_nominations./award/award_nomination/award_nominee;/m/0fpjyd;;;;;;;;;;0.6447175145149231;0.3733683228492737;1;1
/m/0hfzr;/film/film/other_crew./film/film_crew_gig/crewmember;/m/0b79gfg;/m/0hfzr;/award/award_nominated_work/award_nominations./award/award_nomination/award_nominee;/m/0b79gfg;;;;;;;;;;0.9267066717147827;0.6756429672241211;1;1
/m/03nsm5x;/film/film/other_crew./film/film_crew_gig/film_crew_role;/m/02r96rf;/m/02vxfw_;/film/film_job/films_with_this_crew_job./film/film_crew_gig/film;/m/03nsm5x;;;;;;;;;;0.7957554459571838;0.8884788155555725;1;1
/m/011ywj;/film/film/release_date_s./film/film_regional_release_date/film_release_distribution_medium;/m/029j_;/m/019f4v;/award/award_category/winners./award/award_honor/honored_for;/m/011ywj;;;;;;;;;;0.9929304122924805;0.9991777539253235;1;1
/m/0bz6sq;/film/film/release_date_s./film/film_regional_release_date/film_release_distribution_medium;/m/029j_;/m/015vq_;/film/actor/film./film/performance/film;/m/0bz6sq;;;;;;;;;;0.9984719157218933;0.9976860284805298;1;1
/m/04ddm4;/film/film/release_date_s./film/film_regional_release_date/film_release_region;/m/059j2;/m/04ddm4;/film/film/release_date_s./film/film_regional_release_date/film_release_region;/m/06bnz;;;;;;;;;;0.9154000282287598;0.4509115219116211;1;9
/m/02fqrf;/film/film/release_date_s./film/film_regional_release_date/film_release_region;/m/02vzc;/m/02fqrf;/film/film/release_date_s./film/film_regional_release_date/film_release_region;/m/06npd;;;;;;;;;;0.9749817848205566;0.9496292471885681;1;1
/m/027pfg;/film/film/release_date_s./film/film_regional_release_date/film_release_region;/m/0154j;/m/027pfg;/film/film/release_date_s./film/film_regional_release_date/film_release_region;/m/06bnz;;;;;;;;;;0.9729906916618347;0.9649868011474609;1;2
/m/05z43v;/film/film/starring./film/performance/actor;/m/0b_dy;/m/05z43v;/award/award_nominated_work/award_nominations./award/award_nomination/award_nominee;/m/0b_dy;;;;;;;;;;0.5378233790397644;0.2842811644077301;1;3
/m/01gkp1;/film/film/written_by;/m/01q_ph;/m/01gkp1;/film/film/executive_produced_by;/m/01q_ph;;;;;;;;;;0.35493022203445435;0.2536306083202362;1;1
/m/061dn_;/film/film_distributor/films_distributed./film/film_film_distributor_relationship/film;/m/0dgst_d;/m/061dn_;/film/production_company/films;/m/0dgst_d;;;;;;;;;;0.9473546147346497;0.9228405952453613;1;1
/m/0bj8m2;/film/film_genre/films_in_this_genre;/m/0fgrm;/m/0fgrm;/film/film/genre;/m/0bj8m2;;;;;;;;;;0.7984804511070251;0.03588230535387993;1;107
/m/050z2;/film/music_contributor/film;/m/035yn8;/m/050z2;/film/music_contributor/film;/m/04j4tx;;;;;;;;;;0.07324250787496567;0.03690939024090767;1;11
/m/01nz1q6;/film/person_or_entity_appearing_in_film/films./film/personal_film_appearance/film;/m/0bx_hnp;/m/0bx_hnp;/film/film/personal_appearances./film/personal_film_appearance/person;/m/01nz1q6;;;;;;;;;;0.7153393030166626;0.07746338844299316;1;1
/m/0b_fw;/film/person_or_entity_appearing_in_film/films./film/personal_film_appearance/type_of_appearance;/m/0147fv;/m/0147fv;/film/personal_film_appearance_type/film_appearances./film/personal_film_appearance/person;/m/0b_fw;;;;;;;;;;0.9961961507797241;0.9924404621124268;1;1
/m/06q8hf;/film/producer/films_executive_produced;/m/07h9gp;/m/0jz9f;/organization/organization/founders;/m/06q8hf;;;;;;;;;;0.9725517630577087;0.9293923377990723;1;1
/m/07t_x;/location/country/form_of_government;/m/01d9r3;/m/01d9r3;/government/form_of_government/countries;/m/07t_x;;;;;;;;;;0.970550537109375;0.7758201360702515;1;2
/m/0xddr;/location/hud_foreclosure_area/estimated_number_foreclosures./measurement_unit/dated_integer/source;/m/0jbk9;/m/08mbj5d;/common/annotation_category/annotations./common/webpage/topic;/m/0xddr;;;;;;;;;;0.9984239339828491;0.9981188178062439;1;1
/m/0n2sh;/location/hud_foreclosure_area/total_residential_addresses./measurement_unit/dated_integer/source;/m/0jbk9;/m/0n2sh;/location/hud_foreclosure_area/estimated_number_of_mortgages./measurement_unit/dated_integer/source;/m/0jbk9;;;;;;;;;;0.9981411695480347;0.9972042441368103;1;1
/m/0tbql;/location/location/contains;/m/01lnyf;/m/01lnyf;/organization/organization/headquarters./location/mailing_address/citytown;/m/0tbql;;;;;;;;;;0.5486587882041931;0.41628608107566833;1;1
/m/03676;/location/statistical_region/gdp_real./measurement_unit/adjusted_money_value/adjustment_currency;/m/09nqf;/m/06cx9;/government/form_of_government/countries;/m/03676;;;;;;;;;;0.998267412185669;0.9968206882476807;1;1
/m/0n5yh;/location/us_county/hud_county_place;/m/0xhj2;/m/0n5yh;/location/us_county/county_seat;/m/0xhj2;;;;;;;;;;0.7293744087219238;0.5837000608444214;1;1
/m/0c3351;/media_common/netflix_genre/titles;/m/02c6d;/m/0b6tzs;/film/film/genre;/m/0c3351;;;;;;;;;;0.9521106481552124;0.980893611907959;1;1
/m/01wj18h;/music/artist/genre;/m/02w4v;/m/02w4v;/music/genre/artists;/m/01wj18h;;;;;;;;;;0.6995658278465271;0.037974756211042404;1;30
/m/0232lm;/music/artist/label;/m/01dtcb;/m/01dtcb;/music/record_label/artist;/m/0232lm;;;;;;;;;;0.7550284266471863;0.09264377504587173;1;4
/m/0xhtw;/music/genre/artists;/m/01wkmgb;/m/0xhtw;/music/genre/artists;/m/01dw_f;;;;;;;;;;0.8840548396110535;0.8704538345336914;1;2
/m/01w4c9;/music/performance_role/regular_performances./music/group_membership/role;/m/0l14md;/m/0dwtp;/music/performance_role/regular_performances./music/group_membership/role;/m/01w4c9;;;;;;;;;;0.9899236559867859;0.9851877689361572;1;1
/m/069d71;/olympics/olympic_athlete/medals_won./olympics/olympic_medal_honor/olympics;/m/06sks6;/m/06sks6;/olympics/olympic_games/medals_awarded./olympics/olympic_medal_honor/medalist;/m/069d71;;;;;;;;;;0.9804518818855286;0.8856814503669739;1;1
/m/0kbvv;/olympics/olympic_games/sports;/m/03tmr;/m/0kbvv;/olympics/olympic_games/athletes./olympics/olympic_athlete_affiliation/sport;/m/03tmr;;;;;;;;;;0.9724242687225342;0.9494009613990784;1;1
/m/035qy;/olympics/olympic_participating_country/athletes./olympics/olympic_athlete_affiliation/sport;/m/07jbh;/m/0kbvb;/olympics/olympic_games/participating_countries;/m/035qy;;;;;;;;;;0.9606497883796692;0.9253547191619873;1;2
/m/0h7x;/olympics/olympic_participating_country/athletes./olympics/olympic_athlete_affiliation/sport;/m/035d1m;/m/06mzp;/location/location/adjoin_s./location/adjoining_relationship/adjoins;/m/0h7x;;;;;;;;;;0.8895112872123718;0.8774311542510986;1;1
/m/019pcs;/olympics/olympic_participating_country/medals_won./olympics/olympic_medal_honor/medal;/m/02lq67;/m/018ctl;/olympics/olympic_games/athletes./olympics/olympic_athlete_affiliation/country;/m/019pcs;;;;;;;;;;0.9611080884933472;0.9748463034629822;1;1
/m/01gqfm;/olympics/olympic_sport/athletes./olympics/olympic_athlete_affiliation/country;/m/06bnz;/m/01gqfm;/olympics/olympic_sport/athletes./olympics/olympic_athlete_affiliation/country;/m/0345h;;;;;;;;;;0.8725818991661072;0.8757984042167664;1;2
/m/019tzd;/olympics/olympic_sport/athletes./olympics/olympic_athlete_affiliation/country;/m/03_3d;/m/03_3d;/olympics/olympic_participating_country/athletes./olympics/olympic_athlete_affiliation/sport;/m/019tzd;;;;;;;;;;0.8822088241577148;0.7828478217124939;1;2
/m/0486tv;/olympics/olympic_sport/athletes./olympics/olympic_athlete_affiliation/country;/m/01znc_;/m/01znc_;/olympics/olympic_participating_country/athletes./olympics/olympic_athlete_affiliation/sport;/m/0486tv;;;;;;;;;;0.9634529948234558;0.828772783279419;1;2
/m/0d02km;/people/person/gender;/m/05zppz;/m/0c6g1l;/base/popstra/celebrity/friendship./base/popstra/friendship/participant;/m/0d02km;;;;;;;;;;0.9962124824523926;0.9742932915687561;1;1
/m/03q3sy;/people/person/gender;/m/05zppz;/m/09jwl;/people/profession/people_with_this_profession;/m/03q3sy;;;;;;;;;;0.984017550945282;0.9841163754463196;1;1
/m/01r6jt2;/people/person/places_lived./people/place_lived/location;/m/04jpl;/m/01r6jt2;/people/person/place_of_birth;/m/04jpl;;;;;;;;;;0.9153560996055603;0.6912968158721924;1;2
/m/01yfm8;/people/person/profession;/m/09jwl;/m/09jwl;/people/profession/people_with_this_profession;/m/01yfm8;;;;;;;;;;0.6309396028518677;0.04071909561753273;1;6
/m/0d0mbj;/people/person/profession;/m/025352;/m/025352;/people/profession/people_with_this_profession;/m/0d0mbj;;;;;;;;;;0.6687495708465576;0.051432713866233826;1;10
/m/04bdzg;/people/person/profession;/m/02hrh1q;/m/06dv3;/award/award_nominee/award_nominations./award/award_nomination/award_nominee;/m/04bdzg;;;;;;;;;;0.9806542992591858;0.9521264433860779;1;1
/m/046rfv;/people/person/profession;/m/02hrh1q;/m/02hrh1q;/people/profession/people_with_this_profession;/m/046rfv;;;;;;;;;;0.9677791595458984;0.8629614114761353;1;1
/m/01w_10;/people/person/profession;/m/0kyk;/m/0kyk;/people/profession/people_with_this_profession;/m/01w_10;;;;;;;;;;0.9262527227401733;0.3581806719303131;1;3
/m/01nd6v;/people/person/profession;/m/02hrh1q;/m/0f4_l;/film/film/starring./film/performance/actor;/m/01nd6v;;;;;;;;;;0.9774188995361328;0.973647952079773;1;1
/m/01ggbx;/people/person/profession;/m/02jknp;/m/02jknp;/people/profession/people_with_this_profession;/m/01ggbx;;;;;;;;;;0.9324411749839783;0.5646533966064453;1;1
/m/046qq;/people/person/spouse_s./people/marriage/type_of_union;/m/04ztj;/m/046qq;/base/popstra/celebrity/friendship./base/popstra/friendship/participant;/m/01rzqj;;;;;;;;;;0.9984357953071594;0.9958317875862122;1;1
/m/0dgd_;/people/profession/people_with_this_profession;/m/07xr3w;/m/07xr3w;/people/person/profession;/m/0dgd_;;;;;;;;;;0.8465365767478943;0.07487162947654724;1;129
/m/046fz5;/soccer/football_team/current_roster./sports/sports_team_roster/position;/m/02sdk9v;/m/046fz5;/sports/sports_team/roster./sports/sports_team_roster/position;/m/02sdk9v;;;;;;;;;;0.9502758979797363;0.8915982246398926;1;1
/m/02g_6x;/sports/sports_position/players./american_football/football_roster_position/team;/m/070xg;/m/070xg;/sports/sports_team/roster./american_football/football_roster_position/position;/m/02g_6x;;;;;;;;;;0.9586308002471924;0.9061120748519897;1;1
/m/01y3v;/sports/sports_team/roster./american_football/football_historical_roster_position/player;/m/019y64;/m/019y64;/american_football/football_player/former_teams./american_football/football_historical_roster_position/team;/m/01y3v;;;;;;;;;;0.7558310627937317;0.4800724983215332;1;1
/m/084l5;/sports/sports_team/roster./american_football/football_historical_roster_position/position_s;/m/06b1q;/m/084l5;/sports/sports_team/roster./sports/sports_team_roster/position;/m/06b1q;;;;;;;;;;0.9303288459777832;0.9197602272033691;1;1
/m/019mdt;/sports/sports_team/roster./soccer/football_roster_position/position;/m/02sdk9v;/m/019mdt;/sports/sports_team/roster./sports/sports_team_roster/position;/m/02sdk9v;;;;;;;;;;0.9864288568496704;0.9518117308616638;1;1
/m/06pqy_;/sports/sports_team/roster./sports/sports_team_roster/position;/m/02sdk9v;/m/02sdk9v;/sports/sports_position/players./sports/sports_team_roster/team;/m/06pqy_;;;;;;;;;;0.926794171333313;0.8285501003265381;1;1
