/m/0gkts9;/award/award_category/nominees./award/award_nomination/award_nominee;/m/03z509;/m/03z509;/award/award_nominee/award_nominations./award/award_nomination/award;/m/0gkts9;;;;;;;;;;9.946302;8.285418;1;1
/m/0bfvw2;/award/award_category/nominees./award/award_nomination/award_nominee;/m/01p7yb;/m/01p7yb;/award/award_nominee/award_nominations./award/award_nomination/award;/m/0bfvw2;;;;;;;;;;9.178026;6.0078588;1;111
/m/02f72_;/award/award_category/nominees./award/award_nomination/award_nominee;/m/07r1_;/m/07r1_;/award/award_nominee/award_nominations./award/award_nomination/award;/m/02f72_;;;;;;;;;;9.5924015;8.56896;1;1
/m/09sdmz;/award/award_category/nominees./award/award_nomination/award_nominee;/m/01swck;/m/01swck;/award/award_nominee/award_nominations./award/award_nomination/award;/m/09sdmz;;;;;;;;;;8.820211;5.4862933;1;109
/m/05b1610;/award/award_category/nominees./award/award_nomination/nominated_for;/m/026n4h6;/m/026n4h6;/award/award_nominated_work/award_nominations./award/award_nomination/award;/m/05b1610;;;;;;;;;;9.224213;7.965662;1;1
/m/05zvj3m;/award/award_category/nominees./award/award_nomination/nominated_for;/m/034qzw;/m/034qzw;/award/award_nominated_work/award_nominations./award/award_nomination/award;/m/05zvj3m;;;;;;;;;;8.671169;6.3175287;1;8
/m/05b4l5x;/award/award_category/winners./award/award_honor/award_winner;/m/01yf85;/m/01yf85;/award/award_winner/awards_won./award/award_honor/award;/m/05b4l5x;;;;;;;;;;10.077408;7.919592;1;6
/m/099jhq;/award/award_category/winners./award/award_honor/award_winner;/m/017149;/m/017149;/award/award_winner/awards_won./award/award_honor/award;/m/099jhq;;;;;;;;;;10.313467;7.478503;1;21
/m/02z1nbg;/award/award_category/winners./award/award_honor/honored_for;/m/0kvb6p;/m/0kvb6p;/award/award_winning_work/awards_won./award/award_honor/award;/m/02z1nbg;;;;;;;;;;10.490056;4.461389;1;344
/m/0jzphpx;/award/award_ceremony/awards_presented./award/award_honor/award;/m/02wh75;/m/02wh75;/award/award_category/winners./award/award_honor/ceremony;/m/0jzphpx;;;;;;;;;;7.610877;6.988354;1;1
/m/034hzj;/award/award_nominated_work/award_nominations./award/award_nomination/award;/m/02pqp12;/m/02pqp12;/award/award_category/nominees./award/award_nomination/nominated_for;/m/034hzj;;;;;;;;;;8.453077;6.643863;1;1
/m/0k5g9;/award/award_nominated_work/award_nominations./award/award_nomination/award;/m/0gq_v;/m/0gq_v;/award/award_category/nominees./award/award_nomination/nominated_for;/m/0k5g9;;;;;;;;;;8.866075;6.9639735;1;1
/m/060v34;/award/award_nominated_work/award_nominations./award/award_nomination/award_nominee;/m/046b0s;/m/046b0s;/award/award_nominee/award_nominations./award/award_nomination/nominated_for;/m/060v34;;;;;;;;;;10.926275;7.4088974;1;2
/m/022yb4;/award/award_nominee/award_nominations./award/award_nomination/award;/m/0bdw6t;/m/0bdw6t;/award/award_category/nominees./award/award_nomination/award_nominee;/m/022yb4;;;;;;;;;;9.816149;6.9727473;1;1
/m/0h32q;/award/award_nominee/award_nominations./award/award_nomination/award;/m/0cqgl9;/m/0cqgl9;/award/award_category/nominees./award/award_nomination/award_nominee;/m/0h32q;;;;;;;;;;9.522532;7.9711814;1;1
/m/01hxs4;/award/award_nominee/award_nominations./award/award_nomination/award;/m/09qrn4;/m/09qrn4;/award/award_category/nominees./award/award_nomination/award_nominee;/m/01hxs4;;;;;;;;;;9.444464;6.2943964;1;8
/m/03wd5tk;/award/award_nominee/award_nominations./award/award_nomination/award_nominee;/m/0c0tzp;/m/0c0tzp;/award/award_nominee/award_nominations./award/award_nomination/award_nominee;/m/03wd5tk;;;;;;;;;;10.296026;8.88966;1;1
/m/016gr2;/award/award_nominee/award_nominations./award/award_nomination/award_nominee;/m/018db8;/m/018db8;/award/award_nominee/award_nominations./award/award_nomination/award_nominee;/m/016gr2;;;;;;;;;;8.24748;5.077778;1;7
/m/01gvyp;/award/award_nominee/award_nominations./award/award_nomination/nominated_for;/m/030p35;/m/030p35;/award/award_nominated_work/award_nominations./award/award_nomination/award_nominee;/m/01gvyp;;;;;;;;;;11.383417;3.9784794;1;50
/m/06mn7;/award/award_winner/awards_won./award/award_honor/award;/m/040njc;/m/040njc;/award/award_category/winners./award/award_honor/award_winner;/m/06mn7;;;;;;;;;;9.970874;8.420424;1;1
/m/05cj4r;/award/award_winner/awards_won./award/award_honor/award;/m/0bfvw2;/m/0bfvw2;/award/award_category/winners./award/award_honor/award_winner;/m/05cj4r;;;;;;;;;;10.054995;8.403025;1;3
/m/0kryqm;/award/award_winner/awards_won./award/award_honor/award_winner;/m/06lgq8;/m/06lgq8;/award/award_winner/awards_won./award/award_honor/award_winner;/m/0kryqm;;;;;;;;;;9.392545;8.796255;1;1
/m/05lb65;/award/award_winner/awards_won./award/award_honor/award_winner;/m/0308kx;/m/0308kx;/award/award_winner/awards_won./award/award_honor/award_winner;/m/05lb65;;;;;;;;;;9.744665;8.252269;1;1
/m/02q3bb;/award/award_winner/awards_won./award/award_honor/award_winner;/m/02rmfm;/m/02rmfm;/award/award_winner/awards_won./award/award_honor/award_winner;/m/02q3bb;;;;;;;;;;9.972874;8.965284;1;1
/m/0bhvtc;/award/award_winner/awards_won./award/award_honor/ceremony;/m/056878;/m/056878;/award/award_ceremony/awards_presented./award/award_honor/award_winner;/m/0bhvtc;;;;;;;;;;11.661482;6.7657757;1;15
/m/0136g9;/award/award_winner/awards_won./award/award_honor/ceremony;/m/0gx_st;/m/0gx_st;/award/award_ceremony/awards_presented./award/award_honor/award_winner;/m/0136g9;;;;;;;;;;11.777477;5.1237326;1;27
/m/025st2z;/award/award_winner/awards_won./award/award_honor/honored_for;/m/01b65l;/m/01b65l;/award/award_winning_work/awards_won./award/award_honor/award_winner;/m/025st2z;;;;;;;;;;13.264958;12.186656;1;1
/m/01srq2;/award/award_winning_work/awards_won./award/award_honor/award_winner;/m/09d5d5;/m/09d5d5;/award/award_winner/awards_won./award/award_honor/honored_for;/m/01srq2;;;;;;;;;;11.344833;9.925007;1;1
/m/02qd04y;/award/award_winning_work/awards_won./award/award_honor/award_winner;/m/04dz_y7;/m/04dz_y7;/award/award_winner/awards_won./award/award_honor/honored_for;/m/02qd04y;;;;;;;;;;11.075052;10.410814;1;2
/m/01ptsx;/award/ranked_list/ranked_list_items./award/ranking/item;/m/03y7ml;/m/01ptsx;/award/ranked_list/ranked_list_items./award/ranking/item;/m/060ppp;;;;;;;;;;12.3769865;13.049554;1;1
/m/0fqxw;/base/aareas/schema/administrative_area/administrative_children;/m/05g2b;/m/05g2b;/base/aareas/schema/administrative_area/administrative_parent;/m/0fqxw;;;;;;;;;;17.324654;13.676255;1;1
/m/04q42;/base/aareas/schema/administrative_area/administrative_parent;/m/059j2;/m/059j2;/base/aareas/schema/administrative_area/administrative_children;/m/04q42;;;;;;;;;;15.335754;14.662599;1;1
/m/029q_y;/base/popstra/celebrity/friendship./base/popstra/friendship/participant;/m/0151w_;/m/0151w_;/base/popstra/celebrity/friendship./base/popstra/friendship/participant;/m/029q_y;;;;;;;;;;10.693123;5.11216;1;125
/m/016lj_;/broadcast/artist/content;/m/04y652m;/m/016lj_;/music/artist/genre;/m/03lty;;;;;;;;;;14.641734;10.403703;1;1
/m/01n073;/business/employer/employees./business/employment_tenure/title;/m/05_wyz;/m/05_wyz;/business/job_title/people_with_this_title./business/employment_tenure/company;/m/01n073;;;;;;;;;;12.1638975;10.757289;1;1
/m/02md_2;/business/job_title/people_with_this_title./business/employment_tenure/company;/m/0175rc;/m/02md_2;/business/job_title/people_with_this_title./business/employment_tenure/company;/m/01l3wr;;;;;;;;;;10.742046;11.101123;1;2
/m/0bkj86;/education/educational_degree/people_with_this_degree./education/education/institution;/m/07tds;/m/07tds;/education/educational_institution/students_graduates./education/education/degree;/m/0bkj86;;;;;;;;;;10.0294695;8.491766;1;3
/m/0234_c;/education/educational_institution/students_graduates./education/education/student;/m/01dy7j;/m/01dy7j;/people/person/education./education/education/institution;/m/0234_c;;;;;;;;;;13.856963;6.271497;1;266
/m/06q83;/education/field_of_study/students_majoring./education/education/degree;/m/02h4rq6;/m/02h4rq6;/education/educational_degree/people_with_this_degree./education/education/major_field_of_study;/m/06q83;;;;;;;;;;12.198325;10.427914;1;1
/m/0h5k;/education/field_of_study/students_majoring./education/education/institution;/m/07vk2;/m/07vk2;/education/educational_institution/students_graduates./education/education/major_field_of_study;/m/0h5k;;;;;;;;;;11.950988;7.2880707;1;95
/m/03g3w;/education/field_of_study/students_majoring./education/education/institution;/m/01swxv;/m/01swxv;/education/educational_institution/students_graduates./education/education/major_field_of_study;/m/03g3w;;;;;;;;;;10.529107;7.146866;1;87
/m/01chc7;/film/actor/film./film/performance/film;/m/076xkps;/m/076xkps;/film/film/starring./film/performance/actor;/m/01chc7;;;;;;;;;;10.540648;4.8504887;1;302
/m/0fthdk;/film/actor/film./film/performance/film;/m/02mmwk;/m/02mmwk;/award/award_nominated_work/award_nominations./award/award_nomination/award_nominee;/m/0fthdk;;;;;;;;;;9.676171;9.684158;1;1
/m/084m3;/film/actor/film./film/performance/film;/m/034qrh;/m/034qrh;/film/film/starring./film/performance/actor;/m/084m3;;;;;;;;;;12.003456;5.5711126;1;77
/m/04vr_f;/film/film/cinematography;/m/0bqytm;/m/0bqytm;/film/cinematographer/film;/m/04vr_f;;;;;;;;;;15.546358;10.808108;1;2
/m/0kb07;/film/film/distributors./film/film_film_distributor_relationship/distributor;/m/05qd_;/m/0kb07;/film/film/production_companies;/m/05qd_;;;;;;;;;;11.13501;10.612849;1;1
/m/0pv54;/film/film/distributors./film/film_film_distributor_relationship/distributor;/m/086k8;/m/086k8;/film/film_distributor/films_distributed./film/film_film_distributor_relationship/film;/m/0pv54;;;;;;;;;;11.182228;7.3119936;1;1
/m/02r8hh_;/film/film/executive_produced_by;/m/02q_cc;/m/02q_cc;/film/producer/films_executive_produced;/m/02r8hh_;;;;;;;;;;12.603124;4.732358;1;118
/m/0b2qtl;/film/film/genre;/m/060__y;/m/060__y;/film/film_genre/films_in_this_genre;/m/0b2qtl;;;;;;;;;;9.624819;6.613796;1;1
/m/0421v9q;/film/film/genre;/m/02l7c8;/m/0421v9q;/film/film/genre;/m/06cvj;;;;;;;;;;7.5631247;6.603051;1;3
/m/05nlx4;/film/film/other_crew./film/film_crew_gig/crewmember;/m/0g9zcgx;/m/0g9zcgx;/film/film_crewmember/films_crewed./film/film_crew_gig/film;/m/05nlx4;;;;;;;;;;14.0216055;13.483318;1;1
/m/0h1cdwq;/film/film/production_companies;/m/016tt2;/m/016tt2;/film/production_company/films;/m/0h1cdwq;;;;;;;;;;11.442198;9.745997;1;1
/m/04gv3db;/film/film/starring./film/performance/actor;/m/01rcmg;/m/01rcmg;/film/actor/film./film/performance/film;/m/04gv3db;;;;;;;;;;11.242655;6.5540347;1;56
/m/03shpq;/film/film/starring./film/performance/actor;/m/059_gf;/m/059_gf;/film/actor/film./film/performance/film;/m/03shpq;;;;;;;;;;11.913842;10.354467;1;1
/m/05nlx4;/film/film/starring./film/performance/actor;/m/01tsbmv;/m/05nlx4;/film/film/starring./film/performance/actor;/m/014q2g;;;;;;;;;;8.462453;8.318488;1;3
/m/07ghv5;/film/film/starring./film/performance/actor;/m/01rddlc;/m/01rddlc;/film/actor/film./film/performance/film;/m/07ghv5;;;;;;;;;;12.230342;8.625973;1;11
/m/0jvt9;/film/film/starring./film/performance/actor;/m/01csrl;/m/01csrl;/film/actor/film./film/performance/film;/m/0jvt9;;;;;;;;;;12.116371;5.6551905;1;212
/m/02wgk1;/film/film/starring./film/performance/actor;/m/044mrh;/m/044mrh;/film/actor/film./film/performance/film;/m/02wgk1;;;;;;;;;;11.359819;4.983586;1;359
/m/0fvr1;/film/film/starring./film/performance/actor;/m/01t6xz;/m/01t6xz;/film/actor/film./film/performance/film;/m/0fvr1;;;;;;;;;;11.383594;3.4790456;1;938
/m/0_7w6;/film/film/starring./film/performance/actor;/m/01v3vp;/m/01v3vp;/film/actor/film./film/performance/film;/m/0_7w6;;;;;;;;;;12.070822;7.5404463;1;10
/m/01qncf;/film/film/written_by;/m/01g1lp;/m/01g1lp;/film/writer/film;/m/01qncf;;;;;;;;;;14.33173;12.121529;1;1
/m/03mfqm;/film/film_costumer_designer/costume_design_for_film;/m/027pfg;/m/027pfg;/film/film/costume_design_by;/m/03mfqm;;;;;;;;;;13.105489;9.921668;1;3
/m/03_gd;/film/film_story_contributor/film_story_credits;/m/01gwk3;/m/01gwk3;/film/film/story_by;/m/03_gd;;;;;;;;;;12.701074;8.373514;1;6
/m/03c_8t;/film/music_contributor/film;/m/0ddf2bm;/m/0ddf2bm;/film/film/music;/m/03c_8t;;;;;;;;;;13.410962;7.110602;1;207
/m/01pb34;/film/special_film_performance_type/film_performance_type./film/performance/film;/m/013q07;/m/01pb34;/film/special_film_performance_type/film_performance_type./film/performance/film;/m/013q0p;;;;;;;;;;9.974803;9.238242;1;2
/m/026zt;/geography/river/basin_countries;/m/077qn;/m/026zt;/location/location/partially_containedby;/m/077qn;;;;;;;;;;8.017589;7.703706;1;1
/m/0226cw;/government/politician/government_positions_held./government/government_position_held/legislative_sessions;/m/04gp1d;/m/0226cw;/government/politician/government_positions_held./government/government_position_held/legislative_sessions;/m/060ny2;;;;;;;;;;12.320753;12.1394615;1;1
/m/0q9t7;/influence/influence_node/influenced_by;/m/014z8v;/m/014z8v;/influence/influence_node/influenced;/m/0q9t7;;;;;;;;;;12.121616;6.6039734;1;2
/m/07lp1;/influence/influence_node/influenced_by;/m/0hcvy;/m/0hcvy;/influence/influence_node/influenced;/m/07lp1;;;;;;;;;;11.15215;6.4614215;1;59
/m/07f5x;/location/location/adjoin_s./location/adjoining_relationship/adjoins;/m/0164v;/m/0164v;/location/location/adjoin_s./location/adjoining_relationship/adjoins;/m/07f5x;;;;;;;;;;12.916813;8.617151;1;28
/m/05nrg;/location/location/contains;/m/05br2;/m/05br2;/location/location/containedby;/m/05nrg;;;;;;;;;;13.464586;10.064854;1;10
/m/01gf5;/location/location/people_born_here;/m/0149xx;/m/0149xx;/people/person/place_of_birth;/m/01gf5;;;;;;;;;;15.59836;5.509237;1;222
/m/0f__1;/location/location/people_born_here;/m/02mxw0;/m/02mxw0;/people/person/place_of_birth;/m/0f__1;;;;;;;;;;12.480278;10.0388975;1;5
/m/01c7qd;/music/artist/contribution./music/recording_contribution/performance_role;/m/03bx0bm;/m/03bx0bm;/music/performance_role/guest_performances./music/recording_contribution/contributor;/m/01c7qd;;;;;;;;;;12.236715;7.250606;1;1
/m/04bbv7;/music/artist/genre;/m/06by7;/m/06by7;/music/genre/artists;/m/04bbv7;;;;;;;;;;10.378661;7.9381366;1;1
/m/0gg8l;/music/genre/artists;/m/02cx90;/m/02cx90;/music/artist/genre;/m/0gg8l;;;;;;;;;;10.451439;9.115469;1;1
/m/08cyft;/music/genre/subgenre;/m/03mb9;/m/03mb9;/music/genre/parent_genre;/m/08cyft;;;;;;;;;;12.47981;11.629255;1;7
/m/0frsw;/music/musical_group/member./music/group_membership/member;/m/0lbj1;/m/0lbj1;/music/group_member/membership./music/group_membership/group;/m/0frsw;;;;;;;;;;15.065043;12.103701;1;1
/m/0bxl5;/music/performance_role/track_performances./music/track_contribution/contributor;/m/0fpjd_g;/m/0fpjd_g;/music/artist/track_contributions./music/track_contribution/role;/m/0bxl5;;;;;;;;;;10.604671;7.475251;1;19
/m/02w3w;/music/performance_role/track_performances./music/track_contribution/role;/m/042v_gx;/m/042v_gx;/music/performance_role/track_performances./music/track_contribution/role;/m/02w3w;;;;;;;;;;7.3272147;6.360748;1;2
/m/0879xc;/olympics/olympic_athlete/country./olympics/olympic_athlete_affiliation/sport;/m/02vx4;/m/0879xc;/sports/pro_athlete/sports_played_professionally./sports/pro_sports_played/sport;/m/02vx4;;;;;;;;;;10.928027;10.614876;1;1
/m/06mkj;/olympics/olympic_participating_country/athletes./olympics/olympic_athlete_affiliation/olympics;/m/0kbws;/m/0kbws;/olympics/olympic_games/athletes./olympics/olympic_athlete_affiliation/country;/m/06mkj;;;;;;;;;;8.9959545;8.20124;1;1
/m/0jgd;/olympics/olympic_participating_country/medals_won./olympics/olympic_medal_honor/olympics;/m/0l6mp;/m/0l6mp;/olympics/olympic_games/medals_awarded./olympics/olympic_medal_honor/country;/m/0jgd;;;;;;;;;;9.398163;8.344909;1;2
/m/071t0;/olympics/olympic_sport/athletes./olympics/olympic_athlete_affiliation/country;/m/07ww5;/m/07ww5;/olympics/olympic_participating_country/athletes./olympics/olympic_athlete_affiliation/sport;/m/071t0;;;;;;;;;;6.9172406;3.673587;1;82
/m/07f3xb;/people/person/places_lived./people/place_lived/location;/m/0nq_b;/m/07f3xb;/people/person/place_of_birth;/m/0nq_b;;;;;;;;;;10.453919;10.750831;1;1
/m/048hf;/people/person/places_lived./people/place_lived/location;/m/0kf9p;/m/048hf;/people/person/place_of_birth;/m/0kf9p;;;;;;;;;;9.931446;-0.8562122;1;2133
/m/019fz;/people/person/profession;/m/03sbb;/m/03sbb;/people/profession/people_with_this_profession;/m/019fz;;;;;;;;;;9.3972225;5.689855;1;5
/m/022_q8;/people/person/profession;/m/0q04f;/m/0q04f;/people/profession/people_with_this_profession;/m/022_q8;;;;;;;;;;8.614717;4.5874896;1;8
/m/0f13b;/people/person/profession;/m/0lgw7;/m/0lgw7;/people/profession/people_with_this_profession;/m/0f13b;;;;;;;;;;8.250664;2.7381766;1;22
/m/02t_99;/people/person/religion;/m/0c8wxp;/m/02t_99;/people/person/ethnicity;/m/033tf_;;;;;;;;;;13.655861;12.334525;1;1
/m/029bkp;/people/profession/people_with_this_profession;/m/0fpjd_g;/m/0fpjd_g;/people/person/profession;/m/029bkp;;;;;;;;;;9.40121;7.603228;1;3
/m/0kyk;/people/profession/people_with_this_profession;/m/02465;/m/02465;/people/person/profession;/m/0kyk;;;;;;;;;;8.143645;5.4292593;1;42
/m/0d8qb;/people/profession/people_with_this_profession;/m/01k70_;/m/01k70_;/people/person/profession;/m/0d8qb;;;;;;;;;;9.083624;7.170542;1;1
/m/05snw;/people/profession/people_with_this_profession;/m/0gz_;/m/0gz_;/people/person/profession;/m/05snw;;;;;;;;;;10.810668;8.907059;1;1
/m/0bgv4g;/sports/sports_position/players./american_football/football_historical_roster_position/position_s;/m/023wyl;/m/0bgv4g;/sports/sports_position/players./sports/sports_team_roster/position;/m/023wyl;;;;;;;;;;10.482457;9.492234;1;1
/m/0cqt41;/sports/sports_team/roster./baseball/baseball_historical_roster_position/player;/m/06s27s;/m/0cqt41;/baseball/baseball_team/historical_roster./sports/sports_team_roster/player;/m/06s27s;;;;;;;;;;12.036612;13.4806;1;1
/m/01dtl;/sports/sports_team/roster./soccer/football_roster_position/player;/m/05s_c38;/m/01dtl;/soccer/football_team/current_roster./sports/sports_team_roster/player;/m/05s_c38;;;;;;;;;;13.881124;13.046781;1;1
/m/0ws7;/sports/sports_team/roster./sports/sports_team_roster/position;/m/05zm34;/m/05zm34;/sports/sports_position/players./sports/sports_team_roster/team;/m/0ws7;;;;;;;;;;8.49217;8.2086525;1;1
/m/06n7h7;/tv/tv_actor/starring_roles./tv/regular_tv_appearance/series;/m/01h1bf;/m/01h1bf;/tv/tv_program/regular_cast./tv/regular_tv_appearance/actor;/m/06n7h7;;;;;;;;;;15.931928;14.203005;1;1
/m/0q9nj;/tv/tv_program/original_network./tv/tv_network_duration/network;/m/04rqd;/m/04rqd;/tv/tv_network/programs./tv/tv_network_duration/program;/m/0q9nj;;;;;;;;;;13.610844;8.905335;1;58
