/m/02wvfxl;/american_football/football_team/current_roster./american_football/football_roster_position/position;/m/02g_6j;/m/02wvfxl;/american_football/football_team/current_roster./american_football/football_roster_position/position;/m/02g_6x;;;;;;;;;;0.9801970720291138;0.9745674729347229;1;1
/m/02sp_v;/award/award_category/nominees./award/award_nomination/award_nominee;/m/011zf2;/m/011zf2;/award/award_nominee/award_nominations./award/award_nomination/award;/m/02sp_v;;;;;;;;;;0.6989784836769104;0.025363218039274216;1;317
/m/02x4wb;/award/award_category/winners./award/award_honor/award_winner;/m/0c9l1;/m/0c9l1;/award/award_winner/awards_won./award/award_honor/award;/m/02x4wb;;;;;;;;;;0.5164148211479187;0.27137064933776855;1;7
/m/0gqxm;/award/award_category/winners./award/award_honor/ceremony;/m/0bzmt8;/m/0gqxm;/award/award_category/winners./award/award_honor/ceremony;/m/02pgky2;;;;;;;;;;0.8299804925918579;0.9335636496543884;1;1
/m/0gq_v;/award/award_category/winners./award/award_honor/ceremony;/m/0ftlkg;/m/0ftlkg;/award/award_ceremony/awards_presented./award/award_honor/award;/m/0gq_v;;;;;;;;;;0.9362059831619263;0.7531706094741821;1;5
/m/02grdc;/award/award_category/winners./award/award_honor/ceremony;/m/019bk0;/m/02grdc;/award/award_category/winners./award/award_honor/ceremony;/m/0jzphpx;;;;;;;;;;0.9336777329444885;0.916454553604126;1;2
/m/02pz3j5;/award/award_category/winners./award/award_honor/honored_for;/m/0358x_;/m/02pz3j5;/award/award_category/winners./award/award_honor/honored_for;/m/01b64v;;;;;;;;;;0.8759297132492065;0.8999107480049133;1;2
/m/05p09zm;/award/award_category/winners./award/award_honor/honored_for;/m/01qvz8;/m/01qvz8;/award/award_winning_work/awards_won./award/award_honor/award;/m/05p09zm;;;;;;;;;;0.9375768899917603;0.8139287829399109;1;1
/m/0gqzz;/award/award_category/winners./award/award_honor/honored_for;/m/0j6b5;/m/0gqzz;/award/award_category/nominees./award/award_nomination/nominated_for;/m/0fs9vc;;;;;;;;;;0.5732699036598206;0.708925187587738;1;1
/m/09pnw5;/award/award_ceremony/awards_presented./award/award_honor/award;/m/054knh;/m/09pnw5;/award/award_ceremony/awards_presented./award/award_honor/award;/m/027s4dn;;;;;;;;;;0.9222059845924377;0.8699422478675842;1;1
/m/0hr3c8y;/award/award_ceremony/awards_presented./award/award_honor/award_winner;/m/027dtv3;/m/0hr3c8y;/award/award_ceremony/awards_presented./award/award_honor/award_winner;/m/0f830f;;;;;;;;;;0.9152936935424805;0.9191660284996033;1;1
/m/02q690_;/award/award_ceremony/awards_presented./award/award_honor/award_winner;/m/09px1w;/m/02q690_;/award/award_ceremony/awards_presented./award/award_honor/award_winner;/m/091yn0;;;;;;;;;;0.8702312707901001;0.8316634297370911;1;1
/m/0sxns;/award/award_nominated_work/award_nominations./award/award_nomination/award;/m/02z0dfh;/m/02z0dfh;/award/award_category/nominees./award/award_nomination/nominated_for;/m/0sxns;;;;;;;;;;0.9299383163452148;0.840651273727417;1;1
/m/05lfwd;/award/award_nominated_work/award_nominations./award/award_nomination/award_nominee;/m/06czyr;/m/05lfwd;/award/award_nominated_work/award_nominations./award/award_nomination/award_nominee;/m/0k2mxq;;;;;;;;;;0.8286778330802917;0.8598995208740234;1;2
/m/0g60z;/award/award_nominated_work/award_nominations./award/award_nomination/award_nominee;/m/022yb4;/m/0g60z;/award/award_nominated_work/award_nominations./award/award_nomination/award_nominee;/m/02bkdn;;;;;;;;;;0.9265705347061157;0.9194837808609009;1;2
/m/018ndc;/award/award_nominee/award_nominations./award/award_nomination/award;/m/026mff;/m/018ndc;/award/award_nominee/award_nominations./award/award_nomination/award;/m/01bgqh;;;;;;;;;;0.8702867031097412;0.8884531259536743;1;2
/m/02bvt;/award/award_nominee/award_nominations./award/award_nomination/award_nominee;/m/03wh8pq;/m/02bvt;/award/award_nominee/award_nominations./award/award_nomination/award_nominee;/m/0crx5w;;;;;;;;;;0.9007411599159241;0.900307297706604;1;2
/m/033jkj;/award/award_nominee/award_nominations./award/award_nomination/award_nominee;/m/033jj1;/m/033jkj;/award/award_winner/awards_won./award/award_honor/award_winner;/m/033jj1;;;;;;;;;;0.6457436084747314;0.5178409814834595;1;1
/m/01vhrz;/award/award_nominee/award_nominations./award/award_nomination/award_nominee;/m/067pl7;/m/01vhrz;/award/award_nominee/award_nominations./award/award_nomination/award_nominee;/m/062cg6;;;;;;;;;;0.8973788619041443;0.9230715036392212;1;1
/m/06151l;/award/award_nominee/award_nominations./award/award_nomination/nominated_for;/m/01g03q;/m/06151l;/tv/tv_actor/starring_roles./tv/regular_tv_appearance/series;/m/01g03q;;;;;;;;;;0.9345377683639526;0.9028480052947998;1;1
/m/03n08b;/award/award_nominee/award_nominations./award/award_nomination/nominated_for;/m/01k0vq;/m/01k0vq;/award/award_nominated_work/award_nominations./award/award_nomination/award_nominee;/m/03n08b;;;;;;;;;;0.7643117904663086;0.7447094917297363;1;1
/m/044mz_;/award/award_winner/awards_won./award/award_honor/award_winner;/m/044mm6;/m/044mz_;/award/award_winner/awards_won./award/award_honor/award_winner;/m/033w9g;;;;;;;;;;0.8963642716407776;0.848682165145874;1;1
/m/02p_ycc;/award/award_winner/awards_won./award/award_honor/award_winner;/m/01dy7j;/m/02p_ycc;/award/award_winner/awards_won./award/award_honor/award_winner;/m/02lfcm;;;;;;;;;;0.9189404845237732;0.8813245892524719;1;2
/m/0gkydb;/award/award_winner/awards_won./award/award_honor/award_winner;/m/018ygt;/m/018ygt;/award/award_winner/awards_won./award/award_honor/award_winner;/m/0gkydb;;;;;;;;;;0.8950084447860718;0.8576058149337769;1;1
/m/01934k;/award/award_winner/awards_won./award/award_honor/award_winner;/m/02l0sf;/m/02l0sf;/award/award_winner/awards_won./award/award_honor/award_winner;/m/01934k;;;;;;;;;;0.4020538032054901;0.2659650146961212;1;1
/m/057176;/award/award_winner/awards_won./award/award_honor/award_winner;/m/018yj6;/m/057176;/award/award_winner/awards_won./award/award_honor/award_winner;/m/01pcq3;;;;;;;;;;0.6670295000076294;0.7511628270149231;1;2
/m/01gz9n;/award/award_winner/awards_won./award/award_honor/honored_for;/m/05dmmc;/m/05dmmc;/award/award_winning_work/awards_won./award/award_honor/award_winner;/m/01gz9n;;;;;;;;;;0.7767442464828491;0.7193078994750977;1;1
/m/05lb87;/award/award_winner/awards_won./award/award_honor/honored_for;/m/03ln8b;/m/03ln8b;/award/award_nominated_work/award_nominations./award/award_nomination/award_nominee;/m/05lb87;;;;;;;;;;0.9559377431869507;0.891558051109314;1;1
/m/0gvsh7l;/award/award_winning_work/awards_won./award/award_honor/award_winner;/m/07lwsz;/m/07lwsz;/award/award_winner/awards_won./award/award_honor/honored_for;/m/0gvsh7l;;;;;;;;;;0.8413564562797546;0.72117680311203;1;1
/m/03d34x8;/award/award_winning_work/awards_won./award/award_honor/ceremony;/m/05c1t6z;/m/05c1t6z;/award/award_ceremony/awards_presented./award/award_honor/honored_for;/m/03d34x8;;;;;;;;;;0.8999062180519104;0.5705917477607727;1;1
/m/02sddg;/baseball/baseball_position/players;/m/040j2_;/m/02sddg;/baseball/baseball_position/players;/m/0hcs3;;;;;;;;;;0.7786741852760315;0.7156527042388916;1;1
/m/02bjhv;/business/business_operation/operating_income./measurement_unit/dated_money_value/currency;/m/09nqf;/m/02bjhv;/business/business_operation/assets./measurement_unit/dated_money_value/currency;/m/09nqf;;;;;;;;;;0.9986886382102966;0.9978439807891846;1;1
/m/031rp3;/business/employer/employees./business/employment_tenure/person;/m/03qncl3;/m/03qncl3;/people/person/employment_history./business/employment_tenure/company;/m/031rp3;;;;;;;;;;0.7971668839454651;0.39143577218055725;1;1
/m/02_01w;/celebrities/celebrity/sexual_relationships./celebrities/romantic_relationship/celebrity;/m/08b8vd;/m/08b8vd;/base/popstra/celebrity/dated./base/popstra/dated/participant;/m/02_01w;;;;;;;;;;0.504016637802124;0.22134704887866974;1;1
/m/01mskc3;/common/topic/webpage./common/webpage/category;/m/08mbj5d;/m/08mbj5d;/common/annotation_category/annotations./common/webpage/topic;/m/01mskc3;;;;;;;;;;0.9855861067771912;0.905927300453186;1;1
/m/021s9n;/education/educational_institution/school_type;/m/05pcjw;/m/021s9n;/business/employer/employees./business/employment_tenure/title;/m/021q1c;;;;;;;;;;0.3279170095920563;0.29794493317604065;1;2
/m/0cwx_;/education/university/fraternities_and_sororities;/m/04m8fy;/m/04m8fy;/education/fraternity_sorority/colleges_and_universities;/m/0cwx_;;;;;;;;;;0.4387112855911255;0.04905713349580765;1;2
/m/01j5ts;/film/actor/film./film/performance/film;/m/03kxj2;/m/03kxj2;/film/film/starring./film/performance/actor;/m/01j5ts;;;;;;;;;;0.7671808004379272;0.48948293924331665;1;1
/m/01yzhn;/film/actor/film./film/performance/film;/m/0y_yw;/m/0y_yw;/film/film/starring./film/performance/actor;/m/01yzhn;;;;;;;;;;0.08123969286680222;0.003218594938516617;1;66
/m/011zd3;/film/actor/film./film/performance/film;/m/09146g;/m/09146g;/film/film/starring./film/performance/actor;/m/011zd3;;;;;;;;;;0.416183203458786;0.052248384803533554;1;26
/m/05kwx2;/film/actor/film./film/performance/film;/m/02wk7b;/m/02wk7b;/film/film/starring./film/performance/actor;/m/05kwx2;;;;;;;;;;0.5641483068466187;0.28167596459388733;1;3
/m/016gr2;/film/actor/film./film/performance/special_performance_type;/m/0147fv;/m/0147fv;/film/special_film_performance_type/film_performance_type./film/performance/actor;/m/016gr2;;;;;;;;;;0.9904357194900513;0.9941416382789612;1;1
/m/016ztl;/film/film/country;/m/03_3d;/m/0534v;/film/editor/film;/m/016ztl;;;;;;;;;;0.7335631251335144;0.6314972043037415;1;2
/m/0gy7bj4;/film/film/distributors./film/film_film_distributor_relationship/distributor;/m/024rbz;/m/024rbz;/film/film_distributor/films_distributed./film/film_film_distributor_relationship/film;/m/0gy7bj4;;;;;;;;;;0.5888993144035339;0.2966991066932678;1;1
/m/0gyv0b4;/film/film/distributors./film/film_film_distributor_relationship/distributor;/m/03xq0f;/m/03xq0f;/film/film_distributor/films_distributed./film/film_film_distributor_relationship/film;/m/0gyv0b4;;;;;;;;;;0.7811894416809082;0.30342888832092285;1;3
/m/0bh8x1y;/film/film/film_festivals;/m/0gg7gsl;/m/0gg7gsl;/film/film_festival_event/films;/m/0bh8x1y;;;;;;;;;;0.6660453677177429;0.3929251730442047;1;1
/m/06q8qh;/film/film/genre;/m/04t36;/m/04t36;/film/film_genre/films_in_this_genre;/m/06q8qh;;;;;;;;;;0.9734969735145569;0.8668440580368042;1;1
/m/027m5wv;/film/film/music;/m/0fpjyd;/m/089g0h;/film/film_job/films_with_this_crew_job./film/film_crew_gig/film;/m/027m5wv;;;;;;;;;;0.6447175145149231;0.5986714959144592;1;1
/m/0hfzr;/film/film/other_crew./film/film_crew_gig/crewmember;/m/0b79gfg;/m/0b79gfg;/film/film_crewmember/films_crewed./film/film_crew_gig/film;/m/0hfzr;;;;;;;;;;0.9267066717147827;0.8485516905784607;1;1
/m/03nsm5x;/film/film/other_crew./film/film_crew_gig/film_crew_role;/m/02r96rf;/m/07s9rl0;/film/film_genre/films_in_this_genre;/m/03nsm5x;;;;;;;;;;0.7957554459571838;0.8790863752365112;1;1
/m/011ywj;/film/film/release_date_s./film/film_regional_release_date/film_release_distribution_medium;/m/029j_;/m/05mcjs;/film/writer/film;/m/011ywj;;;;;;;;;;0.9929304122924805;0.9980263113975525;1;1
/m/0bz6sq;/film/film/release_date_s./film/film_regional_release_date/film_release_distribution_medium;/m/029j_;/m/01z4y;/media_common/netflix_genre/titles;/m/0bz6sq;;;;;;;;;;0.9984719157218933;0.9993523955345154;1;1
/m/04ddm4;/film/film/release_date_s./film/film_regional_release_date/film_release_region;/m/059j2;/m/04ddm4;/film/film/release_date_s./film/film_regional_release_date/film_release_region;/m/0d0vqn;;;;;;;;;;0.9154000282287598;0.7620775103569031;1;3
/m/02fqrf;/film/film/release_date_s./film/film_regional_release_date/film_release_region;/m/02vzc;/m/02fqrf;/film/film/release_date_s./film/film_regional_release_date/film_release_region;/m/0d0vqn;;;;;;;;;;0.9749817848205566;0.9618417024612427;1;2
/m/027pfg;/film/film/release_date_s./film/film_regional_release_date/film_release_region;/m/0154j;/m/027pfg;/film/film/release_date_s./film/film_regional_release_date/film_release_region;/m/05qhw;;;;;;;;;;0.9729906916618347;0.9530620574951172;1;2
/m/05z43v;/film/film/starring./film/performance/actor;/m/0b_dy;/m/05z43v;/award/award_winning_work/awards_won./award/award_honor/award_winner;/m/0b_dy;;;;;;;;;;0.5378233790397644;0.4762389361858368;1;1
/m/01gkp1;/film/film/written_by;/m/01q_ph;/m/01gkp1;/film/film/executive_produced_by;/m/01q_ph;;;;;;;;;;0.35493022203445435;0.4460639953613281;1;1
/m/061dn_;/film/film_distributor/films_distributed./film/film_film_distributor_relationship/film;/m/0dgst_d;/m/061dn_;/film/film_distributor/films_distributed./film/film_film_distributor_relationship/film;/m/09gq0x5;;;;;;;;;;0.9473546147346497;0.9639365673065186;1;2
/m/0bj8m2;/film/film_genre/films_in_this_genre;/m/0fgrm;/m/0bj8m2;/film/film_genre/films_in_this_genre;/m/0b60sq;;;;;;;;;;0.7984804511070251;0.8756177425384521;1;2
/m/050z2;/film/music_contributor/film;/m/035yn8;/m/035yn8;/film/film/music;/m/050z2;;;;;;;;;;0.07324250787496567;0.00015712388267274946;1;2282
/m/01nz1q6;/film/person_or_entity_appearing_in_film/films./film/personal_film_appearance/film;/m/0bx_hnp;/m/0bx_hnp;/film/film/personal_appearances./film/personal_film_appearance/person;/m/01nz1q6;;;;;;;;;;0.7153393030166626;0.1639999896287918;1;1
/m/0b_fw;/film/person_or_entity_appearing_in_film/films./film/personal_film_appearance/type_of_appearance;/m/0147fv;/m/0147fv;/film/personal_film_appearance_type/film_appearances./film/personal_film_appearance/person;/m/0b_fw;;;;;;;;;;0.9961961507797241;0.9958909749984741;1;1
/m/06q8hf;/film/producer/films_executive_produced;/m/07h9gp;/m/07h9gp;/film/film/executive_produced_by;/m/06q8hf;;;;;;;;;;0.9725517630577087;0.8422876596450806;1;1
/m/07t_x;/location/country/form_of_government;/m/01d9r3;/m/01d9r3;/government/form_of_government/countries;/m/07t_x;;;;;;;;;;0.970550537109375;0.7320311665534973;1;2
/m/0xddr;/location/hud_foreclosure_area/estimated_number_foreclosures./measurement_unit/dated_integer/source;/m/0jbk9;/m/0xddr;/location/hud_foreclosure_area/hhuniv./measurement_unit/dated_integer/source;/m/0jbk9;;;;;;;;;;0.9984239339828491;0.9983664155006409;1;1
/m/0n2sh;/location/hud_foreclosure_area/total_residential_addresses./measurement_unit/dated_integer/source;/m/0jbk9;/m/0n2sh;/location/hud_foreclosure_area/estimated_number_foreclosures./measurement_unit/dated_integer/source;/m/0jbk9;;;;;;;;;;0.9981411695480347;0.9959839582443237;1;1
/m/0tbql;/location/location/contains;/m/01lnyf;/m/01lnyf;/location/location/containedby;/m/0tbql;;;;;;;;;;0.5486587882041931;0.24864140152931213;1;3
/m/03676;/location/statistical_region/gdp_real./measurement_unit/adjusted_money_value/adjustment_currency;/m/09nqf;/m/060bp;/government/government_office_category/officeholders./government/government_position_held/jurisdiction_of_office;/m/03676;;;;;;;;;;0.998267412185669;0.9980618357658386;1;1
/m/0n5yh;/location/us_county/hud_county_place;/m/0xhj2;/m/0xhj2;/location/hud_county_place/county;/m/0n5yh;;;;;;;;;;0.7293744087219238;0.5006281733512878;1;1
/m/0c3351;/media_common/netflix_genre/titles;/m/02c6d;/m/0c3351;/media_common/netflix_genre/titles;/m/05cj_j;;;;;;;;;;0.9521106481552124;0.9885104894638062;1;1
/m/01wj18h;/music/artist/genre;/m/02w4v;/m/02w4v;/music/genre/artists;/m/01wj18h;;;;;;;;;;0.6995658278465271;0.03327083960175514;1;36
/m/0232lm;/music/artist/label;/m/01dtcb;/m/01dtcb;/music/record_label/artist;/m/0232lm;;;;;;;;;;0.7550284266471863;0.25959885120391846;1;1
/m/0xhtw;/music/genre/artists;/m/01wkmgb;/m/018d6l;/music/artist/genre;/m/0xhtw;;;;;;;;;;0.8840548396110535;0.9109024405479431;1;2
/m/01w4c9;/music/performance_role/regular_performances./music/group_membership/role;/m/0l14md;/m/0l14md;/music/performance_role/regular_performances./music/group_membership/role;/m/01w4c9;;;;;;;;;;0.9899236559867859;0.979973554611206;1;1
/m/069d71;/olympics/olympic_athlete/medals_won./olympics/olympic_medal_honor/olympics;/m/06sks6;/m/06sks6;/olympics/olympic_games/medals_awarded./olympics/olympic_medal_honor/medalist;/m/069d71;;;;;;;;;;0.9804518818855286;0.9579448103904724;1;1
/m/0kbvv;/olympics/olympic_games/sports;/m/03tmr;/m/03tmr;/olympics/olympic_sport/olympic_games_contested;/m/0kbvv;;;;;;;;;;0.9724242687225342;0.9254742860794067;1;1
/m/035qy;/olympics/olympic_participating_country/athletes./olympics/olympic_athlete_affiliation/sport;/m/07jbh;/m/07jbh;/olympics/olympic_sport/athletes./olympics/olympic_athlete_affiliation/country;/m/035qy;;;;;;;;;;0.9606497883796692;0.8743135929107666;1;1
/m/0h7x;/olympics/olympic_participating_country/athletes./olympics/olympic_athlete_affiliation/sport;/m/035d1m;/m/035d1m;/olympics/olympic_sport/athletes./olympics/olympic_athlete_affiliation/country;/m/0h7x;;;;;;;;;;0.8895112872123718;0.7421345710754395;1;5
/m/019pcs;/olympics/olympic_participating_country/medals_won./olympics/olympic_medal_honor/medal;/m/02lq67;/m/02lq67;/olympics/olympic_medal/medal_winners./olympics/olympic_medal_honor/country;/m/019pcs;;;;;;;;;;0.9611080884933472;0.8797445297241211;1;1
/m/01gqfm;/olympics/olympic_sport/athletes./olympics/olympic_athlete_affiliation/country;/m/06bnz;/m/01gqfm;/olympics/olympic_sport/athletes./olympics/olympic_athlete_affiliation/country;/m/035qy;;;;;;;;;;0.8725818991661072;0.9056798815727234;1;1
/m/019tzd;/olympics/olympic_sport/athletes./olympics/olympic_athlete_affiliation/country;/m/03_3d;/m/03_3d;/olympics/olympic_participating_country/athletes./olympics/olympic_athlete_affiliation/sport;/m/019tzd;;;;;;;;;;0.8822088241577148;0.8512236475944519;1;1
/m/0486tv;/olympics/olympic_sport/athletes./olympics/olympic_athlete_affiliation/country;/m/01znc_;/m/0486tv;/olympics/olympic_sport/athletes./olympics/olympic_athlete_affiliation/country;/m/0d0kn;;;;;;;;;;0.9634529948234558;0.8636982440948486;1;2
/m/0d02km;/people/person/gender;/m/05zppz;/m/040696;/award/award_winner/awards_won./award/award_honor/award_winner;/m/0d02km;;;;;;;;;;0.9962124824523926;0.9661216139793396;1;1
/m/03q3sy;/people/person/gender;/m/05zppz;/m/032xhg;/award/award_nominee/award_nominations./award/award_nomination/award_nominee;/m/03q3sy;;;;;;;;;;0.984017550945282;0.9497030377388;1;1
/m/01r6jt2;/people/person/places_lived./people/place_lived/location;/m/04jpl;/m/04jpl;/location/location/people_born_here;/m/01r6jt2;;;;;;;;;;0.9153560996055603;0.8904030323028564;1;1
/m/01yfm8;/people/person/profession;/m/09jwl;/m/09jwl;/people/profession/people_with_this_profession;/m/01yfm8;;;;;;;;;;0.6309396028518677;0.07675282657146454;1;4
/m/0d0mbj;/people/person/profession;/m/025352;/m/025352;/people/profession/people_with_this_profession;/m/0d0mbj;;;;;;;;;;0.6687495708465576;0.1634494811296463;1;6
/m/04bdzg;/people/person/profession;/m/02hrh1q;/m/02hrh1q;/people/profession/people_with_this_profession;/m/04bdzg;;;;;;;;;;0.9806542992591858;0.9595378637313843;1;1
/m/046rfv;/people/person/profession;/m/02hrh1q;/m/02hrh1q;/people/profession/people_with_this_profession;/m/046rfv;;;;;;;;;;0.9677791595458984;0.7533648610115051;1;1
/m/01w_10;/people/person/profession;/m/0kyk;/m/0kyk;/people/profession/people_with_this_profession;/m/01w_10;;;;;;;;;;0.9262527227401733;0.37941932678222656;1;3
/m/01nd6v;/people/person/profession;/m/02hrh1q;/m/01nd6v;/people/person/profession;/m/0np9r;;;;;;;;;;0.9774188995361328;0.9466172456741333;1;1
/m/01ggbx;/people/person/profession;/m/02jknp;/m/01ggbx;/people/person/profession;/m/0dxtg;;;;;;;;;;0.9324411749839783;0.925336480140686;1;1
/m/046qq;/people/person/spouse_s./people/marriage/type_of_union;/m/04ztj;/m/046qq;/award/award_nominee/award_nominations./award/award_nomination/award;/m/07cbcy;;;;;;;;;;0.9984357953071594;0.9969809651374817;1;1
/m/0dgd_;/people/profession/people_with_this_profession;/m/07xr3w;/m/0dgd_;/people/profession/people_with_this_profession;/m/02vx4c2;;;;;;;;;;0.8465365767478943;0.7698867917060852;1;1
/m/046fz5;/soccer/football_team/current_roster./sports/sports_team_roster/position;/m/02sdk9v;/m/02sdk9v;/sports/sports_position/players./soccer/football_roster_position/team;/m/046fz5;;;;;;;;;;0.9502758979797363;0.926572859287262;1;1
/m/02g_6x;/sports/sports_position/players./american_football/football_roster_position/team;/m/070xg;/m/070xg;/american_football/football_team/current_roster./american_football/football_roster_position/position;/m/02g_6x;;;;;;;;;;0.9586308002471924;0.8987177610397339;1;1
/m/01y3v;/sports/sports_team/roster./american_football/football_historical_roster_position/player;/m/019y64;/m/019y64;/american_football/football_player/former_teams./american_football/football_historical_roster_position/team;/m/01y3v;;;;;;;;;;0.7558310627937317;0.617109477519989;1;1
/m/084l5;/sports/sports_team/roster./american_football/football_historical_roster_position/position_s;/m/06b1q;/m/084l5;/sports/sports_team/roster./american_football/football_historical_roster_position/position_s;/m/02g_6x;;;;;;;;;;0.9303288459777832;0.9389464855194092;1;2
/m/019mdt;/sports/sports_team/roster./soccer/football_roster_position/position;/m/02sdk9v;/m/019mdt;/sports/sports_team/roster./soccer/football_roster_position/position;/m/02nzb8;;;;;;;;;;0.9864288568496704;0.9693595767021179;1;2
/m/06pqy_;/sports/sports_team/roster./sports/sports_team_roster/position;/m/02sdk9v;/m/06pqy_;/sports/sports_team/roster./sports/sports_team_roster/position;/m/02_j1w;;;;;;;;;;0.926794171333313;0.9075601100921631;1;2
