/m/09qs08;/award/award_category/category_of;/m/0gcf2r;/m/0bxs_d;/time/event/instance_of_recurring_event;/m/0gcf2r;;;;;;;;;;0.9748955965042114;0.9379070401191711;1;1
/m/047byns;/award/award_category/category_of;/m/0gcf2r;/m/01n4f8;/award/award_nominee/award_nominations./award/award_nomination/award;/m/047byns;;;;;;;;;;0.91880202293396;0.782372772693634;1;1
/m/02x1dht;/award/award_category/nominees./award/award_nomination/nominated_for;/m/02rv_dz;/m/047msdk;/award/award_winning_work/awards_won./award/award_honor/award;/m/02x1dht;;;;;;;;;;0.972633957862854;0.9328550100326538;1;3
/m/01dpdh;/award/award_category/winners./award/award_honor/ceremony;/m/01mhwk;/m/0167v4;/award/award_nominee/award_nominations./award/award_nomination/award;/m/01dpdh;;;;;;;;;;0.8193919658660889;0.4988088309764862;1;2
/m/0257w4;/award/award_category/winners./award/award_honor/ceremony;/m/05pd94v;/m/01bgqh;/award/award_category/winners./award/award_honor/ceremony;/m/05pd94v;;;;;;;;;;0.8782909512519836;0.8173680901527405;1;1
/m/03ncb2;/award/award_category/winners./award/award_honor/ceremony;/m/01c6qp;/m/09hnb;/award/award_nominee/award_nominations./award/award_nomination/award;/m/03ncb2;;;;;;;;;;0.9176283478736877;0.9468055367469788;1;1
/m/01c99j;/award/award_category/winners./award/award_honor/ceremony;/m/056878;/m/01n44c;/award/award_nominee/award_nominations./award/award_nomination/award;/m/01c99j;;;;;;;;;;0.9755122065544128;0.9346221685409546;1;1
/m/09gkdln;/award/award_ceremony/awards_presented./award/award_honor/honored_for;/m/02pqs8l;/m/03mdt;/media_common/netflix_genre/titles;/m/02pqs8l;;;;;;;;;;0.8073395490646362;0.8327293395996094;1;1
/m/01j5x6;/award/award_nominee/award_nominations./award/award_nomination/award;/m/0ck27z;/m/069ld1;/award/award_nominee/award_nominations./award/award_nomination/award_nominee;/m/01j5x6;;;;;;;;;;0.9254614114761353;0.6870971918106079;1;1
/m/0738y5;/award/award_nominee/award_nominations./award/award_nomination/award;/m/0b6k___;/m/03w1lf;/education/educational_institution/students_graduates./education/education/student;/m/0738y5;;;;;;;;;;0.8017374873161316;0.4781121611595154;1;1
/m/0b05xm;/award/award_nominee/award_nominations./award/award_nomination/award;/m/0fbtbt;/m/01g3gq;/film/film/written_by;/m/0b05xm;;;;;;;;;;0.8879655599594116;0.9064376354217529;1;1
/m/016vg8;/award/award_nominee/award_nominations./award/award_nomination/award;/m/09sb52;/m/016ks_;/base/popstra/celebrity/dated./base/popstra/dated/participant;/m/016vg8;;;;;;;;;;0.7697542905807495;0.9321220517158508;1;1
/m/04qz6n;/award/award_nominee/award_nominations./award/award_nomination/nominated_for;/m/0g60z;/m/03x3qv;/award/award_nominee/award_nominations./award/award_nomination/nominated_for;/m/0g60z;;;;;;;;;;0.11329716444015503;0.030198611319065094;1;14
/m/03_r3;/base/aareas/schema/administrative_area/administrative_area_type;/m/0hzc9wc;/m/01mskc3;/people/person/nationality;/m/03_r3;;;;;;;;;;0.9920690059661865;0.9966781139373779;1;1
/m/071vr;/base/biblioness/bibs_location/state;/m/01n7q;/m/034zc0;/people/deceased_person/place_of_death;/m/071vr;;;;;;;;;;0.6015862822532654;0.3327621519565582;1;1
/m/0cv3w;/base/petbreeds/city_with_dogs/top_breeds./base/petbreeds/dog_city_relationship/dog_breed;/m/01_gx_;/m/0fvzg;/base/petbreeds/city_with_dogs/top_breeds./base/petbreeds/dog_city_relationship/dog_breed;/m/01_gx_;;;;;;;;;;0.9129810929298401;0.6563773155212402;1;1
/m/018mxj;/base/schemastaging/organization_extra/phone_number./base/schemastaging/phone_sandbox/service_language;/m/04306rv;/m/06fqlk;/film/film/language;/m/04306rv;;;;;;;;;;0.508802056312561;0.6769230961799622;1;1
/m/02d02;/baseball/baseball_team/team_stats./baseball/baseball_team_stats/season;/m/025ygws;/m/0cqt41;/baseball/baseball_team/team_stats./baseball/baseball_team_stats/season;/m/025ygws;;;;;;;;;;0.9831559658050537;0.8993911743164062;1;1
/m/016t_3;/education/educational_degree/people_with_this_degree./education/education/institution;/m/09kvv;/m/04zx3q1;/education/educational_degree/people_with_this_degree./education/education/institution;/m/09kvv;;;;;;;;;;0.9789552688598633;0.9599283933639526;1;1
/m/0bjrnt;/education/educational_degree/people_with_this_degree./education/education/major_field_of_study;/m/062z7;/m/01g6l8;/education/educational_institution/students_graduates./education/education/major_field_of_study;/m/062z7;;;;;;;;;;0.7512504458427429;0.490899920463562;1;7
/m/01pcj4;/education/educational_institution/school_type;/m/01rs41;/m/060c4;/business/job_title/people_with_this_title./business/employment_tenure/company;/m/01pcj4;;;;;;;;;;0.2941185534000397;0.5612407326698303;1;2
/m/07t90;/education/educational_institution/students_graduates./education/education/major_field_of_study;/m/03g3w;/m/019v9k;/education/educational_degree/people_with_this_degree./education/education/institution;/m/07t90;;;;;;;;;;0.5562199354171753;0.6675049662590027;1;2
/m/07c52;/education/field_of_study/students_majoring./education/education/student;/m/012x2b;/m/065_cjc;/film/film/written_by;/m/012x2b;;;;;;;;;;0.2723284661769867;0.2470012754201889;1;2
/m/02ln0f;/education/university/fraternities_and_sororities;/m/035tlh;/m/05krk;/education/university/fraternities_and_sororities;/m/035tlh;;;;;;;;;;0.9437949657440186;0.9178996682167053;1;1
/m/024y8p;/education/university/fraternities_and_sororities;/m/0325pb;/m/014mlp;/education/educational_degree/people_with_this_degree./education/education/institution;/m/024y8p;;;;;;;;;;0.9451202154159546;0.9492121338844299;1;1
/m/0ywqc;/film/actor/film./film/performance/film;/m/02qr3k8;/m/09p30_;/award/award_ceremony/awards_presented./award/award_honor/award_winner;/m/0ywqc;;;;;;;;;;0.29383158683776855;0.06073922663927078;1;23
/m/0392kz;/film/actor/film./film/performance/film;/m/0cks1m;/m/05qd_;/film/film_distributor/films_distributed./film/film_film_distributor_relationship/film;/m/0cks1m;;;;;;;;;;0.2223922312259674;0.20007486641407013;1;4
/m/05567m;/film/film/distributors./film/film_film_distributor_relationship/film_distribution_medium;/m/0735l;/m/04sx9_;/film/actor/film./film/performance/film;/m/05567m;;;;;;;;;;0.901373565196991;0.9120549559593201;1;1
/m/01cz7r;/film/film/film_format;/m/07fb8_;/m/016xh5;/film/actor/film./film/performance/film;/m/01cz7r;;;;;;;;;;0.67586350440979;0.9410858750343323;1;1
/m/0cnztc4;/film/film/genre;/m/03bxz7;/m/02chhq;/film/film/genre;/m/03bxz7;;;;;;;;;;0.3991727828979492;0.28090259432792664;1;5
/m/032016;/film/film/genre;/m/02kdv5l;/m/0tc7;/film/actor/film./film/performance/film;/m/032016;;;;;;;;;;0.6649982929229736;0.7598612904548645;1;3
/m/025twgf;/film/film/genre;/m/02kdv5l;/m/025twgt;/film/film/prequel;/m/025twgf;;;;;;;;;;0.5460532307624817;0.8192204236984253;1;1
/m/01l2b3;/film/film/genre;/m/01t_vv;/m/0292l3;/film/actor/film./film/performance/film;/m/01l2b3;;;;;;;;;;0.6317593455314636;0.7403714060783386;1;1
/m/033f8n;/film/film/other_crew./film/film_crew_gig/film_crew_role;/m/0ch6mp2;/m/0137n0;/film/actor/film./film/performance/film;/m/033f8n;;;;;;;;;;0.9550712704658508;0.9273111820220947;1;1
/m/04ynx7;/film/film/other_crew./film/film_crew_gig/film_crew_role;/m/09zzb8;/m/0d_84;/film/actor/film./film/performance/film;/m/04ynx7;;;;;;;;;;0.9558484554290771;0.9754766821861267;1;1
/m/05pdd86;/film/film/other_crew./film/film_crew_gig/film_crew_role;/m/015h31;/m/021yw7;/people/person/profession;/m/015h31;;;;;;;;;;0.9135255217552185;0.8533344864845276;1;2
/m/0ndsl1x;/film/film/other_crew./film/film_crew_gig/film_crew_role;/m/09vw2b7;/m/01q_ph;/film/actor/film./film/performance/film;/m/0ndsl1x;;;;;;;;;;0.8787168264389038;0.7391319870948792;1;1
/m/0dmn0x;/film/film/other_crew./film/film_crew_gig/film_crew_role;/m/0ch6mp2;/m/0bvhz9;/award/award_ceremony/awards_presented./award/award_honor/honored_for;/m/0dmn0x;;;;;;;;;;0.9234169125556946;0.782619833946228;1;1
/m/024lff;/film/film/other_crew./film/film_crew_gig/film_crew_role;/m/09zzb8;/m/05b49tt;/film/film_set_designer/film_sets_designed;/m/024lff;;;;;;;;;;0.9644231200218201;0.9590166807174683;1;1
/m/01qvz8;/film/film/other_crew./film/film_crew_gig/film_crew_role;/m/09zzb8;/m/016fjj;/award/award_nominee/award_nominations./award/award_nomination/nominated_for;/m/01qvz8;;;;;;;;;;0.9586411118507385;0.9481582045555115;1;1
/m/04165w;/film/film/other_crew./film/film_crew_gig/film_crew_role;/m/02r96rf;/m/02mt51;/award/award_nominated_work/award_nominations./award/award_nomination/nominated_for;/m/04165w;;;;;;;;;;0.6167360544204712;0.863949716091156;1;1
/m/09gq0x5;/film/film/other_crew./film/film_crew_gig/film_crew_role;/m/0ch6mp2;/m/0gqyl;/award/award_category/nominees./award/award_nomination/nominated_for;/m/09gq0x5;;;;;;;;;;0.9081291556358337;0.8911567330360413;1;1
/m/0cc5mcj;/film/film/other_crew./film/film_crew_gig/film_crew_role;/m/01vx2h;/m/0fsm8c;/film/actor/film./film/performance/film;/m/0cc5mcj;;;;;;;;;;0.695450484752655;0.7682376503944397;1;1
/m/0bm2nq;/film/film/other_crew./film/film_crew_gig/film_crew_role;/m/02r96rf;/m/047c9l;/film/actor/film./film/performance/film;/m/0bm2nq;;;;;;;;;;0.968357503414154;0.9229961633682251;1;1
/m/05dss7;/film/film/release_date_s./film/film_regional_release_date/film_release_region;/m/03rjj;/m/01mqc_;/film/actor/film./film/performance/film;/m/05dss7;;;;;;;;;;0.9864466190338135;0.9791468977928162;1;1
/m/0gyfp9c;/film/film/release_date_s./film/film_regional_release_date/film_release_region;/m/077qn;/m/027jq2;/people/person/nationality;/m/077qn;;;;;;;;;;0.9381434917449951;0.6750822067260742;1;14
/m/0kv238;/film/film/release_date_s./film/film_regional_release_date/film_release_region;/m/03gj2;/m/05c9zr;/film/film/country;/m/03gj2;;;;;;;;;;0.9812094569206238;0.9109169840812683;1;4
/m/0c8tkt;/film/film/release_date_s./film/film_regional_release_date/film_release_region;/m/02vzc;/m/04d2yp;/film/actor/film./film/performance/film;/m/0c8tkt;;;;;;;;;;0.8926848769187927;0.9492236375808716;1;1
/m/0gkz3nz;/film/film/release_date_s./film/film_regional_release_date/film_release_region;/m/03h64;/m/0klh7;/film/actor/film./film/performance/film;/m/0gkz3nz;;;;;;;;;;0.9601560831069946;0.9604248404502869;1;1
/m/0ds6bmk;/film/film/release_date_s./film/film_regional_release_date/film_release_region;/m/05r4w;/m/0c_gcr;/film/actor/film./film/performance/film;/m/0ds6bmk;;;;;;;;;;0.9735876321792603;0.959450900554657;1;1
/m/026lgs;/film/film/release_date_s./film/film_regional_release_date/film_release_region;/m/0345h;/m/06t74h;/film/actor/film./film/performance/film;/m/026lgs;;;;;;;;;;0.9822814464569092;0.9845090508460999;1;3
/m/017jd9;/film/film/release_date_s./film/film_regional_release_date/film_release_region;/m/07ylj;/m/02rdyk7;/award/award_category/nominees./award/award_nomination/nominated_for;/m/017jd9;;;;;;;;;;0.9309272766113281;0.9581370949745178;1;2
/m/03hxsv;/film/film/story_by;/m/042xh;/m/02jx1;/film/film_subject/films;/m/03hxsv;;;;;;;;;;0.30982011556625366;0.29537877440452576;1;1
/m/09728;/food/food/nutrients./food/nutrition_fact/nutrient;/m/0fzjh;/m/0971v;/food/food/nutrients./food/nutrition_fact/nutrient;/m/0fzjh;;;;;;;;;;0.9197317957878113;0.9289472103118896;1;1
/m/034_7s;/government/legislative_session/members./government/government_position_held/district_represented;/m/059ts;/m/01gvxh;/government/legislative_session/members./government/government_position_held/legislative_sessions;/m/034_7s;;;;;;;;;;0.3195572793483734;0.36868205666542053;1;1
/m/07hyk;/government/politician/government_positions_held./government/government_position_held/basic_title;/m/060c4;/m/0466k4;/government/politician/government_positions_held./government/government_position_held/basic_title;/m/060c4;;;;;;;;;;0.8282762765884399;0.8282330632209778;1;1
/m/046lt;/influence/influence_node/influenced_by;/m/0ph2w;/m/01w8g3;/film/film/personal_appearances./film/personal_film_appearance/person;/m/046lt;;;;;;;;;;0.3818795680999756;0.6770377159118652;1;2
/m/06qd3;/location/country/form_of_government;/m/01fpfn;/m/09lxtg;/location/country/form_of_government;/m/01fpfn;;;;;;;;;;0.9118286967277527;0.801978349685669;1;1
/m/0mkc3;/location/hud_foreclosure_area/estimated_number_of_mortgages./measurement_unit/dated_integer/source;/m/0jbk9;/m/09c7w0;/location/country/second_level_divisions;/m/0mkc3;;;;;;;;;;0.9943298101425171;0.9945993423461914;1;1
/m/0f2tj;/location/hud_foreclosure_area/estimated_number_of_mortgages./measurement_unit/dated_integer/source;/m/0jbk9;/m/014dq7;/people/person/place_of_birth;/m/0f2tj;;;;;;;;;;0.9691688418388367;0.9919014573097229;1;1
/m/01n4w;/location/location/time_zones;/m/02hczc;/m/0m2b5;/location/location/time_zones;/m/02hczc;;;;;;;;;;0.9442227482795715;0.9150310158729553;1;1
/m/0fr61;/location/location/time_zones;/m/02hcv8;/m/09c7w0;/location/country/second_level_divisions;/m/0fr61;;;;;;;;;;0.8578487038612366;0.9681687355041504;1;1
/m/0154j;/location/location/time_zones;/m/02llzg;/m/0fhp9;/location/location/time_zones;/m/02llzg;;;;;;;;;;0.8682427406311035;0.9144120812416077;1;1
/m/0136pk;/music/artist/track_contributions./music/track_contribution/role;/m/01vdm0;/m/0g2c8;/award/hall_of_fame/inductees./award/hall_of_fame_induction/inductee;/m/0136pk;;;;;;;;;;0.4995819330215454;0.41771194338798523;1;2
/m/0glt670;/music/genre/artists;/m/01vxlbm;/m/021_z5;/music/genre/parent_genre;/m/0glt670;;;;;;;;;;0.8891456127166748;0.9373403787612915;1;1
/m/019n8z;/olympics/olympic_games/medals_awarded./olympics/olympic_medal_honor/medal;/m/02lq67;/m/09c7w0;/olympics/olympic_participating_country/medals_won./olympics/olympic_medal_honor/medal;/m/02lq67;;;;;;;;;;0.9187142252922058;0.9693284034729004;1;1
/m/07f1x;/olympics/olympic_participating_country/medals_won./olympics/olympic_medal_honor/medal;/m/02lpp7;/m/09pmkv;/location/location/adjoin_s./location/adjoining_relationship/adjoins;/m/07f1x;;;;;;;;;;0.9067397117614746;0.9096388816833496;1;1
/m/019tzd;/olympics/olympic_sport/athletes./olympics/olympic_athlete_affiliation/country;/m/03_3d;/m/01sgl;/sports/sport/pro_athletes./sports/pro_sports_played/athlete;/m/019tzd;;;;;;;;;;0.9329418540000916;0.8042845129966736;1;3
/m/0bynt;/olympics/olympic_sport/athletes./olympics/olympic_athlete_affiliation/country;/m/04wlh;/m/05r4w;/location/statistical_region/places_exported_to./location/imports_and_exports/exported_to;/m/04wlh;;;;;;;;;;0.9433714747428894;0.9711215496063232;1;2
/m/03_8r;/olympics/olympic_sport/athletes./olympics/olympic_athlete_affiliation/country;/m/077qn;/m/01y8cr;/people/person/nationality;/m/077qn;;;;;;;;;;0.9624380469322205;0.9667957425117493;1;1
/m/01jzyx;/organization/non_profit_organization/registered_with./organization/non_profit_registration/registering_agency;/m/03z19;/m/016t_3;/education/educational_degree/people_with_this_degree./education/education/institution;/m/01jzyx;;;;;;;;;;0.9873692393302917;0.9919214248657227;1;1
/m/02bjhv;/organization/non_profit_organization/registered_with./organization/non_profit_registration/registering_agency;/m/03z19;/m/07s6fsf;/education/educational_degree/people_with_this_degree./education/education/institution;/m/02bjhv;;;;;;;;;;0.9873049855232239;0.9905842542648315;1;1
/m/0165v;/organization/organization_member/member_of./organization/organization_membership/organization;/m/04k4l;/m/0bq0p9;/organization/organization_member/member_of./organization/organization_membership/organization;/m/04k4l;;;;;;;;;;0.6379276514053345;0.5023616552352905;1;1
/m/05qkp;/organization/organization_member/member_of./organization/organization_membership/organization;/m/0_2v;/m/0jdk_;/olympics/olympic_games/participating_countries;/m/05qkp;;;;;;;;;;0.6151256561279297;0.6095685958862305;1;1
/m/0k8y7;/people/person/languages;/m/06b_j;/m/0c9k8;/film/film/language;/m/06b_j;;;;;;;;;;0.1415756493806839;0.02342379465699196;1;3
/m/082xp;/people/person/nationality;/m/02jx1;/m/07wpm;/government/political_party/politicians_in_this_party./government/political_party_tenure/politician;/m/082xp;;;;;;;;;;0.420102059841156;0.6364104747772217;1;1
/m/03q43g;/people/person/place_of_birth;/m/0h7h6;/m/0415ggl;/film/film/featured_film_locations;/m/0h7h6;;;;;;;;;;0.14161348342895508;0.03207767754793167;1;18
/m/0146pg;/people/person/profession;/m/01c72t;/m/0gltv;/film/film/music;/m/0146pg;;;;;;;;;;0.6856335997581482;0.7238863706588745;1;1
/m/0362q0;/people/person/profession;/m/01d_h8;/m/02qwg;/people/person/profession;/m/01d_h8;;;;;;;;;;0.5285478830337524;0.3214187026023865;1;1
/m/0187y5;/people/person/profession;/m/01d_h8;/m/0gn30;/award/award_nominee/award_nominations./award/award_nomination/award_nominee;/m/0187y5;;;;;;;;;;0.8043160438537598;0.6733607649803162;1;3
/m/03wh8kl;/people/person/profession;/m/03gjzk;/m/03cws8h;/award/award_winner/awards_won./award/award_honor/award_winner;/m/03wh8kl;;;;;;;;;;0.5554439425468445;0.5524628162384033;1;2
/m/04l3_z;/people/person/profession;/m/018gz8;/m/04kkz8;/film/film/written_by;/m/04l3_z;;;;;;;;;;0.6008217930793762;0.07652385532855988;1;6
/m/05hj_k;/people/person/profession;/m/01d_h8;/m/07tj4c;/film/film/executive_produced_by;/m/05hj_k;;;;;;;;;;0.9377267360687256;0.9379968643188477;1;1
/m/02lj6p;/people/person/profession;/m/03gjzk;/m/016_mj;/influence/influence_node/influenced_by;/m/02lj6p;;;;;;;;;;0.8246121406555176;0.8904343247413635;1;1
/m/03h502k;/people/person/profession;/m/0dz3r;/m/0401sg;/film/film/music;/m/03h502k;;;;;;;;;;0.9148072600364685;0.8594196438789368;1;1
/m/019g40;/people/person/profession;/m/0dz3r;/m/0gywn;/music/genre/artists;/m/019g40;;;;;;;;;;0.7570098638534546;0.748734712600708;1;1
/m/01pw2f1;/people/person/profession;/m/01d_h8;/m/01vw20_;/base/popstra/celebrity/breakup./base/popstra/breakup/participant;/m/01pw2f1;;;;;;;;;;0.5349278450012207;0.2718394100666046;1;3
/m/07zl1;/people/person/profession;/m/0kyk;/m/014ps4;/influence/influence_node/influenced_by;/m/07zl1;;;;;;;;;;0.43782928586006165;0.5109683871269226;1;1
/m/05prs8;/people/person/profession;/m/0dxtg;/m/03v1w7;/award/award_nominee/award_nominations./award/award_nomination/award_nominee;/m/05prs8;;;;;;;;;;0.8391984701156616;0.6922249794006348;1;4
/m/050z2;/people/person/profession;/m/0dz3r;/m/035yn8;/film/film/music;/m/050z2;;;;;;;;;;0.9334089756011963;0.9309445023536682;1;1
/m/05z775;/people/person/profession;/m/0np9r;/m/07ng9k;/film/film/dubbing_performances./film/dubbing_performance/actor;/m/05z775;;;;;;;;;;0.5681177973747253;0.6285377144813538;1;1
/m/026l37;/people/person/profession;/m/0dxtg;/m/0c3p7;/award/award_nominee/award_nominations./award/award_nomination/award_nominee;/m/026l37;;;;;;;;;;0.5656272768974304;0.44846320152282715;1;1
/m/03sww;/people/person/profession;/m/03gjzk;/m/01b_lz;/tv/tv_program/regular_cast./tv/regular_tv_appearance/actor;/m/03sww;;;;;;;;;;0.4300776720046997;0.3301165997982025;1;1
/m/025vry;/people/person/religion;/m/03_gx;/m/0gnkb;/film/film/music;/m/025vry;;;;;;;;;;0.7056039571762085;0.7811633944511414;1;1
/m/02d02;/sports/professional_sports_team/draft_picks./sports/sports_league_draft_pick/draft;/m/02pq_rp;/m/01z9v6;/sports/sports_position/players./sports/sports_team_roster/team;/m/02d02;;;;;;;;;;0.9027699828147888;0.9586285948753357;1;1
/m/04v9wn;/sports/sports_team/colors;/m/083jv;/m/01wx_y;/sports/sports_team/colors;/m/083jv;;;;;;;;;;0.4878784120082855;0.3762877285480499;1;2
/m/0cv3w;/travel/travel_destination/climate./travel/travel_destination_monthly_climate/month;/m/0ll3;/m/01pl9g;/people/person/spouse_s./people/marriage/location_of_ceremony;/m/0cv3w;;;;;;;;;;0.9647259712219238;0.938457190990448;1;1
/m/030p35;/tv/tv_program/genre;/m/01t_vv;/m/05gml8;/award/award_nominee/award_nominations./award/award_nomination/nominated_for;/m/030p35;;;;;;;;;;0.27585768699645996;0.08123227953910828;1;12
/m/043qqt5;/tv/tv_program/tv_producer./tv/tv_producer_term/producer_type;/m/0ckd1;/m/03mstc;/tv/tv_producer/programs_produced./tv/tv_producer_term/program;/m/043qqt5;;;;;;;;;;0.9957470297813416;0.9960216879844666;1;1
/m/02rxj;/user/tsegaran/random/taxonomy_subject/entry./user/tsegaran/random/taxonomy_entry/taxonomy;/m/04n6k;/m/01wyzyl;/people/person/religion;/m/02rxj;;;;;;;;;;0.9976556301116943;0.9867896437644958;1;1
