mickey_daniels;actedin;the_big_show_(1923_film);mickey_daniels;actedin;july_days_(film);mickey_daniels;actedin;stage_fright_(1923_film);0.7477171;1;0.98366666;2;0.8528298;5;3.532662630395123;3.8557019233703613
mickey_daniels;actedin;the_big_show_(1923_film);mickey_daniels;actedin;july_days_(film);mickey_daniels;actedin;the_champeen;0.7477171;1;0.98366666;2;0.9521638;4;2.507875059450036;3.851850748062134
mickey_daniels;actedin;the_big_show_(1923_film);mickey_daniels;actedin;a_quiet_street;mickey_daniels;actedin;july_days_(film);0.7477171;1;0.98366666;2;0.9220089;4;2.515409565045323;4.01472282409668
mickey_daniels;actedin;the_big_show_(1923_film);mickey_daniels;actedin;july_days_(film);mickey_daniels;actedin;the_cobbler_(1923_film);0.7477171;1;0.98366666;2;0.92311466;4;2.5151333765987647;4.140726327896118
mickey_daniels;actedin;the_big_show_(1923_film);mickey_daniels;actedin;july_days_(film);mickey_daniels;actedin;back_stage_(1923_film);0.7477171;1;0.98366666;2;0.9375277;4;2.51153268973193;4.1346495151519775
mickey_daniels;actedin;the_big_show_(1923_film);mickey_daniels;actedin;july_days_(film);mickey_daniels;actedin;giants_vs._yanks;0.7477171;1;0.98366666;2;0.92234874;5;3.5153246788831507;4.146164417266846
mickey_daniels;actedin;the_big_show_(1923_film);mickey_daniels;actedin;july_days_(film);mickey_daniels;actedin;dogs_of_war_(film);0.7477171;1;0.98366666;2;0.85664964;4;2.531711632252068;4.13311243057251
mickey_daniels;actedin;the_big_show_(1923_film);mickey_daniels;actedin;july_days_(film);mickey_daniels;actedin;saturday_morning_(1922_film);0.7477171;1;0.98366666;2;0.9179551;4;2.5164219807033574;4.130620002746582
mickey_daniels;actedin;the_big_show_(1923_film);mickey_daniels;actedin;july_days_(film);mickey_daniels;actedin;young_sherlocks;0.7477171;1;0.98366666;2;0.93961835;4;2.5110102971584256;4.1318700313568115
mickey_daniels;actedin;the_big_show_(1923_film);mickey_daniels;actedin;stage_fright_(1923_film);mickey_daniels;actedin;the_champeen;0.7477171;1;0.98366666;2;0.8812387;5;3.5255846253740764;4.024869203567505
mickey_daniels;actedin;the_big_show_(1923_film);mickey_daniels;actedin;a_quiet_street;mickey_daniels;actedin;stage_fright_(1923_film);0.7477171;1;0.98366666;2;0.9330205;4;2.512658840719073;4.001937389373779
mickey_daniels;actedin;the_big_show_(1923_film);mickey_daniels;actedin;stage_fright_(1923_film);mickey_daniels;actedin;the_cobbler_(1923_film);0.7477171;1;0.98366666;2;0.88751835;4;2.524018577565701;4.001208782196045
mickey_daniels;actedin;the_big_show_(1923_film);mickey_daniels;actedin;a_quiet_street;mickey_daniels;actedin;the_champeen;0.7477171;1;0.98366666;2;0.94127256;4;2.510596938331484;3.999300241470337
mickey_daniels;actedin;the_big_show_(1923_film);mickey_daniels;actedin;stage_fright_(1923_film);mickey_daniels;actedin;back_stage_(1923_film);0.7477171;1;0.98366666;2;0.93164605;4;2.51300222032045;4.004209756851196
mickey_daniels;actedin;the_big_show_(1923_film);mickey_daniels;actedin;stage_fright_(1923_film);mickey_daniels;actedin;giants_vs._yanks;0.7477171;1;0.98366666;2;0.88837755;4;2.523804268583843;4.000385761260986
mickey_daniels;actedin;the_big_show_(1923_film);mickey_daniels;actedin;stage_fright_(1923_film);mickey_daniels;actedin;dogs_of_war_(film);0.7477171;1;0.98366666;2;0.90301144;5;3.520152880492901;4.00219202041626
mickey_daniels;actedin;the_big_show_(1923_film);mickey_daniels;actedin;stage_fright_(1923_film);mickey_daniels;actedin;saturday_morning_(1922_film);0.7477171;1;0.98366666;2;0.9533518;4;2.5075781353377993;4.001255750656128
rekha;haswonprize;filmfare_awards;rekha;actedin;vijeta;rekha;hasgender;female;0.99263144;1;0.9773228;2;0.98280334;2;0.4986298714599993;4.727344036102295
rekha;haswonprize;filmfare_awards;rekha;actedin;vijeta;rekha;actedin;zubeidaa;0.99263144;1;0.9773228;2;0.89855695;2;0.5196812930067374;4.857901573181152
rekha;haswonprize;filmfare_awards;rekha;actedin;vijeta;rekha;actedin;nagin_(1976_film);0.99263144;1;0.9773228;2;0.95657665;2;0.505186356851047;4.858411073684692
rekha;haswonprize;filmfare_awards;rekha;actedin;vijeta;rekha;actedin;khoon_pasina;0.99263144;1;0.9773228;2;0.95584834;2;0.5053684138536723;4.8578941822052
rekha;haswonprize;filmfare_awards;rekha;actedin;lajja_(film);rekha;actedin;vijeta;0.99263144;1;0.9773228;2;0.98221564;2;0.4987767959201848;4.8563761711120605
rekha;haswonprize;filmfare_awards;rekha;actedin;vijeta;rekha;actedin;dil_hai_tumhaara;0.99263144;1;0.9773228;2;0.9866431;2;0.49766995209348325;4.857294082641602
rekha;haswonprize;filmfare_awards;rekha;actedin;ganga_ki_saugandh;rekha;actedin;vijeta;0.99263144;1;0.9773228;2;0.8906928;2;0.521643977204598;4.856116533279419
rekha;haswonprize;filmfare_awards;rekha;actedin;namak_haraam;rekha;actedin;vijeta;0.99263144;1;0.9773228;2;0.9830867;2;0.49855903189959966;4.858251571655273
rekha;haswonprize;filmfare_awards;rekha;actedin;muqaddar_ka_sikandar;rekha;actedin;vijeta;0.99263144;1;0.9773228;2;0.9714792;2;0.5014609056861818;4.858060359954834
rekha;haswonprize;filmfare_awards;rekha;actedin;vijeta;rekha;actedin;umrao_jaan;0.99263144;1;0.9773228;2;0.76661557;2;0.5524827798005563;4.861357927322388
rekha;haswonprize;filmfare_awards;rekha;actedin;immaan_dharam;rekha;actedin;vijeta;0.99263144;1;0.9773228;2;0.9958599;2;0.49536585666711985;4.8519697189331055
rekha;haswonprize;filmfare_awards;rekha;actedin;suhaag_(1979_film);rekha;actedin;vijeta;0.99263144;1;0.9773228;2;0.98855674;2;0.4971915480808963;4.561636209487915
rekha;haswonprize;filmfare_awards;rekha;actedin;vijeta;rekha;actedin;ram_balram;0.99263144;1;0.9773228;2;0.98847836;2;0.497211142493954;4.538754463195801
rekha;haswonprize;filmfare_awards;rekha;actedin;utsav;rekha;actedin;vijeta;0.99263144;1;0.9773228;2;0.99575907;2;0.4953910672778157;4.545217275619507
alexander_hleb;isaffiliatedto;fc_bate_borisov;alexander_hleb;isaffiliatedto;belarus_national_football_team;alexander_hleb;isaffiliatedto;vfb_stuttgart;0.7576731;1;0.9783865;2;0.9544201;4;2.5059913211276785;5.012491464614868
alexander_hleb;isaffiliatedto;fc_bate_borisov;alexander_hleb;playsfor;fc_bate_borisov;alexander_hleb;isaffiliatedto;belarus_national_football_team;0.7576731;1;0.9783865;2;0.34280902;6;4.653753065370921;4.985541582107544
alexander_hleb;isaffiliatedto;fc_bate_borisov;alexander_hleb;playsfor;fc_bate_borisov;alexander_hleb;isaffiliatedto;vfb_stuttgart;0.7576731;1;0.9783865;2;0.47483727;4;2.6232930474117113;5.003781795501709
alexander_hleb;isaffiliatedto;fc_bate_borisov;alexander_hleb;hasgender;male;alexander_hleb;isaffiliatedto;belarus_national_football_team;0.7576731;1;0.9783865;2;0.9251753;3;1.5132996650949657;4.929638862609863
alexander_hleb;isaffiliatedto;fc_bate_borisov;alexander_hleb;isaffiliatedto;belarus_national_football_team;alexander_hleb;playsfor;arsenal_f.c.;0.7576731;1;0.9783865;2;0.92513204;3;1.5133104756775988;4.884587526321411
alexander_hleb;isaffiliatedto;fc_bate_borisov;alexander_hleb;isaffiliatedto;belarus_national_football_team;alexander_hleb;playsfor;torku_konyaspor;0.7576731;1;0.9783865;2;0.882722;3;1.5238979025470178;4.644091844558716
alexander_hleb;isaffiliatedto;fc_bate_borisov;alexander_hleb;wasbornin;minsk;alexander_hleb;isaffiliatedto;belarus_national_football_team;0.7576731;1;0.9783865;2;0.8420547;3;1.5340302572676336;4.5165979862213135
alexander_hleb;isaffiliatedto;fc_bate_borisov;alexander_hleb;isaffiliatedto;torku_konyaspor;alexander_hleb;isaffiliatedto;belarus_national_football_team;0.7576731;1;0.9783865;2;0.86752063;3;1.5276881184305218;4.605344295501709
alexander_hleb;isaffiliatedto;fc_bate_borisov;alexander_hleb;playsfor;vfl_wolfsburg;alexander_hleb;isaffiliatedto;belarus_national_football_team;0.7576731;1;0.9783865;2;0.87266296;2;0.526406298241985;4.724968194961548
alexander_hleb;isaffiliatedto;fc_bate_borisov;alexander_hleb;isaffiliatedto;birmingham_city_f.c.;alexander_hleb;isaffiliatedto;belarus_national_football_team;0.7576731;1;0.9783865;2;0.980948;2;0.4993596378489749;4.949672222137451
alexander_hleb;isaffiliatedto;fc_bate_borisov;alexander_hleb;hasgender;male;alexander_hleb;isaffiliatedto;vfb_stuttgart;0.7576731;1;0.9783865;2;0.96136177;3;1.5042560860704919;4.945099830627441
john_kerr_sr.;isaffiliatedto;new_york_cosmos;john_kerr_sr.;playsfor;new_york_cosmos;john_kerr_sr.;isaffiliatedto;canada_men's_national_soccer_team;0.8603576;1;0.99754214;2;0.08303798;15;13.713920970367289;3.918266773223877
harri_ylönen;isaffiliatedto;finland_national_football_team;harri_ylönen;playsfor;finland_national_football_team;harri_ylönen;isaffiliatedto;finland_national_under-21_football_team;0.8326293;1;0.9978389;3;0.17175846;5;2.6955255225141133;2.987905263900757
harri_ylönen;isaffiliatedto;finland_national_football_team;harri_ylönen;playsfor;finland_national_football_team;harri_ylönen;playsfor;sportfreunde_siegen;0.8326293;1;0.9978389;3;0.85603684;4;1.535391234591971;2.9844894409179688
harri_ylönen;isaffiliatedto;finland_national_football_team;harri_ylönen;playsfor;finland_national_football_team;harri_ylönen;isaffiliatedto;sk_brann;0.8326293;1;0.9978389;3;0.7490497;5;2.561878457182304;2.9816696643829346
harri_ylönen;isaffiliatedto;finland_national_football_team;harri_ylönen;playsfor;finland_national_football_team;harri_ylönen;playsfor;sk_brann;0.8326293;1;0.9978389;3;0.82967544;4;1.5419420763047615;2.982672691345215
harri_ylönen;isaffiliatedto;finland_national_football_team;harri_ylönen;playsfor;finland_national_football_team;harri_ylönen;playsfor;kuopion_palloseura;0.8326293;1;0.9978389;3;0.89906543;3;0.5246733133110055;2.982170343399048
harri_ylönen;isaffiliatedto;finland_national_football_team;harri_ylönen;isaffiliatedto;finland_national_under-21_football_team;harri_ylönen;playsfor;sportfreunde_siegen;0.8326293;1;0.9978389;3;0.98291147;3;0.5037317924149443;2.9887049198150635
harri_ylönen;isaffiliatedto;finland_national_football_team;harri_ylönen;isaffiliatedto;finland_national_under-21_football_team;harri_ylönen;isaffiliatedto;sk_brann;0.8326293;1;0.9978389;3;0.9176653;4;1.520032673544673;2.9749045372009277
harri_ylönen;isaffiliatedto;finland_national_football_team;harri_ylönen;playsfor;sk_brann;harri_ylönen;isaffiliatedto;finland_national_under-21_football_team;0.8326293;1;0.9978389;3;0.9907426;3;0.5017740652023339;3.0229885578155518
harri_ylönen;isaffiliatedto;finland_national_football_team;harri_ylönen;isaffiliatedto;finland_national_under-21_football_team;harri_ylönen;playsfor;kuopion_palloseura;0.8326293;1;0.9978389;3;0.9762166;3;0.5054053644439044;3.166203260421753
harri_ylönen;isaffiliatedto;finland_national_football_team;harri_ylönen;playsfor;finland_national_football_team;harri_ylönen;isaffiliatedto;sportfreunde_siegen;0.8326293;1;0.9978389;3;0.9656645;5;2.508042908291025;3.176038980484009
harri_ylönen;isaffiliatedto;finland_national_football_team;harri_ylönen;playsfor;finland_national_football_team;harri_ylönen;wasbornin;kuopio;0.8326293;1;0.9978389;3;0.846087;4;1.5378653460951348;3.301279306411743
harri_ylönen;isaffiliatedto;finland_national_football_team;harri_ylönen;playsfor;finland_national_football_team;harri_ylönen;playsfor;fc_haka;0.8326293;1;0.9978389;3;0.9286237;3;0.5172969046472364;3.1647965908050537
harri_ylönen;isaffiliatedto;finland_national_football_team;harri_ylönen;isaffiliatedto;finland_national_under-21_football_team;harri_ylönen;isaffiliatedto;sportfreunde_siegen;0.8326293;1;0.9978389;3;0.91613704;5;2.520414114261341;3.1680352687835693
harri_ylönen;isaffiliatedto;finland_national_football_team;harri_ylönen;wasbornin;kuopio;harri_ylönen;isaffiliatedto;finland_national_under-21_football_team;0.8326293;1;0.9978389;3;0.9826115;3;0.5038067856969698;3.3020966053009033
harri_ylönen;isaffiliatedto;finland_national_football_team;harri_ylönen;playsfor;fc_haka;harri_ylönen;isaffiliatedto;finland_national_under-21_football_team;0.8326293;1;0.9978389;3;0.9861091;2;-0.4970675745064139;3.170377731323242
harri_ylönen;isaffiliatedto;finland_national_football_team;harri_ylönen;isaffiliatedto;sk_brann;harri_ylönen;playsfor;sportfreunde_siegen;0.8326293;1;0.9978389;3;0.99655885;3;0.5003200172941012;3.1682024002075195
harri_ylönen;isaffiliatedto;finland_national_football_team;harri_ylönen;playsfor;sk_brann;harri_ylönen;playsfor;sportfreunde_siegen;0.8326293;1;0.9978389;3;0.99843866;2;-0.5001499354794383;3.1671087741851807
harri_ylönen;isaffiliatedto;finland_national_football_team;harri_ylönen;playsfor;sk_brann;harri_ylönen;isaffiliatedto;sk_brann;0.8326293;1;0.9978389;3;0.99681383;3;0.5002562701477713;3.1667373180389404
giovanni_stroppa;isaffiliatedto;foggia_calcio;giovanni_stroppa;playsfor;foggia_calcio;giovanni_stroppa;isaffiliatedto;s.s.d._piacenza_calcio_1919;0.7283834;1;0.98561007;2;0.20181072;16;14.686498382663597;6.266827583312988
ercole_rabitti;isaffiliatedto;a.c._fanfulla_1874;ercole_rabitti;playsfor;a.c._fanfulla_1874;ercole_rabitti;isaffiliatedto;juventus_f.c.;0.54553473;1;0.9369985;2;0.6815729;5;3.5635114655547593;4.535479307174683
ercole_rabitti;isaffiliatedto;a.c._fanfulla_1874;ercole_rabitti;playsfor;a.c._fanfulla_1874;ercole_rabitti;isaffiliatedto;a.s.d._spezia_calcio_2008;0.54553473;1;0.9369985;2;0.14471348;7;5.688321759080591;4.428141355514526
roger_lemerre;isaffiliatedto;france_national_football_team;roger_lemerre;playsfor;france_national_football_team;roger_lemerre;isaffiliatedto;a.s._nancy-lorraine;0.8807467;1;0.98593926;2;0.19349962;15;13.688354928312313;4.953263282775879
fernando_muñoz;isaffiliatedto;spain_national_football_team;fernando_muñoz;playsfor;spain_national_football_team;fernando_muñoz;isaffiliatedto;rcd_espanyol;0.95637673;1;0.99935657;2;0.84291226;3;1.5390315028143031;4.886380195617676
fernando_muñoz;isaffiliatedto;spain_national_football_team;fernando_muñoz;isaffiliatedto;rcd_espanyol;fernando_muñoz;isaffiliatedto;spain_national_under-21_football_team;0.95637673;1;0.99935657;2;0.9950819;4;2.5010686649500506;4.889793634414673
fernando_muñoz;isaffiliatedto;spain_national_football_team;fernando_muñoz;isaffiliatedto;rcd_espanyol;fernando_muñoz;playsfor;spain_national_under-18_football_team;0.95637673;1;0.99935657;2;0.9941121;3;1.5013111203659602;4.885740280151367
fernando_muñoz;isaffiliatedto;spain_national_football_team;fernando_muñoz;isaffiliatedto;rcd_espanyol;fernando_muñoz;isaffiliatedto;elche_c.f.;0.95637673;1;0.99935657;2;0.9993394;2;0.5000042915344237;4.887053966522217
fernando_muñoz;isaffiliatedto;spain_national_football_team;fernando_muñoz;isaffiliatedto;rcd_espanyol;fernando_muñoz;playsfor;rcd_espanyol;0.95637673;1;0.99935657;2;0.9993468;2;0.5000024437904357;4.884667873382568
fernando_muñoz;isaffiliatedto;spain_national_football_team;fernando_muñoz;isaffiliatedto;rcd_espanyol;fernando_muñoz;isaffiliatedto;sevilla_f.c.;0.95637673;1;0.99935657;2;0.99848676;3;1.500217452631592;4.884877681732178
fernando_muñoz;isaffiliatedto;spain_national_football_team;fernando_muñoz;isaffiliatedto;rcd_espanyol;fernando_muñoz;playsfor;real_madrid_c.f.;0.95637673;1;0.99935657;2;0.99538225;3;1.500993578318269;4.886528730392456
fernando_muñoz;isaffiliatedto;spain_national_football_team;fernando_muñoz;isaffiliatedto;rcd_espanyol;fernando_muñoz;isaffiliatedto;sevilla_fc;0.95637673;1;0.99935657;2;0.99861634;2;0.5001850575124163;4.884744882583618
fernando_muñoz;isaffiliatedto;spain_national_football_team;fernando_muñoz;isaffiliatedto;rcd_espanyol;fernando_muñoz;playsfor;spain_national_under-21_football_team;0.95637673;1;0.99935657;2;0.99613756;3;1.5008047514165312;4.882925510406494
fernando_muñoz;isaffiliatedto;spain_national_football_team;fernando_muñoz;isaffiliatedto;rcd_espanyol;fernando_muñoz;isaffiliatedto;r.c.d._espanyol_de_barcelona;0.95637673;1;0.99935657;2;0.9949722;2;0.5010960829581552;4.890218496322632
fernando_muñoz;isaffiliatedto;spain_national_football_team;fernando_muñoz;isaffiliatedto;rcd_espanyol;fernando_muñoz;hasgender;male;0.95637673;1;0.99935657;2;0.99745554;3;1.5004752574919882;4.750135898590088
fernando_muñoz;isaffiliatedto;spain_national_football_team;fernando_muñoz;isaffiliatedto;rcd_espanyol;fernando_muñoz;isaffiliatedto;spain_national_under-18_football_team;0.95637673;1;0.99935657;2;0.9954857;4;2.500967710001949;4.842292785644531
fernando_muñoz;isaffiliatedto;spain_national_football_team;fernando_muñoz;isaffiliatedto;rcd_espanyol;fernando_muñoz;isaffiliatedto;fc_barcelona;0.95637673;1;0.99935657;2;0.9978776;3;1.5003697424453066;4.862724781036377
fernando_muñoz;isaffiliatedto;spain_national_football_team;fernando_muñoz;isaffiliatedto;rcd_espanyol;fernando_muñoz;playsfor;fc_barcelona;0.95637673;1;0.99935657;2;0.9946508;3;1.5011764445052806;4.868048667907715
fernando_muñoz;isaffiliatedto;spain_national_football_team;fernando_muñoz;isaffiliatedto;rcd_espanyol;fernando_muñoz;playsfor;sevilla_fc;0.95637673;1;0.99935657;2;0.9977191;2;0.5004093646088492;4.834234952926636
vítor_moreno;isaffiliatedto;c.f._benfica;vítor_moreno;isaffiliatedto;odivelas_f.c.;vítor_moreno;isaffiliatedto;atlético_clube_de_portugal;0.56288236;1;0.9728822;2;0.9409758;4;2.507975929861687;4.838131427764893
vítor_moreno;isaffiliatedto;c.f._benfica;vítor_moreno;isaffiliatedto;odivelas_f.c.;vítor_moreno;isaffiliatedto;c.f._estrela_da_amadora;0.56288236;1;0.9728822;2;0.86985695;4;2.5257335566547843;4.794166088104248
vítor_moreno;isaffiliatedto;c.f._benfica;vítor_moreno;isaffiliatedto;odivelas_f.c.;vítor_moreno;isaffiliatedto;vitória_s.c.;0.56288236;1;0.9728822;2;0.84405994;4;2.5321611024630135;4.7906904220581055
vítor_moreno;isaffiliatedto;c.f._benfica;vítor_moreno;isaffiliatedto;odivelas_f.c.;vítor_moreno;isaffiliatedto;ad_ceuta;0.56288236;1;0.9728822;2;0.9156253;3;1.51431032494104;4.791096448898315
vítor_moreno;isaffiliatedto;c.f._benfica;vítor_moreno;isaffiliatedto;odivelas_f.c.;vítor_moreno;isaffiliatedto;g.d._estoril_praia;0.56288236;1;0.9728822;2;0.8009735;4;2.5428716552353743;4.790325164794922
vítor_moreno;isaffiliatedto;c.f._benfica;vítor_moreno;isaffiliatedto;f.c._barreirense;vítor_moreno;isaffiliatedto;odivelas_f.c.;0.56288236;1;0.9728822;2;0.9249103;4;2.5119906766420335;4.7579731941223145
vítor_moreno;isaffiliatedto;c.f._benfica;vítor_moreno;isaffiliatedto;c.f._estrela_da_amadora;vítor_moreno;isaffiliatedto;atlético_clube_de_portugal;0.56288236;1;0.9728822;2;0.9140412;4;2.5147060047578607;4.709680080413818
vítor_moreno;isaffiliatedto;c.f._benfica;vítor_moreno;isaffiliatedto;odivelas_f.c.;vítor_moreno;isaffiliatedto;portimonense_s.c.;0.56288236;1;0.9728822;2;0.8921538;4;2.5201711493647783;4.636735439300537
vítor_moreno;isaffiliatedto;c.f._benfica;vítor_moreno;isaffiliatedto;odivelas_f.c.;vítor_moreno;isaffiliatedto;cape_verde_national_football_team;0.56288236;1;0.9728822;2;0.9349593;4;2.509479593638327;4.636627435684204
vítor_moreno;isaffiliatedto;c.f._benfica;vítor_moreno;isaffiliatedto;vitória_s.c.;vítor_moreno;isaffiliatedto;atlético_clube_de_portugal;0.56288236;1;0.9728822;2;0.9190745;4;2.5134486892157932;4.654680252075195
vítor_moreno;isaffiliatedto;c.f._benfica;vítor_moreno;isaffiliatedto;atlético_clube_de_portugal;vítor_moreno;isaffiliatedto;ad_ceuta;0.56288236;1;0.9728822;2;0.895064;4;2.519444742127689;4.654897928237915
vítor_moreno;isaffiliatedto;c.f._benfica;vítor_moreno;isaffiliatedto;g.d._estoril_praia;vítor_moreno;isaffiliatedto;atlético_clube_de_portugal;0.56288236;1;0.9728822;2;0.9440024;4;2.507219453553561;4.655879974365234
vítor_moreno;isaffiliatedto;c.f._benfica;vítor_moreno;isaffiliatedto;f.c._barreirense;vítor_moreno;isaffiliatedto;atlético_clube_de_portugal;0.56288236;1;0.9728822;2;0.91056406;4;2.515574496520328;4.652134656906128
vítor_moreno;isaffiliatedto;c.f._benfica;vítor_moreno;isaffiliatedto;atlético_clube_de_portugal;vítor_moreno;isaffiliatedto;portimonense_s.c.;0.56288236;1;0.9728822;2;0.9577716;4;2.5037775811010596;4.66121768951416
vítor_moreno;isaffiliatedto;c.f._benfica;vítor_moreno;isaffiliatedto;atlético_clube_de_portugal;vítor_moreno;isaffiliatedto;cape_verde_national_football_team;0.56288236;1;0.9728822;2;0.75862885;4;2.553359377843208;4.905514717102051
vítor_moreno;isaffiliatedto;c.f._benfica;vítor_moreno;isaffiliatedto;vitória_s.c.;vítor_moreno;isaffiliatedto;c.f._estrela_da_amadora;0.56288236;1;0.9728822;2;0.93765324;4;2.5088063311552533;4.676767587661743
vítor_moreno;isaffiliatedto;c.f._benfica;vítor_moreno;isaffiliatedto;c.f._estrela_da_amadora;vítor_moreno;isaffiliatedto;ad_ceuta;0.56288236;1;0.9728822;2;0.8600436;4;2.5281797627873175;4.702704668045044
vítor_moreno;isaffiliatedto;c.f._benfica;vítor_moreno;isaffiliatedto;c.f._estrela_da_amadora;vítor_moreno;isaffiliatedto;g.d._estoril_praia;0.56288236;1;0.9728822;2;0.9620602;4;2.5027054731254545;4.594635009765625
vítor_moreno;isaffiliatedto;c.f._benfica;vítor_moreno;isaffiliatedto;f.c._barreirense;vítor_moreno;isaffiliatedto;c.f._estrela_da_amadora;0.56288236;1;0.9728822;2;0.8532554;4;2.529871090805515;4.4419567584991455
vítor_moreno;isaffiliatedto;c.f._benfica;vítor_moreno;isaffiliatedto;c.f._estrela_da_amadora;vítor_moreno;isaffiliatedto;portimonense_s.c.;0.56288236;1;0.9728822;2;0.9656357;4;2.5018116156457286;4.4358344078063965
vítor_moreno;isaffiliatedto;c.f._benfica;vítor_moreno;isaffiliatedto;c.f._estrela_da_amadora;vítor_moreno;isaffiliatedto;cape_verde_national_football_team;0.56288236;1;0.9728822;2;0.85689;4;2.528965578698735;4.377201080322266
vítor_moreno;isaffiliatedto;c.f._benfica;vítor_moreno;isaffiliatedto;vitória_s.c.;vítor_moreno;isaffiliatedto;ad_ceuta;0.56288236;1;0.9728822;2;0.91150105;4;2.515340474148093;4.404180526733398
vítor_moreno;isaffiliatedto;c.f._benfica;vítor_moreno;isaffiliatedto;vitória_s.c.;vítor_moreno;isaffiliatedto;g.d._estoril_praia;0.56288236;1;0.9728822;2;0.93325704;4;2.5099049959648925;4.408606767654419
vítor_moreno;isaffiliatedto;c.f._benfica;vítor_moreno;isaffiliatedto;g.d._estoril_praia;vítor_moreno;isaffiliatedto;ad_ceuta;0.56288236;1;0.9728822;2;0.94038486;4;2.5081236216816984;4.429819345474243
vítor_moreno;isaffiliatedto;c.f._benfica;vítor_moreno;isaffiliatedto;f.c._barreirense;vítor_moreno;isaffiliatedto;vitória_s.c.;0.56288236;1;0.9728822;2;0.92245954;4;2.5126029970246484;4.449713230133057
vítor_moreno;isaffiliatedto;c.f._benfica;vítor_moreno;isaffiliatedto;f.c._barreirense;vítor_moreno;isaffiliatedto;ad_ceuta;0.56288236;1;0.9728822;2;0.77970535;4;2.5481445905803892;4.445667743682861
vítor_moreno;isaffiliatedto;c.f._benfica;vítor_moreno;isaffiliatedto;vitória_s.c.;vítor_moreno;isaffiliatedto;portimonense_s.c.;0.56288236;1;0.9728822;2;0.90463716;4;2.517054644662788;4.427753925323486
vítor_moreno;isaffiliatedto;c.f._benfica;vítor_moreno;isaffiliatedto;f.c._barreirense;vítor_moreno;isaffiliatedto;g.d._estoril_praia;0.56288236;1;0.9728822;2;0.9307565;4;2.510529868352243;4.467310905456543
vítor_moreno;isaffiliatedto;c.f._benfica;vítor_moreno;isaffiliatedto;ad_ceuta;vítor_moreno;isaffiliatedto;portimonense_s.c.;0.56288236;1;0.9728822;2;0.91233486;4;2.515132215372857;4.74021315574646
vítor_moreno;isaffiliatedto;c.f._benfica;vítor_moreno;isaffiliatedto;g.d._estoril_praia;vítor_moreno;isaffiliatedto;portimonense_s.c.;0.56288236;1;0.9728822;2;0.90854275;4;2.5160793183349943;4.740333795547485
vítor_moreno;isaffiliatedto;c.f._benfica;vítor_moreno;isaffiliatedto;vitória_s.c.;vítor_moreno;isaffiliatedto;cape_verde_national_football_team;0.56288236;1;0.9728822;2;0.86867046;4;2.5260293843897847;4.737231731414795
vítor_moreno;isaffiliatedto;c.f._benfica;vítor_moreno;isaffiliatedto;f.c._barreirense;vítor_moreno;isaffiliatedto;portimonense_s.c.;0.56288236;1;0.9728822;2;0.8462278;4;2.531621337225414;4.740099191665649
vítor_moreno;isaffiliatedto;c.f._benfica;vítor_moreno;isaffiliatedto;cape_verde_national_football_team;vítor_moreno;isaffiliatedto;ad_ceuta;0.56288236;1;0.9728822;2;0.8233009;4;2.5373257585749007;4.740083932876587
vítor_moreno;isaffiliatedto;c.f._benfica;vítor_moreno;isaffiliatedto;g.d._estoril_praia;vítor_moreno;isaffiliatedto;cape_verde_national_football_team;0.56288236;1;0.9728822;2;0.88769054;4;2.5212850450958655;4.729268550872803
vítor_moreno;isaffiliatedto;c.f._benfica;vítor_moreno;isaffiliatedto;f.c._barreirense;vítor_moreno;isaffiliatedto;cape_verde_national_football_team;0.56288236;1;0.9728822;2;0.7021418;4;2.567274660550819;4.731209993362427
vítor_moreno;isaffiliatedto;c.f._benfica;vítor_moreno;isaffiliatedto;cape_verde_national_football_team;vítor_moreno;isaffiliatedto;portimonense_s.c.;0.56288236;1;0.9728822;2;0.9567836;4;2.504024567708124;4.734819650650024
vítor_moreno;isaffiliatedto;c.f._benfica;vítor_moreno;playsfor;cape_verde_national_football_team;vítor_moreno;isaffiliatedto;odivelas_f.c.;0.56288236;1;0.9728822;2;0.7227131;3;1.5622181213220752;4.749166965484619
vítor_moreno;isaffiliatedto;c.f._benfica;vítor_moreno;playsfor;c.f._benfica;vítor_moreno;isaffiliatedto;odivelas_f.c.;0.56288236;1;0.9728822;2;0.124892384;13;11.70014528670139;4.742938756942749
wayne_cegielski;isaffiliatedto;wales_national_under-21_football_team;wayne_cegielski;playsfor;wales_national_under-21_football_team;wayne_cegielski;isaffiliatedto;wrexham_f.c.;0.91213447;1;0.9873203;2;0.15753746;6;4.696309011285029;4.775638580322266
wayne_cegielski;isaffiliatedto;wales_national_under-21_football_team;wayne_cegielski;isaffiliatedto;wrexham_f.c.;wayne_cegielski;isaffiliatedto;blackpool_f.c.;0.91213447;1;0.9873203;2;0.96305627;3;1.5060657118094845;4.793116092681885
wayne_cegielski;isaffiliatedto;wales_national_under-21_football_team;wayne_cegielski;playsfor;wales_national_under-21_football_team;wayne_cegielski;isaffiliatedto;blackpool_f.c.;0.91213447;1;0.9873203;2;0.06430081;16;14.715656943588998;4.808640718460083
adrie_van_kraay;isaffiliatedto;netherlands_national_football_team;adrie_van_kraay;playsfor;netherlands_national_football_team;adrie_van_kraay;isaffiliatedto;psv_eindhoven;0.81462574;1;0.99512637;2;0.029821701;22;20.724182630910377;3.568298816680908
alo_bärengrub;isaffiliatedto;fc_lelle;alo_bärengrub;isaffiliatedto;nõmme_kalju_fc;alo_bärengrub;isaffiliatedto;fk_bodø/glimt;0.7591801;1;0.9805329;2;0.9254587;4;2.5137650597032004;3.832458972930908
alo_bärengrub;isaffiliatedto;fc_lelle;alo_bärengrub;isaffiliatedto;nõmme_kalju_fc;alo_bärengrub;isaffiliatedto;fc_warrior_valga;0.7591801;1;0.9805329;2;0.8650533;4;2.5288378568926713;3.8496880531311035
alo_bärengrub;isaffiliatedto;fc_lelle;alo_bärengrub;isaffiliatedto;nõmme_kalju_fc;alo_bärengrub;isaffiliatedto;estonia_national_football_team;0.7591801;1;0.9805329;2;0.9500604;4;2.5076175249105037;3.727476119995117
alo_bärengrub;isaffiliatedto;fc_lelle;alo_bärengrub;isaffiliatedto;nõmme_kalju_fc;alo_bärengrub;isaffiliatedto;fc_flora_tallinn;0.7591801;1;0.9805329;2;0.9639511;4;2.504145348457819;3.745256185531616
alo_bärengrub;isaffiliatedto;fc_lelle;alo_bärengrub;isaffiliatedto;fc_warrior_valga;alo_bärengrub;isaffiliatedto;fk_bodø/glimt;0.7591801;1;0.9805329;2;0.9265844;4;2.513483845337952;3.84687876701355
alo_bärengrub;isaffiliatedto;fc_lelle;alo_bärengrub;isaffiliatedto;estonia_national_football_team;alo_bärengrub;isaffiliatedto;fk_bodø/glimt;0.7591801;1;0.9805329;2;0.9769857;4;2.50088679697512;3.8451709747314453
alo_bärengrub;isaffiliatedto;fc_lelle;alo_bärengrub;isaffiliatedto;fc_flora_tallinn;alo_bärengrub;isaffiliatedto;fk_bodø/glimt;0.7591801;1;0.9805329;2;0.9497045;4;2.507706478850234;3.8428430557250977
alo_bärengrub;isaffiliatedto;fc_lelle;alo_bärengrub;isaffiliatedto;estonia_national_football_team;alo_bärengrub;isaffiliatedto;fc_warrior_valga;0.7591801;1;0.9805329;2;0.9790562;4;2.5003691762014904;3.8450686931610107
alo_bärengrub;isaffiliatedto;fc_lelle;alo_bärengrub;isaffiliatedto;fc_flora_tallinn;alo_bärengrub;isaffiliatedto;fc_warrior_valga;0.7591801;1;0.9805329;2;0.9504559;4;2.507518678357699;3.84562611579895
alo_bärengrub;isaffiliatedto;fc_lelle;alo_bärengrub;isaffiliatedto;fc_flora_tallinn;alo_bärengrub;isaffiliatedto;estonia_national_football_team;0.7591801;1;0.9805329;2;0.9693226;4;2.502802536344357;3.846728801727295
alo_bärengrub;isaffiliatedto;fc_lelle;alo_bärengrub;playsfor;fc_lelle;alo_bärengrub;isaffiliatedto;nõmme_kalju_fc;0.7591801;1;0.9805329;2;0.38080397;5;3.6455942899601483;3.8439676761627197
alo_bärengrub;isaffiliatedto;fc_lelle;alo_bärengrub;playsfor;fc_lelle;alo_bärengrub;isaffiliatedto;fk_bodø/glimt;0.7591801;1;0.9805329;2;0.53927433;5;3.6085588770509336;3.843921422958374
alex_tayo_akande;isaffiliatedto;eastern_aa;alex_tayo_akande;playsfor;eastern_aa;alex_tayo_akande;isaffiliatedto;kitchee_sc;0.95485723;1;0.99322975;2;0.16415852;6;4.696158509159632;4.6045310497283936
alex_tayo_akande;isaffiliatedto;eastern_aa;alex_tayo_akande;playsfor;eastern_aa;alex_tayo_akande;isaffiliatedto;waltham_forest_f.c.;0.95485723;1;0.99322975;2;0.55487806;3;1.6078662016430392;4.58714485168457
alex_tayo_akande;isaffiliatedto;eastern_aa;alex_tayo_akande;playsfor;eastern_aa;alex_tayo_akande;isaffiliatedto;hong_kong_rangers_fc;0.95485723;1;0.99322975;2;0.35970935;5;3.653287265114953;4.623887538909912
alex_tayo_akande;isaffiliatedto;eastern_aa;alex_tayo_akande;playsfor;eastern_aa;alex_tayo_akande;isaffiliatedto;hong_kong_sapling;0.95485723;1;0.99322975;2;0.39001247;4;2.6463920155878666;4.7332494258880615
alex_tayo_akande;isaffiliatedto;eastern_aa;alex_tayo_akande;isaffiliatedto;kitchee_sc;alex_tayo_akande;isaffiliatedto;waltham_forest_f.c.;0.95485723;1;0.99322975;2;0.9842355;3;1.5022485402636858;4.654743671417236
alex_tayo_akande;isaffiliatedto;eastern_aa;alex_tayo_akande;isaffiliatedto;hong_kong_rangers_fc;alex_tayo_akande;isaffiliatedto;kitchee_sc;0.95485723;1;0.99322975;2;0.99622154;3;1.499252051672933;4.610137462615967
alex_tayo_akande;isaffiliatedto;eastern_aa;alex_tayo_akande;isaffiliatedto;kitchee_sc;alex_tayo_akande;isaffiliatedto;hong_kong_sapling;0.95485723;1;0.99322975;2;0.9924843;3;1.5001863688144206;4.431628704071045
alex_tayo_akande;isaffiliatedto;eastern_aa;alex_tayo_akande;isaffiliatedto;hong_kong_rangers_fc;alex_tayo_akande;isaffiliatedto;waltham_forest_f.c.;0.95485723;1;0.99322975;2;0.9957795;3;1.4993625584718002;4.338643789291382
alex_tayo_akande;isaffiliatedto;eastern_aa;alex_tayo_akande;isaffiliatedto;hong_kong_sapling;alex_tayo_akande;isaffiliatedto;waltham_forest_f.c.;0.95485723;1;0.99322975;2;0.99504566;2;0.49954602134781956;4.756925106048584
alex_tayo_akande;isaffiliatedto;eastern_aa;alex_tayo_akande;isaffiliatedto;hong_kong_rangers_fc;alex_tayo_akande;isaffiliatedto;hong_kong_sapling;0.95485723;1;0.99322975;2;0.99639124;2;0.4992096281674321;4.83895206451416
alex_tayo_akande;isaffiliatedto;eastern_aa;alex_tayo_akande;playsfor;eastern_aa;alex_tayo_akande;playsfor;tai_po_fc;0.95485723;1;0.99322975;2;0.15260588;6;4.698596590930244;4.663410425186157
alex_tayo_akande;isaffiliatedto;eastern_aa;alex_tayo_akande;playsfor;eastern_aa;alex_tayo_akande;playsfor;hong_kong_sapling;0.95485723;1;0.99322975;2;0.5563412;3;1.6075173913693468;4.285604000091553
hossein_sadaghiani;isaffiliatedto;r._charleroi_s.c.;hossein_sadaghiani;playsfor;r._charleroi_s.c.;hossein_sadaghiani;isaffiliatedto;fenerbahçe_s.k._(football);0.81278557;1;0.98904663;2;0.09991819;5;3.7087102817958657;4.007230997085571
hossein_sadaghiani;isaffiliatedto;r._charleroi_s.c.;hossein_sadaghiani;playsfor;r._charleroi_s.c.;hossein_sadaghiani;isaffiliatedto;sk_rapid_wien;0.81278557;1;0.98904663;2;0.0769288;9;7.713433342519805;4.029419422149658
jesús_turiel;isaffiliatedto;real_valladolid_b;jesús_turiel;playsfor;real_valladolid_b;jesús_turiel;isaffiliatedto;cd_toledo;0.68340343;1;0.97013783;2;0.33219558;4;2.654288156425288;3.992311954498291
jesús_turiel;isaffiliatedto;real_valladolid_b;jesús_turiel;playsfor;real_valladolid_b;jesús_turiel;isaffiliatedto;real_valladolid;0.68340343;1;0.97013783;2;0.32455045;5;3.6560154021103477;3.9988343715667725
jesús_turiel;isaffiliatedto;real_valladolid_b;jesús_turiel;playsfor;real_valladolid_b;jesús_turiel;isaffiliatedto;hércules_cf;0.68340343;1;0.97013783;2;0.52597207;6;4.609251200566733;3.9993269443511963
jesús_turiel;isaffiliatedto;real_valladolid_b;jesús_turiel;playsfor;real_valladolid_b;jesús_turiel;isaffiliatedto;deportivo_alavés;0.68340343;1;0.97013783;2;0.22139661;5;3.6789043531866863;3.9983935356140137
jesús_turiel;isaffiliatedto;real_valladolid_b;jesús_turiel;playsfor;real_valladolid_b;jesús_turiel;isaffiliatedto;elche_cf;0.68340343;1;0.97013783;2;0.7327601;4;2.5590673392981866;3.9987685680389404
jesús_turiel;isaffiliatedto;real_valladolid_b;jesús_turiel;isaffiliatedto;real_valladolid;jesús_turiel;isaffiliatedto;cd_toledo;0.68340343;1;0.97013783;2;0.983751;3;1.4965967614504634;3.995976209640503
jesús_turiel;isaffiliatedto;real_valladolid_b;jesús_turiel;isaffiliatedto;hércules_cf;jesús_turiel;isaffiliatedto;cd_toledo;0.68340343;1;0.97013783;2;0.9914773;3;1.4946653334100268;3.996161460876465
jesús_turiel;isaffiliatedto;real_valladolid_b;jesús_turiel;isaffiliatedto;deportivo_alavés;jesús_turiel;isaffiliatedto;cd_toledo;0.68340343;1;0.97013783;2;0.9858278;3;1.4960775882006545;3.822871446609497
jesús_turiel;isaffiliatedto;real_valladolid_b;jesús_turiel;isaffiliatedto;cd_toledo;jesús_turiel;isaffiliatedto;elche_cf;0.68340343;1;0.97013783;2;0.9527021;4;2.5043588219512842;3.8919458389282227
jesús_turiel;isaffiliatedto;real_valladolid_b;jesús_turiel;isaffiliatedto;real_valladolid;jesús_turiel;isaffiliatedto;hércules_cf;0.68340343;1;0.97013783;2;0.9843209;4;2.496454298328812;3.8821797370910645
jesús_turiel;isaffiliatedto;real_valladolid_b;jesús_turiel;isaffiliatedto;real_valladolid;jesús_turiel;isaffiliatedto;deportivo_alavés;0.68340343;1;0.97013783;2;0.9867208;4;2.4958543535394435;3.881492853164673
jesús_turiel;isaffiliatedto;real_valladolid_b;jesús_turiel;isaffiliatedto;deportivo_alavés;jesús_turiel;isaffiliatedto;hércules_cf;0.68340343;1;0.97013783;2;0.9833739;3;1.4966910368494153;3.8669188022613525
jesús_turiel;isaffiliatedto;real_valladolid_b;jesús_turiel;isaffiliatedto;real_valladolid;jesús_turiel;isaffiliatedto;elche_cf;0.68340343;1;0.97013783;2;0.98731333;4;2.4957062316476435;3.8499507904052734
jesús_turiel;isaffiliatedto;real_valladolid_b;jesús_turiel;isaffiliatedto;hércules_cf;jesús_turiel;isaffiliatedto;elche_cf;0.68340343;1;0.97013783;2;0.99289167;2;0.4943117867333125;3.8602547645568848
spencer_evans;isaffiliatedto;port_vale_f.c.;spencer_evans;playsfor;port_vale_f.c.;spencer_evans;isaffiliatedto;altrincham_f.c.;0.8752544;1;0.9992706;2;0.004656975;70;68.72999824035004;4.086655378341675
vasil_gigiadze;isaffiliatedto;fc_samtredia;vasil_gigiadze;isaffiliatedto;sc_tavriya_simferopol;vasil_gigiadze;isaffiliatedto;fc_torpedo_kutaisi;0.8168388;1;0.9937733;2;0.96545404;4;2.5070793367869397;4.445596933364868
vasil_gigiadze;isaffiliatedto;fc_samtredia;vasil_gigiadze;isaffiliatedto;fc_dinamo_tbilisi;vasil_gigiadze;isaffiliatedto;sc_tavriya_simferopol;0.8168388;1;0.9937733;2;0.9849659;4;2.502201826048606;4.420556545257568
vasil_gigiadze;isaffiliatedto;fc_samtredia;vasil_gigiadze;isaffiliatedto;fc_dinamo_tbilisi;vasil_gigiadze;isaffiliatedto;fc_torpedo_kutaisi;0.8168388;1;0.9937733;2;0.9834721;3;1.5025752704106456;4.431462526321411
vasil_gigiadze;isaffiliatedto;fc_samtredia;vasil_gigiadze;playsfor;fc_samtredia;vasil_gigiadze;isaffiliatedto;sc_tavriya_simferopol;0.8168388;1;0.9937733;2;0.90043235;3;1.5233183056691355;4.431270599365234
vasil_gigiadze;isaffiliatedto;fc_samtredia;vasil_gigiadze;playsfor;fc_samtredia;vasil_gigiadze;isaffiliatedto;fc_torpedo_kutaisi;0.8168388;1;0.9937733;2;0.41689783;3;1.6403481305611194;4.426541805267334
vasil_gigiadze;isaffiliatedto;fc_samtredia;vasil_gigiadze;playsfor;fc_samtredia;vasil_gigiadze;isaffiliatedto;fc_dinamo_tbilisi;0.8168388;1;0.9937733;2;0.9220289;3;1.517928406079751;4.452647686004639
vasil_gigiadze;isaffiliatedto;fc_samtredia;vasil_gigiadze;isaffiliatedto;sc_tavriya_simferopol;vasil_gigiadze;playsfor;fc_torpedo_kutaisi;0.8168388;1;0.9937733;2;0.9764023;3;1.5043426405155065;4.429876327514648
vasil_gigiadze;isaffiliatedto;fc_samtredia;vasil_gigiadze;isaffiliatedto;sc_tavriya_simferopol;vasil_gigiadze;isaffiliatedto;fc_elista;0.8168388;1;0.9937733;2;0.9825781;3;1.502798766468857;4.401605844497681
vasil_gigiadze;isaffiliatedto;fc_samtredia;vasil_gigiadze;isaffiliatedto;sc_tavriya_simferopol;vasil_gigiadze;playsfor;fc_kryvbas_kryvyi_rih;0.8168388;1;0.9937733;2;0.99538463;3;1.499597162095448;4.443277597427368
vasil_gigiadze;isaffiliatedto;fc_samtredia;vasil_gigiadze;isaffiliatedto;sc_tavriya_simferopol;vasil_gigiadze;playsfor;fc_naftovyk-ukrnafta_okhtyrka;0.8168388;1;0.9937733;2;0.99075186;3;1.5007553541874434;4.443922519683838
vasil_gigiadze;isaffiliatedto;fc_samtredia;vasil_gigiadze;isaffiliatedto;sc_tavriya_simferopol;vasil_gigiadze;isaffiliatedto;fc_naftovyk-ukrnafta_okhtyrka;0.8168388;1;0.9937733;2;0.97926486;4;2.5036270429248844;4.450087308883667
nassim_ben_khalifa;isaffiliatedto;switzerland_national_under-17_football_team;nassim_ben_khalifa;playsfor;switzerland_national_under-17_football_team;nassim_ben_khalifa;playsfor;bsc_young_boys;0.8082881;1;0.97278225;3;0.04590228;10;7.716441877065889;4.428346157073975
daouda_kanté;isaffiliatedto;st._louis_steamers_(1998–2006);daouda_kanté;playsfor;st._louis_steamers_(1998–2006);daouda_kanté;isaffiliatedto;mercer_county_community_college;0.76878256;1;0.9700151;2;0.4428795;4;2.628814791194566;4.393670082092285
daouda_kanté;isaffiliatedto;st._louis_steamers_(1998–2006);daouda_kanté;playsfor;st._louis_steamers_(1998–2006);daouda_kanté;isaffiliatedto;central_jersey_riptide;0.76878256;1;0.9700151;2;0.16778982;8;6.69045029126159;4.398350715637207
jacques_glassmann;isaffiliatedto;tours_fc;jacques_glassmann;isaffiliatedto;fc_mulhouse;jacques_glassmann;isaffiliatedto;rc_strasbourg;0.74049586;1;0.99788386;2;0.9996959;3;1.4995469899225005;3.6289050579071045
jacques_glassmann;isaffiliatedto;tours_fc;jacques_glassmann;playsfor;tours_fc;jacques_glassmann;isaffiliatedto;rc_strasbourg;0.74049586;1;0.99788386;2;0.848381;3;1.5373062578728538;3.634232997894287
jacques_glassmann;isaffiliatedto;tours_fc;jacques_glassmann;playsfor;tours_fc;jacques_glassmann;isaffiliatedto;fc_mulhouse;0.74049586;1;0.99788386;2;0.402104;4;2.6446902204833;3.6306774616241455
jacques_glassmann;isaffiliatedto;tours_fc;jacques_glassmann;isaffiliatedto;rc_strasbourg;jacques_glassmann;isaffiliatedto;valenciennes_fc;0.74049586;1;0.99788386;2;0.7991068;4;2.549531285831545;3.623703718185425
jacques_glassmann;isaffiliatedto;tours_fc;jacques_glassmann;isaffiliatedto;fc_mulhouse;jacques_glassmann;isaffiliatedto;valenciennes_fc;0.74049586;1;0.99788386;2;0.9856392;4;2.5030611221988184;3.6337146759033203
jacques_glassmann;isaffiliatedto;tours_fc;jacques_glassmann;isaffiliatedto;rc_strasbourg;jacques_glassmann;isaffiliatedto;tours_f.c.;0.74049586;1;0.99788386;2;0.9748104;3;1.5057681028061858;3.632110595703125
jacques_glassmann;isaffiliatedto;tours_fc;jacques_glassmann;isaffiliatedto;fc_mulhouse;jacques_glassmann;isaffiliatedto;tours_f.c.;0.74049586;1;0.99788386;2;0.94526213;3;1.5131523957300521;3.62923264503479
jacques_glassmann;isaffiliatedto;tours_fc;jacques_glassmann;isaffiliatedto;r.c._strasbourg;jacques_glassmann;isaffiliatedto;rc_strasbourg;0.74049586;1;0.99788386;2;0.99780446;2;0.5000198483466998;3.7637457847595215
jacques_glassmann;isaffiliatedto;tours_fc;jacques_glassmann;isaffiliatedto;fc_mulhouse;jacques_glassmann;isaffiliatedto;r.c._strasbourg;0.74049586;1;0.99788386;2;0.98498374;3;1.5032249837917324;3.9491872787475586
jacques_glassmann;isaffiliatedto;tours_fc;jacques_glassmann;isaffiliatedto;rc_strasbourg;jacques_glassmann;wasbornin;mulhouse;0.74049586;1;0.99788386;2;0.9962674;3;1.50040411940358;3.816763401031494
jacques_glassmann;isaffiliatedto;tours_fc;jacques_glassmann;isaffiliatedto;fc_mulhouse;jacques_glassmann;wasbornin;mulhouse;0.74049586;1;0.99788386;2;0.9935254;2;0.5010896158850923;3.814864158630371
cheikh_gueye;isaffiliatedto;fc_metz;cheikh_gueye;playsfor;fc_metz;cheikh_gueye;isaffiliatedto;dynamo_dresden;0.9137045;1;0.99858814;2;0.8666392;3;1.5329394597318209;3.466494083404541
cheikh_gueye;isaffiliatedto;fc_metz;cheikh_gueye;isaffiliatedto;dynamo_dresden;cheikh_gueye;isaffiliatedto;f.c._metz;0.9137045;1;0.99858814;2;0.9462674;3;1.5130771966381216;3.2099192142486572
cheikh_gueye;isaffiliatedto;fc_metz;cheikh_gueye;isaffiliatedto;senegal_national_football_team;cheikh_gueye;isaffiliatedto;dynamo_dresden;0.9137045;1;0.99858814;2;0.9706178;3;1.506992137560117;3.1779942512512207
cheikh_gueye;isaffiliatedto;fc_metz;cheikh_gueye;isaffiliatedto;dynamo_dresden;cheikh_gueye;isaffiliatedto;us_rail;0.9137045;1;0.99858814;2;0.99967134;2;0.4997292012241018;3.1756136417388916
cheikh_gueye;isaffiliatedto;fc_metz;cheikh_gueye;isaffiliatedto;asc_diaraf;cheikh_gueye;isaffiliatedto;dynamo_dresden;0.9137045;1;0.99858814;2;0.99957234;2;0.499753952046228;3.220627546310425
cheikh_gueye;isaffiliatedto;fc_metz;cheikh_gueye;playsfor;dynamo_dresden;cheikh_gueye;isaffiliatedto;dynamo_dresden;0.9137045;1;0.99858814;2;0.99987733;2;0.4996777028291766;3.246633768081665
cheikh_gueye;isaffiliatedto;fc_metz;cheikh_gueye;playsfor;asc_diaraf;cheikh_gueye;isaffiliatedto;dynamo_dresden;0.9137045;1;0.99858814;2;0.99933666;2;0.4998128712264647;3.247866153717041
cheikh_gueye;isaffiliatedto;fc_metz;cheikh_gueye;hasgender;male;cheikh_gueye;isaffiliatedto;dynamo_dresden;0.9137045;1;0.99858814;2;0.9991935;2;0.49984866381153664;3.4061450958251953
cheikh_gueye;isaffiliatedto;fc_metz;cheikh_gueye;playsfor;fc_metz;cheikh_gueye;isaffiliatedto;f.c._metz;0.9137045;1;0.99858814;2;0.00029588546;1682;1680.7307226855496;3.24251389503479
baie-comeau_airport;isconnectedto;sept-îles_airport;sept-îles_airport;isconnectedto;baie-comeau_airport;baie-comeau_airport;isconnectedto;wabush_airport;0.92208433;1;0.99607015;2;0.94978744;5;3.5115686121517546;4.520474195480347
baie-comeau_airport;isconnectedto;sept-îles_airport;sept-îles_airport;isconnectedto;baie-comeau_airport;baie-comeau_airport;isconnectedto;mont-joli_airport;0.92208433;1;0.99607015;2;0.96491253;4;2.5077887731006547;4.376142740249634
baie-comeau_airport;isconnectedto;sept-îles_airport;sept-îles_airport;isconnectedto;baie-comeau_airport;baie-comeau_airport;isconnectedto;montréal/saint-hubert_airport;0.92208433;1;0.99607015;2;0.9339924;6;4.5155144582218485;4.596055269241333
baie-comeau_airport;isconnectedto;sept-îles_airport;sept-îles_airport;isconnectedto;baie-comeau_airport;baie-comeau_airport;isconnectedto;québec_city_jean_lesage_international_airport;0.92208433;1;0.99607015;2;0.97480077;5;3.5053171448126763;4.5929059982299805
baie-comeau_airport;isconnectedto;sept-îles_airport;baie-comeau_airport;isconnectedto;mont-joli_airport;baie-comeau_airport;isconnectedto;wabush_airport;0.92208433;1;0.99607015;2;0.99200165;3;1.5010171220577653;4.576402425765991
baie-comeau_airport;isconnectedto;sept-îles_airport;baie-comeau_airport;isconnectedto;montréal/saint-hubert_airport;baie-comeau_airport;isconnectedto;wabush_airport;0.92208433;1;0.99607015;2;0.96966344;5;3.5066012927514594;4.586179256439209
baie-comeau_airport;isconnectedto;sept-îles_airport;baie-comeau_airport;isconnectedto;québec_city_jean_lesage_international_airport;baie-comeau_airport;isconnectedto;wabush_airport;0.92208433;1;0.99607015;2;0.9935633;4;2.5006267127092863;4.480085849761963
baie-comeau_airport;isconnectedto;sept-îles_airport;baie-comeau_airport;isconnectedto;mont-joli_airport;baie-comeau_airport;isconnectedto;montréal/saint-hubert_airport;0.92208433;1;0.99607015;2;0.9863506;4;2.5024298685233552;4.505155324935913
baie-comeau_airport;isconnectedto;sept-îles_airport;baie-comeau_airport;isconnectedto;mont-joli_airport;baie-comeau_airport;isconnectedto;québec_city_jean_lesage_international_airport;0.92208433;1;0.99607015;2;0.9382177;5;3.5144590792187014;4.551039934158325
baie-comeau_airport;isconnectedto;sept-îles_airport;baie-comeau_airport;isconnectedto;québec_city_jean_lesage_international_airport;baie-comeau_airport;isconnectedto;montréal/saint-hubert_airport;0.92208433;1;0.99607015;2;0.9788695;5;3.504300056177966;4.798337936401367
baie-comeau_airport;isconnectedto;sept-îles_airport;sept-îles_airport;isconnectedto;baie-comeau_airport;havre_saint-pierre_airport;isconnectedto;baie-comeau_airport;0.92208433;1;0.99607015;2;0.97113085;2;0.5062345015220996;4.653148174285889
gujarat;islocatedin;gandhinagar;western_ghats;islocatedin;gujarat;banaskantha_district;islocatedin;gujarat;0.5957318;1;0.7083182;2;0.7032422;2;0.5012689950637197;7.800014972686768
gujarat;islocatedin;gandhinagar;gujarat;islocatedin;india;banaskantha_district;islocatedin;gujarat;0.5957318;1;0.7083182;2;0.3791317;2;0.5815614191386734;6.864993572235107
gujarat;islocatedin;gandhinagar;junagadh_district;islocatedin;gujarat;banaskantha_district;islocatedin;gujarat;0.5957318;1;0.7083182;2;0.59666044;2;0.5278854689640914;7.327091693878174
gujarat;islocatedin;gandhinagar;gujarat;islocatedin;india;western_ghats;islocatedin;gujarat;0.5957318;1;0.7083182;2;0.32798147;2;0.593954308763607;7.105518341064453
gujarat;islocatedin;gandhinagar;western_ghats;islocatedin;gujarat;junagadh_district;islocatedin;gujarat;0.5957318;1;0.7083182;2;0.62816733;2;0.5200269904358766;7.337549686431885
gujarat;islocatedin;gandhinagar;bhavnagar;islocatedin;gujarat;banaskantha_district;islocatedin;gujarat;0.5957318;1;0.7083182;2;0.7716994;2;0.4841599886626933;7.254846096038818
gujarat;islocatedin;gandhinagar;gujarat;islocatedin;india;junagadh_district;islocatedin;gujarat;0.5957318;1;0.7083182;2;0.44743767;2;0.5648527258933995;7.177762269973755
gujarat;islocatedin;gandhinagar;vadodara_district;islocatedin;gujarat;banaskantha_district;islocatedin;gujarat;0.5957318;1;0.7083182;2;0.55354524;2;0.5386161786239727;6.879089832305908
gujarat;islocatedin;gandhinagar;western_ghats;islocatedin;gujarat;bhavnagar;islocatedin;gujarat;0.5957318;1;0.7083182;2;0.8292332;2;0.4698080122595674;6.80035662651062
gujarat;islocatedin;gandhinagar;gujarat;islocatedin;india;bhavnagar;islocatedin;gujarat;0.5957318;1;0.7083182;2;0.36291113;2;0.5855033565080405;6.750591993331909
gujarat;islocatedin;gandhinagar;western_ghats;islocatedin;gujarat;vadodara_district;islocatedin;gujarat;0.5957318;1;0.7083182;2;0.6585121;2;0.5124489412593776;6.752005338668823
gujarat;islocatedin;gandhinagar;jamnagar_district;islocatedin;gujarat;banaskantha_district;islocatedin;gujarat;0.5957318;1;0.7083182;2;0.65074927;2;0.5143882533831458;7.0522565841674805
gujarat;islocatedin;gandhinagar;gandhinagar;islocatedin;gujarat;banaskantha_district;islocatedin;gujarat;0.5957318;1;0.7083182;2;0.5639037;2;0.536041004991755;7.718719959259033
gujarat;islocatedin;gandhinagar;junagadh_district;islocatedin;gujarat;bhavnagar;islocatedin;gujarat;0.5957318;1;0.7083182;2;0.5987385;2;0.5273675409492545;7.860047817230225
gujarat;islocatedin;gandhinagar;panchmahal_district;islocatedin;gujarat;banaskantha_district;islocatedin;gujarat;0.5957318;1;0.7083182;2;0.6997725;2;0.502136411182209;7.924514293670654
gujarat;islocatedin;gandhinagar;banaskantha_district;islocatedin;gujarat;anand_gujarat;islocatedin;gujarat;0.5957318;1;0.7083182;2;0.65287536;2;0.513857153065265;6.773736953735352
järva_county;islocatedin;paide;järva_county;hascapital;paide;paide;islocatedin;järva_county;0.5622096;1;0.7373545;2;0.05778402;5;3.6636428298394774;3.2765369415283203
järva_county;islocatedin;paide;järva_county;hascapital;paide;koigi_parish;islocatedin;järva_county;0.5622096;1;0.7373545;2;0.3620709;2;0.5927350697818925;3.2747952938079834
järva_county;islocatedin;paide;paide;islocatedin;järva_county;koigi_parish;islocatedin;järva_county;0.5622096;1;0.7373545;2;0.46430585;2;0.5678411951469216;3.5095624923706055
järva_county;islocatedin;paide;järva_county;hascapital;paide;türi;islocatedin;järva_county;0.5622096;1;0.7373545;2;0.34295154;2;0.5973421764320879;3.2690722942352295
järva_county;islocatedin;paide;paide;islocatedin;järva_county;türi;islocatedin;järva_county;0.5622096;1;0.7373545;2;0.5315834;2;0.5512620227251996;3.5746545791625977
järva_county;islocatedin;paide;järva_county;hascapital;paide;järva_county;islocatedin;estonia;0.5622096;1;0.7373545;2;0.016736524;2;0.6727430924679765;3.973930835723877
järva_county;islocatedin;paide;paide;islocatedin;järva_county;järva_county;islocatedin;estonia;0.5622096;1;0.7373545;2;0.27915028;2;0.6125880855000911;3.2720820903778076
järva_county;islocatedin;paide;türi;islocatedin;järva_county;koigi_parish;islocatedin;järva_county;0.5622096;1;0.7373545;2;0.71825033;2;0.5047759004259788;3.5059804916381836
järva_county;islocatedin;paide;järva_county;islocatedin;estonia;koigi_parish;islocatedin;järva_county;0.5622096;1;0.7373545;2;0.5823723;2;0.5386681841122585;3.2720866203308105
järva_county;islocatedin;paide;järva_county;islocatedin;estonia;türi;islocatedin;järva_county;0.5622096;1;0.7373545;2;0.7955471;2;0.48545595138941855;3.3131563663482666
kostas_chalkias;playsfor;real_murcia;kostas_chalkias;isaffiliatedto;real_murcia;kostas_chalkias;isaffiliatedto;real_murcia_c.f.;0.8414569;1;0.9693774;2;0.0004586708;225;223.72490392743427;4.796436548233032
paíto;playsfor;sporting_clube_de_portugal;paíto;isaffiliatedto;sporting_clube_de_portugal;paíto;playsfor;s.c._braga;0.8967926;1;0.98810554;2;0.14372553;5;3.699386896396124;4.429163932800293
paíto;playsfor;sporting_clube_de_portugal;paíto;isaffiliatedto;sporting_clube_de_portugal;paíto;playsfor;sporting_clube_de_portugal_b;0.8967926;1;0.98810554;2;0.1872384;5;3.6901599402814074;4.477685213088989
paíto;playsfor;sporting_clube_de_portugal;paíto;isaffiliatedto;sporting_clube_de_portugal;paíto;playsfor;vitória_s.c.;0.8967926;1;0.98810554;2;0.19112173;6;4.689328925436932;4.403113126754761
paíto;playsfor;sporting_clube_de_portugal;paíto;isaffiliatedto;sporting_clube_de_portugal;paíto;playsfor;rcd_mallorca;0.8967926;1;0.98810554;2;0.2013307;4;2.687138401466373;4.499536037445068
paíto;playsfor;sporting_clube_de_portugal;paíto;isaffiliatedto;sporting_clube_de_portugal;paíto;playsfor;skoda_xanthi_f.c.;0.8967926;1;0.98810554;2;0.7103209;4;2.569003016813537;4.573688268661499
paíto;playsfor;sporting_clube_de_portugal;paíto;playsfor;s.c._braga;paíto;playsfor;sporting_clube_de_portugal_b;0.8967926;1;0.98810554;2;0.96022266;4;2.506970266919973;4.652914524078369
paíto;playsfor;sporting_clube_de_portugal;paíto;playsfor;s.c._braga;paíto;playsfor;vitória_s.c.;0.8967926;1;0.98810554;2;0.97898155;2;0.5022809794260401;4.6503376960754395
paíto;playsfor;sporting_clube_de_portugal;paíto;playsfor;s.c._braga;paíto;playsfor;rcd_mallorca;0.8967926;1;0.98810554;2;0.9823399;3;1.5014414002304848;4.6528449058532715
paíto;playsfor;sporting_clube_de_portugal;paíto;playsfor;skoda_xanthi_f.c.;paíto;playsfor;s.c._braga;0.8967926;1;0.98810554;2;0.97906494;3;1.5022601331314278;4.63503098487854
paíto;playsfor;sporting_clube_de_portugal;paíto;playsfor;vitória_s.c.;paíto;playsfor;sporting_clube_de_portugal_b;0.8967926;1;0.98810554;2;0.9501287;4;2.5094930743349195;4.638265371322632
paíto;playsfor;sporting_clube_de_portugal;paíto;playsfor;rcd_mallorca;paíto;playsfor;sporting_clube_de_portugal_b;0.8967926;1;0.98810554;2;0.95995104;3;1.5070381581861052;4.634814977645874
paíto;playsfor;sporting_clube_de_portugal;paíto;playsfor;skoda_xanthi_f.c.;paíto;playsfor;sporting_clube_de_portugal_b;0.8967926;1;0.98810554;2;0.8986875;4;2.522339630515873;4.590128183364868
lamin_conteh;playsfor;sierra_leone_national_football_team;lamin_conteh;isaffiliatedto;sierra_leone_national_football_team;lamin_conteh;playsfor;perlis_fa;0.80243766;1;0.98360264;2;0.09558071;13;11.708481803045368;4.828882932662964
carlos_trucco;playsfor;oriente_petrolero;carlos_trucco;isaffiliatedto;oriente_petrolero;carlos_trucco;playsfor;c.f._pachuca;0.9345929;1;0.9968362;2;0.8818475;3;1.5287155374463461;4.436492681503296
carlos_trucco;playsfor;oriente_petrolero;carlos_trucco;hasgender;male;carlos_trucco;playsfor;c.f._pachuca;0.9345929;1;0.9968362;2;0.99734664;3;1.4998723864583068;4.436901092529297
carlos_trucco;playsfor;oriente_petrolero;carlos_trucco;playsfor;c.f._pachuca;carlos_trucco;isaffiliatedto;c.f._pachuca;0.9345929;1;0.9968362;2;0.997544;2;0.49982304871821054;4.521375417709351
carlos_trucco;playsfor;oriente_petrolero;carlos_trucco;isaffiliatedto;deportivo_cali;carlos_trucco;playsfor;c.f._pachuca;0.9345929;1;0.9968362;2;0.9979079;2;0.4997320771473776;4.494048357009888
carlos_trucco;playsfor;oriente_petrolero;carlos_trucco;playsfor;c.f._pachuca;carlos_trucco;isaffiliatedto;club_atlético_vélez_sarsfield;0.9345929;1;0.9968362;2;0.998209;2;0.49965679650928396;4.489774227142334
carlos_trucco;playsfor;oriente_petrolero;carlos_trucco;isaffiliatedto;bolivia_national_football_team;carlos_trucco;playsfor;c.f._pachuca;0.9345929;1;0.9968362;2;0.99646914;2;0.5000917613496015;4.485729932785034
carlos_trucco;playsfor;oriente_petrolero;carlos_trucco;isaffiliatedto;unión_de_santa_fe;carlos_trucco;playsfor;c.f._pachuca;0.9345929;1;0.9968362;2;0.9971528;2;0.4999208450323996;4.517541885375977
carlos_trucco;playsfor;oriente_petrolero;carlos_trucco;playsfor;estudiantes_de_río_cuarto;carlos_trucco;playsfor;c.f._pachuca;0.9345929;1;0.9968362;2;0.99488837;3;1.5004869548926947;4.522305011749268
carlos_trucco;playsfor;oriente_petrolero;carlos_trucco;playsfor;unión_de_santa_fe;carlos_trucco;playsfor;c.f._pachuca;0.9345929;1;0.9968362;2;0.9966719;2;0.5000410676001579;4.527586460113525
carlos_trucco;playsfor;oriente_petrolero;carlos_trucco;isaffiliatedto;estudiantes_de_río_cuarto;carlos_trucco;playsfor;c.f._pachuca;0.9345929;1;0.9968362;2;0.99236876;2;0.5011168550751329;4.533034086227417
carlos_trucco;playsfor;oriente_petrolero;carlos_trucco;playsfor;bolivia_national_football_team;carlos_trucco;playsfor;c.f._pachuca;0.9345929;1;0.9968362;2;0.99677306;2;0.5000157803296991;4.500221490859985
lionel_ainsworth;playsfor;wycombe_wanderers_f.c.;lionel_ainsworth;isaffiliatedto;wycombe_wanderers_f.c.;lionel_ainsworth;playsfor;watford_f.c.;0.82275844;1;0.9954399;2;0.6287635;4;2.590655633666979;6.192010879516602
lionel_ainsworth;playsfor;wycombe_wanderers_f.c.;lionel_ainsworth;isaffiliatedto;wycombe_wanderers_f.c.;lionel_ainsworth;playsfor;motherwell_f.c.;0.82275844;1;0.9954399;2;0.6004492;3;1.5974835250231183;6.1333935260772705
lionel_ainsworth;playsfor;wycombe_wanderers_f.c.;lionel_ainsworth;isaffiliatedto;wycombe_wanderers_f.c.;lionel_ainsworth;isaffiliatedto;aldershot_town_f.c.;0.82275844;1;0.9954399;2;0.32781863;10;8.660970313929884;6.228283882141113
evgheni_hmaruc;playsfor;fc_dinamo-auto_tiraspol;evgheni_hmaruc;playsfor;fc_rapid_ghidighici;evgheni_hmaruc;isaffiliatedto;fc_dynamo_saint_petersburg;0.6816587;1;0.9241256;2;0.9208102;3;1.5008288465298756;5.453091144561768
evgheni_hmaruc;playsfor;fc_dinamo-auto_tiraspol;evgheni_hmaruc;isaffiliatedto;fc_dinamo-auto_tiraspol;evgheni_hmaruc;playsfor;fc_rapid_ghidighici;0.6816587;1;0.9241256;2;0.630264;4;2.572941259358486;5.395760774612427
evgheni_hmaruc;playsfor;fc_dinamo-auto_tiraspol;evgheni_hmaruc;isaffiliatedto;fc_dinamo-auto_tiraspol;evgheni_hmaruc;isaffiliatedto;fc_dynamo_saint_petersburg;0.6816587;1;0.9241256;2;0.7606339;3;1.540782131274285;5.31801176071167
evgheni_hmaruc;playsfor;fc_dinamo-auto_tiraspol;evgheni_hmaruc;playsfor;moldova_national_under-21_football_team;evgheni_hmaruc;playsfor;fc_rapid_ghidighici;0.6816587;1;0.9241256;2;0.87437665;4;2.5124346747861477;5.816540718078613
evgheni_hmaruc;playsfor;fc_dinamo-auto_tiraspol;evgheni_hmaruc;playsfor;fc_rapid_ghidighici;evgheni_hmaruc;playsfor;fc_nistru_otaci;0.6816587;1;0.9241256;2;0.9269762;4;2.4992873524484778;5.691451787948608
evgheni_hmaruc;playsfor;fc_dinamo-auto_tiraspol;evgheni_hmaruc;playsfor;moldova_national_under-21_football_team;evgheni_hmaruc;isaffiliatedto;fc_dynamo_saint_petersburg;0.6816587;1;0.9241256;2;0.89805657;3;1.5065168922002155;5.528647422790527
evgheni_hmaruc;playsfor;fc_dinamo-auto_tiraspol;evgheni_hmaruc;playsfor;fc_nistru_otaci;evgheni_hmaruc;isaffiliatedto;fc_dynamo_saint_petersburg;0.6816587;1;0.9241256;2;0.94739825;3;1.4941821041980239;5.464476823806763
evgheni_hmaruc;playsfor;fc_dinamo-auto_tiraspol;evgheni_hmaruc;playsfor;fc_chernomorets_novorossiysk;evgheni_hmaruc;playsfor;fc_rapid_ghidighici;0.6816587;1;0.9241256;2;0.8473942;4;2.5191734395763667;5.479466915130615
evgheni_hmaruc;playsfor;fc_dinamo-auto_tiraspol;evgheni_hmaruc;isaffiliatedto;fc_dinamo-auto_tiraspol;evgheni_hmaruc;playsfor;moldova_national_under-21_football_team;0.6816587;1;0.9241256;2;0.6994573;4;2.555932010674611;5.509588718414307
evgheni_hmaruc;playsfor;fc_dinamo-auto_tiraspol;evgheni_hmaruc;playsfor;fc_tiraspol;evgheni_hmaruc;playsfor;fc_rapid_ghidighici;0.6816587;1;0.9241256;2;0.90962714;4;2.503624554561824;5.632319211959839
evgheni_hmaruc;playsfor;fc_dinamo-auto_tiraspol;evgheni_hmaruc;isaffiliatedto;fc_dinamo-auto_tiraspol;evgheni_hmaruc;playsfor;fc_nistru_otaci;0.6816587;1;0.9241256;2;0.7879819;3;1.5339834467483695;5.574180603027344
terry_boss;playsfor;cascade_surge;terry_boss;isaffiliatedto;cascade_surge;terry_boss;playsfor;vermont_voltage;0.8830545;1;0.9292485;2;0.46105257;4;2.6149566719876156;4.65538477897644
terry_boss;playsfor;cascade_surge;terry_boss;isaffiliatedto;cascade_surge;terry_boss;playsfor;fort_wayne_fever;0.8830545;1;0.9292485;2;0.51238674;3;1.602732056259344;4.602294445037842
terry_boss;playsfor;cascade_surge;terry_boss;isaffiliatedto;cascade_surge;terry_boss;playsfor;tulsa_golden_hurricane_men's_soccer;0.8830545;1;0.9292485;2;0.37364966;3;1.635433589973054;4.682347297668457
terry_boss;playsfor;cascade_surge;terry_boss;isaffiliatedto;cascade_surge;terry_boss;playsfor;charlotte_eagles;0.8830545;1;0.9292485;2;0.33399564;4;2.644569488602427;4.684369802474976
terry_boss;playsfor;cascade_surge;terry_boss;isaffiliatedto;cascade_surge;terry_boss;playsfor;seattle_sounders_fc;0.8830545;1;0.9292485;2;0.7275428;3;1.5502561489087174;4.683381080627441
terry_boss;playsfor;cascade_surge;terry_boss;isaffiliatedto;cascade_surge;terry_boss;playsfor;puerto_rico_national_football_team;0.8830545;1;0.9292485;2;0.5312767;3;1.5982002680206775;4.689955711364746
terry_boss;playsfor;cascade_surge;terry_boss;isaffiliatedto;cascade_surge;terry_boss;playsfor;puerto_rico_islanders;0.8830545;1;0.9292485;2;0.36584342;5;3.6372400472514537;4.688008546829224
terry_boss;playsfor;cascade_surge;terry_boss;isaffiliatedto;cascade_surge;terry_boss;playsfor;new_york_red_bulls;0.8830545;1;0.9292485;2;0.47873712;3;1.6107608160321183;4.7200703620910645
terry_boss;playsfor;cascade_surge;terry_boss;playsfor;vermont_voltage;terry_boss;playsfor;fort_wayne_fever;0.8830545;1;0.9292485;2;0.9555838;3;1.4934165557363765;4.724884986877441
terry_boss;playsfor;cascade_surge;terry_boss;playsfor;tulsa_golden_hurricane_men's_soccer;terry_boss;playsfor;vermont_voltage;0.8830545;1;0.9292485;2;0.91354054;4;2.5039269116727634;4.635615110397339
terry_boss;playsfor;cascade_surge;terry_boss;playsfor;vermont_voltage;terry_boss;playsfor;charlotte_eagles;0.8830545;1;0.9292485;2;0.97039604;4;2.4897145686444646;4.628023386001587
terry_boss;playsfor;cascade_surge;terry_boss;playsfor;vermont_voltage;terry_boss;playsfor;seattle_sounders_fc;0.8830545;1;0.9292485;2;0.96268976;3;1.4916404676470392;4.606595039367676
terry_boss;playsfor;cascade_surge;terry_boss;playsfor;vermont_voltage;terry_boss;playsfor;puerto_rico_national_football_team;0.8830545;1;0.9292485;2;0.94729745;4;2.495487886967514;4.761912107467651
terry_boss;playsfor;cascade_surge;terry_boss;playsfor;puerto_rico_islanders;terry_boss;playsfor;vermont_voltage;0.8830545;1;0.9292485;2;0.9806317;4;2.4871570262523246;4.6818389892578125
antonio_sabato_(footballer);playsfor;u.s._sambenedettese_1923;antonio_sabato_(footballer);isaffiliatedto;u.s._sambenedettese_1923;antonio_sabato_(footballer);playsfor;u.s._catanzaro_1929;0.91716325;1;0.99283457;2;0.009013262;42;40.72786579383703;3.250758647918701
john_nutter;playsfor;wycombe_wanderers_f.c.;john_nutter;isaffiliatedto;wycombe_wanderers_f.c.;john_nutter;playsfor;stevenage_f.c.;0.78115726;1;0.99043965;2;0.12939073;10;8.702879760715753;4.59230637550354
bonni_ginzburg;playsfor;beitar_jerusalem_f.c.;bonni_ginzburg;playsfor;maccabi_ironi_ashdod_f.c.;bonni_ginzburg;playsfor;hapoel_ashkelon_f.c.;0.9232859;1;0.99534863;2;0.9730665;5;3.5055703004253806;6.0059638023376465
bonni_ginzburg;playsfor;beitar_jerusalem_f.c.;bonni_ginzburg;playsfor;maccabi_ironi_ashdod_f.c.;bonni_ginzburg;playsfor;rangers_f.c.;0.9232859;1;0.99534863;2;0.9815181;2;0.5034575805263142;6.00894570350647
bonni_ginzburg;playsfor;beitar_jerusalem_f.c.;bonni_ginzburg;playsfor;hapoel_ashkelon_f.c.;bonni_ginzburg;playsfor;rangers_f.c.;0.9232859;1;0.99534863;2;0.98905843;2;0.5015725441580959;5.965240955352783
bonni_ginzburg;playsfor;beitar_jerusalem_f.c.;bonni_ginzburg;isaffiliatedto;beitar_jerusalem_f.c.;bonni_ginzburg;playsfor;maccabi_ironi_ashdod_f.c.;0.9232859;1;0.99534863;2;0.60386777;7;5.596639136052641;5.914033651351929
tony_jantschke;playsfor;germany_national_youth_football_team;tony_jantschke;isaffiliatedto;germany_national_youth_football_team;tony_jantschke;playsfor;borussia_mönchengladbach;0.9426915;1;0.99688965;2;0.7728662;7;5.555772806656681;3.6890790462493896
saša_radivojević;playsfor;fk_radnički_beograd;saša_radivojević;isaffiliatedto;fk_radnički_beograd;saša_radivojević;playsfor;pelita_bandung_raya;0.9011976;1;0.9859065;2;0.2723917;5;3.6711773375211934;4.409206867218018
saša_radivojević;playsfor;fk_radnički_beograd;saša_radivojević;isaffiliatedto;fk_radnički_beograd;saša_radivojević;playsfor;pegah_f.c.;0.9011976;1;0.9859065;2;0.22846177;10;8.680798702140885;4.362156867980957
vitālijs_astafjevs;playsfor;jfk_olimps;vitālijs_astafjevs;isaffiliatedto;jfk_olimps;vitālijs_astafjevs;isaffiliatedto;sk_admira_wien;0.92579395;1;0.9961591;2;0.8706133;4;2.5313452893656554;4.441734313964844
vitālijs_astafjevs;playsfor;jfk_olimps;vitālijs_astafjevs;isaffiliatedto;jfk_olimps;vitālijs_astafjevs;playsfor;skonto_fc;0.92579395;1;0.9961591;2;0.5149463;7;5.618034217669974;4.459897756576538
patrick_mayo;playsfor;bay_united_f.c.;patrick_mayo;isaffiliatedto;bay_united_f.c.;patrick_mayo;playsfor;bush_bucks_f.c._(1957);0.768306;1;0.97065735;2;0.60276383;4;2.590949879986544;3.9431545734405518
patrick_mayo;playsfor;bay_united_f.c.;patrick_mayo;isaffiliatedto;bay_united_f.c.;patrick_mayo;playsfor;south_africa_national_football_team;0.768306;1;0.97065735;2;0.7046465;3;1.5661133064175945;3.8520758152008057
patrick_mayo;playsfor;bay_united_f.c.;patrick_mayo;isaffiliatedto;bay_united_f.c.;patrick_mayo;playsfor;supersport_united_f.c.;0.768306;1;0.97065735;2;0.7819418;3;1.5470393737420003;3.9053618907928467
patrick_mayo;playsfor;bay_united_f.c.;patrick_mayo;isaffiliatedto;bay_united_f.c.;patrick_mayo;playsfor;kaizer_chiefs_f.c.;0.768306;1;0.97065735;2;0.6446247;4;2.5807937447320457;3.8641300201416016
patrick_mayo;playsfor;bay_united_f.c.;patrick_mayo;isaffiliatedto;bay_united_f.c.;patrick_mayo;playsfor;thanda_royal_zulu_f.c.;0.768306;1;0.97065735;2;0.7251595;3;1.5610680532058563;3.8181214332580566
patrick_mayo;playsfor;bay_united_f.c.;patrick_mayo;playsfor;bush_bucks_f.c._(1957);patrick_mayo;playsfor;south_africa_national_football_team;0.768306;1;0.97065735;2;0.978365;3;1.4980730956819839;3.8761146068573
patrick_mayo;playsfor;bay_united_f.c.;patrick_mayo;playsfor;supersport_united_f.c.;patrick_mayo;playsfor;bush_bucks_f.c._(1957);0.768306;1;0.97065735;2;0.9681618;4;2.5006238814930875;3.8739676475524902
patrick_mayo;playsfor;bay_united_f.c.;patrick_mayo;playsfor;supersport_united_f.c.;patrick_mayo;playsfor;south_africa_national_football_team;0.768306;1;0.97065735;2;0.9907246;4;2.494983349704799;3.8730902671813965
patrick_mayo;playsfor;bay_united_f.c.;patrick_mayo;playsfor;bush_bucks_f.c._(1957);patrick_mayo;playsfor;kaizer_chiefs_f.c.;0.768306;1;0.97065735;2;0.98990285;3;1.4951887721681927;3.8796603679656982
patrick_mayo;playsfor;bay_united_f.c.;patrick_mayo;playsfor;bush_bucks_f.c._(1957);patrick_mayo;playsfor;thanda_royal_zulu_f.c.;0.768306;1;0.97065735;2;0.9841171;4;2.496635115282384;4.021310091018677
patrick_mayo;playsfor;bay_united_f.c.;patrick_mayo;playsfor;south_africa_national_football_team;patrick_mayo;playsfor;kaizer_chiefs_f.c.;0.768306;1;0.97065735;2;0.9821047;4;2.4971381887383703;3.9175310134887695
patrick_mayo;playsfor;bay_united_f.c.;patrick_mayo;playsfor;thanda_royal_zulu_f.c.;patrick_mayo;playsfor;south_africa_national_football_team;0.768306;1;0.97065735;2;0.96238726;4;2.5020675094306766;3.738887310028076
patrick_mayo;playsfor;bay_united_f.c.;patrick_mayo;playsfor;supersport_united_f.c.;patrick_mayo;playsfor;kaizer_chiefs_f.c.;0.768306;1;0.97065735;2;0.9912826;4;2.4948438743709187;3.8803062438964844
patrick_mayo;playsfor;bay_united_f.c.;patrick_mayo;playsfor;supersport_united_f.c.;patrick_mayo;playsfor;thanda_royal_zulu_f.c.;0.768306;1;0.97065735;2;0.9773876;4;2.4983174417349416;3.8722569942474365
maniche;playsfor;fc_dynamo_moscow;maniche;isaffiliatedto;fc_dynamo_moscow;maniche;playsfor;chelsea_f.c.;0.6556437;1;0.9409759;2;0.43181396;3;1.6246099952485151;4.838266611099243
maniche;playsfor;fc_dynamo_moscow;maniche;isaffiliatedto;fc_dynamo_moscow;maniche;playsfor;s.l._benfica;0.6556437;1;0.9409759;2;0.34792933;3;1.6440638590926868;5.105236291885376
maniche;playsfor;fc_dynamo_moscow;maniche;isaffiliatedto;fc_dynamo_moscow;maniche;playsfor;sporting_clube_de_portugal;0.6556437;1;0.9409759;2;0.4910335;4;2.6106255413216286;5.09864616394043
maniche;playsfor;fc_dynamo_moscow;maniche;isaffiliatedto;fc_dynamo_moscow;maniche;playsfor;atlético_madrid;0.6556437;1;0.9409759;2;0.03039896;27;25.713118207926417;5.0154869556427
gonzalo_novoa;playsfor;club_universidad_de_chile;gonzalo_novoa;isaffiliatedto;club_universidad_de_chile;gonzalo_novoa;playsfor;deportes_temuco;0.92602146;1;0.99972636;2;0.34249282;3;1.6586386672165512;3.725756883621216
gonzalo_novoa;playsfor;club_universidad_de_chile;gonzalo_novoa;isaffiliatedto;club_universidad_de_chile;gonzalo_novoa;playsfor;deportes_valdivia;0.92602146;1;0.99972636;2;0.05347274;8;6.720361122496646;3.4966981410980225
philip_wadler;worksat;carnegie_mellon_university;philip_wadler;graduatedfrom;carnegie_mellon_university;philip_wadler;worksat;stanford_university;0.8959772;1;0.98172784;2;0.73129565;3;1.5622828755219724;3.781280755996704
philip_wadler;worksat;carnegie_mellon_university;philip_wadler;graduatedfrom;carnegie_mellon_university;philip_wadler;hasgender;male;0.8959772;1;0.98172784;2;0.36538824;2;0.6493855825380538;3.4320671558380127
philip_wadler;worksat;carnegie_mellon_university;philip_wadler;graduatedfrom;carnegie_mellon_university;philip_wadler;worksat;university_of_sydney;0.8959772;1;0.98172784;2;0.41397658;4;2.638244134944163;3.8960936069488525
philip_wadler;worksat;carnegie_mellon_university;philip_wadler;graduatedfrom;carnegie_mellon_university;philip_wadler;worksat;chalmers_university_of_technology;0.8959772;1;0.98172784;2;0.18093343;7;5.690144390178941;3.865658760070801
leonard_eugene_dickson;worksat;university_of_chicago;leonard_eugene_dickson;graduatedfrom;university_of_chicago;leonard_eugene_dickson;wasbornin;independence_iowa;0.9911669;1;0.9974227;2;0.939295;2;0.5145278349609961;3.8339788913726807
leonard_eugene_dickson;worksat;university_of_chicago;leonard_eugene_dickson;graduatedfrom;university_of_chicago;leonard_eugene_dickson;hasacademicadvisor;e._h._moore;0.9911669;1;0.9974227;2;0.95211726;2;0.5113244207632951;3.7923145294189453
leonard_eugene_dickson;worksat;university_of_chicago;leonard_eugene_dickson;graduatedfrom;university_of_chicago;abraham_adrian_albert;hasacademicadvisor;leonard_eugene_dickson;0.9911669;1;0.9974227;2;0.9073125;2;0.5225123147093975;4.055140495300293
leonard_eugene_dickson;worksat;university_of_chicago;leonard_eugene_dickson;graduatedfrom;university_of_chicago;alexander_oppenheim;hasacademicadvisor;leonard_eugene_dickson;0.9911669;1;0.9974227;2;0.97433;2;0.5057729152401733;3.953533887863159
leonard_eugene_dickson;worksat;university_of_chicago;leonard_eugene_dickson;graduatedfrom;university_of_chicago;leonard_eugene_dickson;haswonprize;newcomb_cleveland_prize;0.9911669;1;0.9974227;2;0.6862641;2;0.5771680364109086;3.831714153289795
leonard_eugene_dickson;worksat;university_of_chicago;leonard_eugene_dickson;graduatedfrom;university_of_chicago;leonard_eugene_dickson;iscitizenof;united_states;0.9911669;1;0.9974227;2;0.74662125;2;0.5623737537429461;3.831707715988159
leonard_eugene_dickson;worksat;university_of_chicago;leonard_eugene_dickson;graduatedfrom;university_of_chicago;leonard_eugene_dickson;hasgender;male;0.9911669;1;0.9974227;2;0.92473614;2;0.5181636419040501;3.8651764392852783
leonard_eugene_dickson;worksat;university_of_chicago;leonard_eugene_dickson;graduatedfrom;university_of_chicago;leonard_eugene_dickson;diedin;harlingen_texas;0.9911669;1;0.9974227;2;0.96485037;2;0.5081423623827092;3.81897234916687
leonard_eugene_dickson;worksat;university_of_chicago;leonard_eugene_dickson;hasacademicadvisor;e._h._moore;leonard_eugene_dickson;wasbornin;independence_iowa;0.9911669;1;0.9974227;2;0.9992472;2;0.49954387558238506;3.8528695106506348
leonard_eugene_dickson;worksat;university_of_chicago;abraham_adrian_albert;hasacademicadvisor;leonard_eugene_dickson;leonard_eugene_dickson;wasbornin;independence_iowa;0.9911669;1;0.9974227;2;0.9997166;2;0.49942652906291735;3.9690263271331787
leonard_eugene_dickson;worksat;university_of_chicago;abraham_adrian_albert;hasacademicadvisor;leonard_eugene_dickson;leonard_eugene_dickson;hasacademicadvisor;e._h._moore;0.9911669;1;0.9974227;2;0.99667704;2;0.5001864135178978;3.9966917037963867
leonard_eugene_dickson;worksat;university_of_chicago;alexander_oppenheim;hasacademicadvisor;leonard_eugene_dickson;leonard_eugene_dickson;wasbornin;independence_iowa;0.9911669;1;0.9974227;2;0.99972945;2;0.4994233104163573;4.064031600952148
leonard_eugene_dickson;worksat;university_of_chicago;leonard_eugene_dickson;wasbornin;independence_iowa;leonard_eugene_dickson;haswonprize;newcomb_cleveland_prize;0.9911669;1;0.9974227;2;0.99982774;2;0.49939873843564897;3.8420958518981934
leonard_eugene_dickson;worksat;university_of_chicago;leonard_eugene_dickson;iscitizenof;united_states;leonard_eugene_dickson;wasbornin;independence_iowa;0.9911669;1;0.9974227;2;0.9989951;2;0.4996068925475428;3.8859100341796875
leonard_eugene_dickson;worksat;university_of_chicago;leonard_eugene_dickson;hasacademicadvisor;e._h._moore;alexander_oppenheim;hasacademicadvisor;leonard_eugene_dickson;0.9911669;1;0.9974227;2;0.99704236;2;0.5000950843084316;4.036081790924072
leonard_eugene_dickson;worksat;university_of_chicago;leonard_eugene_dickson;wasbornin;independence_iowa;leonard_eugene_dickson;hasgender;male;0.9911669;1;0.9974227;2;0.99932075;2;0.4995254875653995;3.870306968688965
leonard_eugene_dickson;worksat;university_of_chicago;leonard_eugene_dickson;diedin;harlingen_texas;leonard_eugene_dickson;wasbornin;independence_iowa;0.9911669;1;0.9974227;2;0.9995876;2;0.4994587751356624;3.8120625019073486
leonard_eugene_dickson;worksat;university_of_chicago;leonard_eugene_dickson;hasacademicadvisor;e._h._moore;leonard_eugene_dickson;haswonprize;newcomb_cleveland_prize;0.9911669;1;0.9974227;2;0.9983222;2;0.49977512659158546;3.818650722503662
leonard_eugene_dickson;worksat;university_of_chicago;leonard_eugene_dickson;iscitizenof;united_states;leonard_eugene_dickson;hasacademicadvisor;e._h._moore;0.9911669;1;0.9974227;2;0.99777716;2;0.49991138279530817;3.808396577835083
leonard_eugene_dickson;worksat;university_of_chicago;leonard_eugene_dickson;hasacademicadvisor;e._h._moore;leonard_eugene_dickson;hasgender;male;0.9911669;1;0.9974227;2;0.99731195;2;0.5000276863574699;3.8890318870544434
leonard_eugene_dickson;worksat;university_of_chicago;leonard_eugene_dickson;hasacademicadvisor;e._h._moore;leonard_eugene_dickson;diedin;harlingen_texas;0.9911669;1;0.9974227;2;0.9997212;2;0.49942536677387633;3.8524181842803955
leonard_eugene_dickson;worksat;university_of_chicago;abraham_adrian_albert;hasacademicadvisor;leonard_eugene_dickson;alexander_oppenheim;hasacademicadvisor;leonard_eugene_dickson;0.9911669;1;0.9974227;2;0.9976419;2;0.4999451935293486;3.9752955436706543
leonard_eugene_dickson;worksat;university_of_chicago;abraham_adrian_albert;hasacademicadvisor;leonard_eugene_dickson;leonard_eugene_dickson;haswonprize;newcomb_cleveland_prize;0.9911669;1;0.9974227;2;0.99980944;2;0.49940331308557045;3.9599475860595703
toyah_willcox;wrotemusicfor;jubilee_(1978_film);toyah_willcox;actedin;jubilee_(1978_film);toyah_willcox;actedin;the_tempest_(1979_film);0.8847955;1;0.96512425;2;0.0057262;30;28.723001264762317;3.746885061264038
